task,dataset,seed,fold,projection_count,projected_columns,k,n_features_selected,downstream_model,accuracy,f1,f1_macro,balanced_accuracy,roc_auc,auc
classification,wine,0,0,5,10,5,5,lr,0.9166666666666666,0.9157848324514992,0.9193121693121692,0.9246031746031744,0.99631734006734,0.99631734006734
classification,wine,0,0,5,10,5,5,svm,0.9444444444444444,0.9444444444444444,0.9484126984126984,0.9484126984126984,0.9950547138047138,0.9950547138047138
classification,wine,0,0,5,10,5,5,knn,0.9722222222222222,0.9722633744855966,0.974320987654321,0.9761904761904764,0.976746632996633,0.976746632996633
classification,wine,0,0,5,10,10,10,lr,0.9444444444444444,0.9435246235246236,0.9451526251526252,0.9523809523809524,0.9975799663299664,0.9975799663299664
classification,wine,0,0,5,10,10,10,svm,1.0,1.0,1.0,1.0,1.0,1.0
classification,wine,0,0,5,10,10,10,knn,0.9722222222222222,0.9722633744855966,0.974320987654321,0.9761904761904764,1.0,1.0
classification,wine,0,0,5,10,13,13,lr,1.0,1.0,1.0,1.0,1.0,1.0
classification,wine,0,0,5,10,13,13,svm,1.0,1.0,1.0,1.0,1.0,1.0
classification,wine,0,0,5,10,13,13,knn,0.9444444444444444,0.9435246235246236,0.9451526251526252,0.9523809523809524,0.9785353535353536,0.9785353535353536
classification,wine,0,0,10,20,5,5,lr,0.9166666666666666,0.9157848324514992,0.9193121693121692,0.9246031746031744,0.99631734006734,0.99631734006734
classification,wine,0,0,10,20,5,5,svm,0.9444444444444444,0.9444444444444444,0.9484126984126984,0.9484126984126984,0.9950547138047138,0.9950547138047138
classification,wine,0,0,10,20,5,5,knn,0.9722222222222222,0.9722633744855966,0.974320987654321,0.9761904761904764,0.976746632996633,0.976746632996633
classification,wine,0,0,10,20,10,10,lr,0.9444444444444444,0.9435246235246236,0.9451526251526252,0.9523809523809524,0.9975799663299664,0.9975799663299664
classification,wine,0,0,10,20,10,10,svm,1.0,1.0,1.0,1.0,1.0,1.0
classification,wine,0,0,10,20,10,10,knn,0.9722222222222222,0.9722633744855966,0.974320987654321,0.9761904761904764,1.0,1.0
classification,wine,0,0,10,20,13,13,lr,1.0,1.0,1.0,1.0,1.0,1.0
classification,wine,0,0,10,20,13,13,svm,1.0,1.0,1.0,1.0,1.0,1.0
classification,wine,0,0,10,20,13,13,knn,0.9444444444444444,0.9435246235246236,0.9451526251526252,0.9523809523809524,0.9785353535353536,0.9785353535353536
classification,wine,0,0,20,40,5,5,lr,0.9166666666666666,0.9157848324514992,0.9193121693121692,0.9246031746031744,0.99631734006734,0.99631734006734
classification,wine,0,0,20,40,5,5,svm,0.9444444444444444,0.9444444444444444,0.9484126984126984,0.9484126984126984,0.9950547138047138,0.9950547138047138
classification,wine,0,0,20,40,5,5,knn,0.9722222222222222,0.9722633744855966,0.974320987654321,0.9761904761904764,0.976746632996633,0.976746632996633
classification,wine,0,0,20,40,10,10,lr,0.9444444444444444,0.9435246235246236,0.9451526251526252,0.9523809523809524,0.9975799663299664,0.9975799663299664
classification,wine,0,0,20,40,10,10,svm,1.0,1.0,1.0,1.0,1.0,1.0
classification,wine,0,0,20,40,10,10,knn,0.9722222222222222,0.9722633744855966,0.974320987654321,0.9761904761904764,1.0,1.0
classification,wine,0,0,20,40,13,13,lr,1.0,1.0,1.0,1.0,1.0,1.0
classification,wine,0,0,20,40,13,13,svm,1.0,1.0,1.0,1.0,1.0,1.0
classification,wine,0,0,20,40,13,13,knn,0.9444444444444444,0.9435246235246236,0.9451526251526252,0.9523809523809524,0.9785353535353536,0.9785353535353536
classification,wine,0,0,40,80,5,5,lr,0.9166666666666666,0.9157848324514992,0.9193121693121692,0.9246031746031744,0.99631734006734,0.99631734006734
classification,wine,0,0,40,80,5,5,svm,0.9444444444444444,0.9444444444444444,0.9484126984126984,0.9484126984126984,0.9950547138047138,0.9950547138047138
classification,wine,0,0,40,80,5,5,knn,0.9722222222222222,0.9722633744855966,0.974320987654321,0.9761904761904764,0.976746632996633,0.976746632996633
classification,wine,0,0,40,80,10,10,lr,0.9444444444444444,0.9435246235246236,0.9451526251526252,0.9523809523809524,0.9975799663299664,0.9975799663299664
classification,wine,0,0,40,80,10,10,svm,1.0,1.0,1.0,1.0,1.0,1.0
classification,wine,0,0,40,80,10,10,knn,0.9722222222222222,0.9722633744855966,0.974320987654321,0.9761904761904764,1.0,1.0
classification,wine,0,0,40,80,13,13,lr,1.0,1.0,1.0,1.0,1.0,1.0
classification,wine,0,0,40,80,13,13,svm,1.0,1.0,1.0,1.0,1.0,1.0
classification,wine,0,0,40,80,13,13,knn,0.9444444444444444,0.9435246235246236,0.9451526251526252,0.9523809523809524,0.9785353535353536,0.9785353535353536
classification,wine,0,1,5,10,5,5,lr,0.9722222222222222,0.9723691945914168,0.9717813051146384,0.9761904761904764,0.9940753690753692,0.9940753690753692
classification,wine,0,1,5,10,5,5,svm,0.9722222222222222,0.9723691945914168,0.9717813051146384,0.9761904761904764,0.9928127428127428,0.9928127428127428
classification,wine,0,1,5,10,5,5,knn,0.9444444444444444,0.9435246235246236,0.9451526251526252,0.9523809523809524,0.9939863377363376,0.9939863377363376
classification,wine,0,1,5,10,10,10,lr,0.9444444444444444,0.9448329448329448,0.944055944055944,0.9523809523809524,1.0,1.0
classification,wine,0,1,5,10,10,10,svm,0.9722222222222222,0.9723691945914168,0.9717813051146384,0.9761904761904764,1.0,1.0
classification,wine,0,1,5,10,10,10,knn,0.9444444444444444,0.9435246235246236,0.9451526251526252,0.9523809523809524,1.0,1.0
classification,wine,0,1,5,10,13,13,lr,0.9722222222222222,0.9723691945914168,0.9717813051146384,0.9761904761904764,1.0,1.0
classification,wine,0,1,5,10,13,13,svm,1.0,1.0,1.0,1.0,1.0,1.0
classification,wine,0,1,5,10,13,13,knn,0.9444444444444444,0.9435246235246236,0.9451526251526252,0.9523809523809524,1.0,1.0
classification,wine,0,1,10,20,5,5,lr,0.9444444444444444,0.9445019553715208,0.945824706694272,0.9484126984126984,0.9974747474747474,0.9974747474747474
classification,wine,0,1,10,20,5,5,svm,0.9444444444444444,0.9445019553715208,0.945824706694272,0.9484126984126984,0.9938973063973064,0.9938973063973064
classification,wine,0,1,10,20,5,5,knn,0.9166666666666666,0.9144647944647945,0.9184859584859586,0.9285714285714284,0.9938973063973064,0.9938973063973064
classification,wine,0,1,10,20,10,10,lr,0.9444444444444444,0.9448329448329448,0.944055944055944,0.9523809523809524,1.0,1.0
classification,wine,0,1,10,20,10,10,svm,0.9722222222222222,0.9723691945914168,0.9717813051146384,0.9761904761904764,1.0,1.0
classification,wine,0,1,10,20,10,10,knn,0.9444444444444444,0.9435246235246236,0.9451526251526252,0.9523809523809524,1.0,1.0
classification,wine,0,1,10,20,13,13,lr,0.9722222222222222,0.9723691945914168,0.9717813051146384,0.9761904761904764,1.0,1.0
classification,wine,0,1,10,20,13,13,svm,1.0,1.0,1.0,1.0,1.0,1.0
classification,wine,0,1,10,20,13,13,knn,0.9444444444444444,0.9435246235246236,0.9451526251526252,0.9523809523809524,1.0,1.0
classification,wine,0,1,20,40,5,5,lr,0.9444444444444444,0.9445019553715208,0.945824706694272,0.9484126984126984,0.9974747474747474,0.9974747474747474
classification,wine,0,1,20,40,5,5,svm,0.9444444444444444,0.9445019553715208,0.945824706694272,0.9484126984126984,0.9938973063973064,0.9938973063973064
classification,wine,0,1,20,40,5,5,knn,0.9166666666666666,0.9144647944647945,0.9184859584859586,0.9285714285714284,0.9938973063973064,0.9938973063973064
classification,wine,0,1,20,40,10,10,lr,0.9444444444444444,0.9448329448329448,0.944055944055944,0.9523809523809524,1.0,1.0
classification,wine,0,1,20,40,10,10,svm,0.9722222222222222,0.9723691945914168,0.9717813051146384,0.9761904761904764,1.0,1.0
classification,wine,0,1,20,40,10,10,knn,0.9444444444444444,0.9435246235246236,0.9451526251526252,0.9523809523809524,1.0,1.0
classification,wine,0,1,20,40,13,13,lr,0.9722222222222222,0.9723691945914168,0.9717813051146384,0.9761904761904764,1.0,1.0
classification,wine,0,1,20,40,13,13,svm,1.0,1.0,1.0,1.0,1.0,1.0
classification,wine,0,1,20,40,13,13,knn,0.9444444444444444,0.9435246235246236,0.9451526251526252,0.9523809523809524,1.0,1.0
classification,wine,0,1,40,80,5,5,lr,0.9444444444444444,0.9445019553715208,0.945824706694272,0.9484126984126984,0.9974747474747474,0.9974747474747474
classification,wine,0,1,40,80,5,5,svm,0.9444444444444444,0.9445019553715208,0.945824706694272,0.9484126984126984,0.9938973063973064,0.9938973063973064
classification,wine,0,1,40,80,5,5,knn,0.9166666666666666,0.9144647944647945,0.9184859584859586,0.9285714285714284,0.9938973063973064,0.9938973063973064
classification,wine,0,1,40,80,10,10,lr,0.9444444444444444,0.9448329448329448,0.944055944055944,0.9523809523809524,1.0,1.0
classification,wine,0,1,40,80,10,10,svm,0.9722222222222222,0.9723691945914168,0.9717813051146384,0.9761904761904764,1.0,1.0
classification,wine,0,1,40,80,10,10,knn,0.9444444444444444,0.9435246235246236,0.9451526251526252,0.9523809523809524,1.0,1.0
classification,wine,0,1,40,80,13,13,lr,0.9722222222222222,0.9723691945914168,0.9717813051146384,0.9761904761904764,1.0,1.0
classification,wine,0,1,40,80,13,13,svm,1.0,1.0,1.0,1.0,1.0,1.0
classification,wine,0,1,40,80,13,13,knn,0.9444444444444444,0.9435246235246236,0.9451526251526252,0.9523809523809524,1.0,1.0
classification,wine,0,2,5,10,5,5,lr,0.9722222222222222,0.972097284690988,0.9740129935032484,0.9722222222222222,1.0,1.0
classification,wine,0,2,5,10,5,5,svm,1.0,1.0,1.0,1.0,1.0,1.0
classification,wine,0,2,5,10,5,5,knn,0.9722222222222222,0.9722633744855966,0.974320987654321,0.9761904761904764,1.0,1.0
classification,wine,0,2,5,10,10,10,lr,1.0,1.0,1.0,1.0,1.0,1.0
classification,wine,0,2,5,10,10,10,svm,0.9444444444444444,0.94320987654321,0.9407407407407408,0.9333333333333332,1.0,1.0
classification,wine,0,2,5,10,10,10,knn,1.0,1.0,1.0,1.0,1.0,1.0
classification,wine,0,2,5,10,13,13,lr,0.9722222222222222,0.9719701552732408,0.970961887477314,0.9666666666666668,1.0,1.0
classification,wine,0,2,5,10,13,13,svm,0.9722222222222222,0.9719701552732408,0.970961887477314,0.9666666666666668,1.0,1.0
classification,wine,0,2,5,10,13,13,knn,0.9722222222222222,0.9719701552732408,0.970961887477314,0.9666666666666668,1.0,1.0
classification,wine,0,2,10,20,5,5,lr,0.9722222222222222,0.972097284690988,0.9740129935032484,0.9722222222222222,1.0,1.0
classification,wine,0,2,10,20,5,5,svm,1.0,1.0,1.0,1.0,1.0,1.0
classification,wine,0,2,10,20,5,5,knn,0.9722222222222222,0.9722633744855966,0.974320987654321,0.9761904761904764,1.0,1.0
classification,wine,0,2,10,20,10,10,lr,0.9722222222222222,0.9719701552732408,0.970961887477314,0.9666666666666668,1.0,1.0
classification,wine,0,2,10,20,10,10,svm,0.9722222222222222,0.9719701552732408,0.970961887477314,0.9666666666666668,0.9974747474747474,0.9974747474747474
classification,wine,0,2,10,20,10,10,knn,0.9722222222222222,0.9722633744855966,0.974320987654321,0.9761904761904764,0.9987373737373736,0.9987373737373736
classification,wine,0,2,10,20,13,13,lr,0.9722222222222222,0.9719701552732408,0.970961887477314,0.9666666666666668,1.0,1.0
classification,wine,0,2,10,20,13,13,svm,0.9722222222222222,0.9719701552732408,0.970961887477314,0.9666666666666668,1.0,1.0
classification,wine,0,2,10,20,13,13,knn,0.9722222222222222,0.9719701552732408,0.970961887477314,0.9666666666666668,1.0,1.0
classification,wine,0,2,20,40,5,5,lr,0.9722222222222222,0.9722633744855966,0.974320987654321,0.9761904761904764,0.99263468013468,0.99263468013468
classification,wine,0,2,20,40,5,5,svm,1.0,1.0,1.0,1.0,1.0,1.0
classification,wine,0,2,20,40,5,5,knn,0.9722222222222222,0.9722633744855966,0.974320987654321,0.9761904761904764,0.9975799663299664,0.9975799663299664
classification,wine,0,2,20,40,10,10,lr,1.0,1.0,1.0,1.0,1.0,1.0
classification,wine,0,2,20,40,10,10,svm,0.9444444444444444,0.94320987654321,0.9407407407407408,0.9333333333333332,1.0,1.0
classification,wine,0,2,20,40,10,10,knn,1.0,1.0,1.0,1.0,1.0,1.0
classification,wine,0,2,20,40,13,13,lr,0.9722222222222222,0.9719701552732408,0.970961887477314,0.9666666666666668,1.0,1.0
classification,wine,0,2,20,40,13,13,svm,0.9722222222222222,0.9719701552732408,0.970961887477314,0.9666666666666668,1.0,1.0
classification,wine,0,2,20,40,13,13,knn,0.9722222222222222,0.9719701552732408,0.970961887477314,0.9666666666666668,1.0,1.0
classification,wine,0,2,40,80,5,5,lr,0.9722222222222222,0.9722633744855966,0.974320987654321,0.9761904761904764,0.99263468013468,0.99263468013468
classification,wine,0,2,40,80,5,5,svm,1.0,1.0,1.0,1.0,1.0,1.0
classification,wine,0,2,40,80,5,5,knn,0.9722222222222222,0.9722633744855966,0.974320987654321,0.9761904761904764,0.9975799663299664,0.9975799663299664
classification,wine,0,2,40,80,10,10,lr,0.9722222222222222,0.9719701552732408,0.970961887477314,0.9666666666666668,1.0,1.0
classification,wine,0,2,40,80,10,10,svm,0.9722222222222222,0.9719701552732408,0.970961887477314,0.9666666666666668,0.9974747474747474,0.9974747474747474
classification,wine,0,2,40,80,10,10,knn,0.9722222222222222,0.9722633744855966,0.974320987654321,0.9761904761904764,0.9987373737373736,0.9987373737373736
classification,wine,0,2,40,80,13,13,lr,0.9722222222222222,0.9719701552732408,0.970961887477314,0.9666666666666668,1.0,1.0
classification,wine,0,2,40,80,13,13,svm,0.9722222222222222,0.9719701552732408,0.970961887477314,0.9666666666666668,1.0,1.0
classification,wine,0,2,40,80,13,13,knn,0.9722222222222222,0.9719701552732408,0.970961887477314,0.9666666666666668,1.0,1.0
classification,wine,0,3,5,10,5,5,lr,0.9714285714285714,0.9714708994708994,0.974320987654321,0.9761904761904764,1.0,1.0
classification,wine,0,3,5,10,5,5,svm,0.9142857142857144,0.9120925390399074,0.9168151147098516,0.9285714285714284,1.0,1.0
classification,wine,0,3,5,10,5,5,knn,0.9428571428571428,0.9428571428571428,0.9487179487179488,0.9523809523809524,1.0,1.0
classification,wine,0,3,5,10,10,10,lr,0.9428571428571428,0.9419826489300174,0.9434817813765184,0.9523809523809524,1.0,1.0
classification,wine,0,3,5,10,10,10,svm,0.9714285714285714,0.971651350598719,0.9701104613385314,0.9761904761904764,1.0,1.0
classification,wine,0,3,5,10,10,10,knn,0.9714285714285714,0.971651350598719,0.9701104613385314,0.9761904761904764,1.0,1.0
classification,wine,0,3,5,10,13,13,lr,0.9714285714285714,0.971651350598719,0.9701104613385314,0.9761904761904764,1.0,1.0
classification,wine,0,3,5,10,13,13,svm,0.9714285714285714,0.971651350598719,0.9701104613385314,0.9761904761904764,1.0,1.0
classification,wine,0,3,5,10,13,13,knn,0.9714285714285714,0.971651350598719,0.9701104613385314,0.9761904761904764,1.0,1.0
classification,wine,0,3,10,20,5,5,lr,0.9714285714285714,0.9714708994708994,0.974320987654321,0.9761904761904764,1.0,1.0
classification,wine,0,3,10,20,5,5,svm,0.9142857142857144,0.9120925390399074,0.9168151147098516,0.9285714285714284,1.0,1.0
classification,wine,0,3,10,20,5,5,knn,0.9428571428571428,0.9428571428571428,0.9487179487179488,0.9523809523809524,1.0,1.0
classification,wine,0,3,10,20,10,10,lr,0.9428571428571428,0.9419826489300174,0.9434817813765184,0.9523809523809524,1.0,1.0
classification,wine,0,3,10,20,10,10,svm,0.9714285714285714,0.971651350598719,0.9701104613385314,0.9761904761904764,1.0,1.0
classification,wine,0,3,10,20,10,10,knn,0.9428571428571428,0.9419826489300174,0.9434817813765184,0.9523809523809524,0.9807692307692308,0.9807692307692308
classification,wine,0,3,10,20,13,13,lr,0.9714285714285714,0.971651350598719,0.9701104613385314,0.9761904761904764,1.0,1.0
classification,wine,0,3,10,20,13,13,svm,0.9714285714285714,0.971651350598719,0.9701104613385314,0.9761904761904764,1.0,1.0
classification,wine,0,3,10,20,13,13,knn,0.9714285714285714,0.971651350598719,0.9701104613385314,0.9761904761904764,1.0,1.0
classification,wine,0,3,20,40,5,5,lr,0.9714285714285714,0.9714708994708994,0.974320987654321,0.9761904761904764,1.0,1.0
classification,wine,0,3,20,40,5,5,svm,0.9142857142857144,0.9120925390399074,0.9168151147098516,0.9285714285714284,1.0,1.0
classification,wine,0,3,20,40,5,5,knn,0.9428571428571428,0.9428571428571428,0.9487179487179488,0.9523809523809524,1.0,1.0
classification,wine,0,3,20,40,10,10,lr,0.9428571428571428,0.9419826489300174,0.9434817813765184,0.9523809523809524,1.0,1.0
classification,wine,0,3,20,40,10,10,svm,0.9714285714285714,0.971651350598719,0.9701104613385314,0.9761904761904764,1.0,1.0
classification,wine,0,3,20,40,10,10,knn,0.9428571428571428,0.9419826489300174,0.9434817813765184,0.9523809523809524,0.9807692307692308,0.9807692307692308
classification,wine,0,3,20,40,13,13,lr,0.9714285714285714,0.971651350598719,0.9701104613385314,0.9761904761904764,1.0,1.0
classification,wine,0,3,20,40,13,13,svm,0.9714285714285714,0.971651350598719,0.9701104613385314,0.9761904761904764,1.0,1.0
classification,wine,0,3,20,40,13,13,knn,0.9714285714285714,0.971651350598719,0.9701104613385314,0.9761904761904764,1.0,1.0
classification,wine,0,3,40,80,5,5,lr,0.9714285714285714,0.9714708994708994,0.974320987654321,0.9761904761904764,1.0,1.0
classification,wine,0,3,40,80,5,5,svm,0.9142857142857144,0.9120925390399074,0.9168151147098516,0.9285714285714284,1.0,1.0
classification,wine,0,3,40,80,5,5,knn,0.9428571428571428,0.9428571428571428,0.9487179487179488,0.9523809523809524,1.0,1.0
classification,wine,0,3,40,80,10,10,lr,0.9428571428571428,0.9419826489300174,0.9434817813765184,0.9523809523809524,1.0,1.0
classification,wine,0,3,40,80,10,10,svm,0.9714285714285714,0.971651350598719,0.9701104613385314,0.9761904761904764,1.0,1.0
classification,wine,0,3,40,80,10,10,knn,0.9428571428571428,0.9419826489300174,0.9434817813765184,0.9523809523809524,0.9807692307692308,0.9807692307692308
classification,wine,0,3,40,80,13,13,lr,0.9714285714285714,0.971651350598719,0.9701104613385314,0.9761904761904764,1.0,1.0
classification,wine,0,3,40,80,13,13,svm,0.9714285714285714,0.971651350598719,0.9701104613385314,0.9761904761904764,1.0,1.0
classification,wine,0,3,40,80,13,13,knn,0.9714285714285714,0.971651350598719,0.9701104613385314,0.9761904761904764,1.0,1.0
classification,wine,0,4,5,10,5,5,lr,0.9714285714285714,0.9712091288128154,0.9733742959549412,0.9696969696969696,1.0,1.0
classification,wine,0,4,5,10,5,5,svm,0.9714285714285714,0.9716878402903812,0.970961887477314,0.977777777777778,1.0,1.0
classification,wine,0,4,5,10,5,5,knn,1.0,1.0,1.0,1.0,1.0,1.0
classification,wine,0,4,5,10,10,10,lr,0.9428571428571428,0.9429287504475474,0.9443609022556392,0.9474747474747476,0.9985714285714288,0.9985714285714288
classification,wine,0,4,5,10,10,10,svm,0.9428571428571428,0.9429287504475474,0.9443609022556392,0.9474747474747476,0.9985714285714288,0.9985714285714288
classification,wine,0,4,5,10,10,10,knn,0.9714285714285714,0.9716878402903812,0.970961887477314,0.977777777777778,0.9971428571428572,0.9971428571428572
classification,wine,0,4,5,10,13,13,lr,1.0,1.0,1.0,1.0,1.0,1.0
classification,wine,0,4,5,10,13,13,svm,0.9714285714285714,0.9712091288128154,0.9733742959549412,0.9696969696969696,1.0,1.0
classification,wine,0,4,5,10,13,13,knn,0.9714285714285714,0.9716878402903812,0.970961887477314,0.977777777777778,1.0,1.0
classification,wine,0,4,10,20,5,5,lr,0.9714285714285714,0.9712091288128154,0.9733742959549412,0.9696969696969696,1.0,1.0
classification,wine,0,4,10,20,5,5,svm,0.9714285714285714,0.9716878402903812,0.970961887477314,0.977777777777778,1.0,1.0
classification,wine,0,4,10,20,5,5,knn,1.0,1.0,1.0,1.0,1.0,1.0
classification,wine,0,4,10,20,10,10,lr,0.9428571428571428,0.9429287504475474,0.9443609022556392,0.9474747474747476,0.9985714285714288,0.9985714285714288
classification,wine,0,4,10,20,10,10,svm,0.9428571428571428,0.9429287504475474,0.9443609022556392,0.9474747474747476,0.9985714285714288,0.9985714285714288
classification,wine,0,4,10,20,10,10,knn,0.9714285714285714,0.9716878402903812,0.970961887477314,0.977777777777778,0.9971428571428572,0.9971428571428572
classification,wine,0,4,10,20,13,13,lr,1.0,1.0,1.0,1.0,1.0,1.0
classification,wine,0,4,10,20,13,13,svm,0.9714285714285714,0.9712091288128154,0.9733742959549412,0.9696969696969696,1.0,1.0
classification,wine,0,4,10,20,13,13,knn,0.9714285714285714,0.9716878402903812,0.970961887477314,0.977777777777778,1.0,1.0
classification,wine,0,4,20,40,5,5,lr,0.9714285714285714,0.9712091288128154,0.9733742959549412,0.9696969696969696,1.0,1.0
classification,wine,0,4,20,40,5,5,svm,0.9714285714285714,0.9716878402903812,0.970961887477314,0.977777777777778,1.0,1.0
classification,wine,0,4,20,40,5,5,knn,1.0,1.0,1.0,1.0,1.0,1.0
classification,wine,0,4,20,40,10,10,lr,0.9428571428571428,0.9429287504475474,0.9443609022556392,0.9474747474747476,0.9985714285714288,0.9985714285714288
classification,wine,0,4,20,40,10,10,svm,0.9428571428571428,0.9429287504475474,0.9443609022556392,0.9474747474747476,0.9985714285714288,0.9985714285714288
classification,wine,0,4,20,40,10,10,knn,0.9714285714285714,0.9716878402903812,0.970961887477314,0.977777777777778,0.9971428571428572,0.9971428571428572
classification,wine,0,4,20,40,13,13,lr,1.0,1.0,1.0,1.0,1.0,1.0
classification,wine,0,4,20,40,13,13,svm,0.9714285714285714,0.9712091288128154,0.9733742959549412,0.9696969696969696,1.0,1.0
classification,wine,0,4,20,40,13,13,knn,0.9714285714285714,0.9716878402903812,0.970961887477314,0.977777777777778,1.0,1.0
classification,wine,0,4,40,80,5,5,lr,0.9714285714285714,0.9712091288128154,0.9733742959549412,0.9696969696969696,1.0,1.0
classification,wine,0,4,40,80,5,5,svm,0.9714285714285714,0.9716878402903812,0.970961887477314,0.977777777777778,1.0,1.0
classification,wine,0,4,40,80,5,5,knn,1.0,1.0,1.0,1.0,1.0,1.0
classification,wine,0,4,40,80,10,10,lr,0.9428571428571428,0.9429287504475474,0.9443609022556392,0.9474747474747476,0.9985714285714288,0.9985714285714288
classification,wine,0,4,40,80,10,10,svm,0.9428571428571428,0.9429287504475474,0.9443609022556392,0.9474747474747476,0.9985714285714288,0.9985714285714288
classification,wine,0,4,40,80,10,10,knn,0.9714285714285714,0.9716878402903812,0.970961887477314,0.977777777777778,0.9971428571428572,0.9971428571428572
classification,wine,0,4,40,80,13,13,lr,1.0,1.0,1.0,1.0,1.0,1.0
classification,wine,0,4,40,80,13,13,svm,0.9714285714285714,0.9712091288128154,0.9733742959549412,0.9696969696969696,1.0,1.0
classification,wine,0,4,40,80,13,13,knn,0.9714285714285714,0.9716878402903812,0.970961887477314,0.977777777777778,1.0,1.0
classification,wine,1,0,5,10,5,5,lr,1.0,1.0,1.0,1.0,1.0,1.0
classification,wine,1,0,5,10,5,5,svm,1.0,1.0,1.0,1.0,1.0,1.0
classification,wine,1,0,5,10,5,5,knn,1.0,1.0,1.0,1.0,1.0,1.0
classification,wine,1,0,5,10,10,10,lr,0.9722222222222222,0.9723691945914168,0.9717813051146384,0.9761904761904764,1.0,1.0
classification,wine,1,0,5,10,10,10,svm,0.9722222222222222,0.9723691945914168,0.9717813051146384,0.9761904761904764,1.0,1.0
classification,wine,1,0,5,10,10,10,knn,0.9722222222222222,0.9723691945914168,0.9717813051146384,0.9761904761904764,0.9807692307692308,0.9807692307692308
classification,wine,1,0,5,10,13,13,lr,1.0,1.0,1.0,1.0,1.0,1.0
classification,wine,1,0,5,10,13,13,svm,1.0,1.0,1.0,1.0,1.0,1.0
classification,wine,1,0,5,10,13,13,knn,0.9444444444444444,0.9448329448329448,0.944055944055944,0.9523809523809524,1.0,1.0
classification,wine,1,0,10,20,5,5,lr,1.0,1.0,1.0,1.0,1.0,1.0
classification,wine,1,0,10,20,5,5,svm,0.9722222222222222,0.9723691945914168,0.9717813051146384,0.9761904761904764,1.0,1.0
classification,wine,1,0,10,20,5,5,knn,0.9722222222222222,0.9722633744855966,0.974320987654321,0.9761904761904764,1.0,1.0
classification,wine,1,0,10,20,10,10,lr,0.9722222222222222,0.9723691945914168,0.9717813051146384,0.9761904761904764,1.0,1.0
classification,wine,1,0,10,20,10,10,svm,0.9722222222222222,0.9723691945914168,0.9717813051146384,0.9761904761904764,1.0,1.0
classification,wine,1,0,10,20,10,10,knn,0.9722222222222222,0.9723691945914168,0.9717813051146384,0.9761904761904764,0.9807692307692308,0.9807692307692308
classification,wine,1,0,10,20,13,13,lr,1.0,1.0,1.0,1.0,1.0,1.0
classification,wine,1,0,10,20,13,13,svm,1.0,1.0,1.0,1.0,1.0,1.0
classification,wine,1,0,10,20,13,13,knn,0.9444444444444444,0.9448329448329448,0.944055944055944,0.9523809523809524,1.0,1.0
classification,wine,1,0,20,40,5,5,lr,1.0,1.0,1.0,1.0,1.0,1.0
classification,wine,1,0,20,40,5,5,svm,0.9722222222222222,0.9723691945914168,0.9717813051146384,0.9761904761904764,1.0,1.0
classification,wine,1,0,20,40,5,5,knn,0.9722222222222222,0.9722633744855966,0.974320987654321,0.9761904761904764,1.0,1.0
classification,wine,1,0,20,40,10,10,lr,0.9722222222222222,0.9723691945914168,0.9717813051146384,0.9761904761904764,1.0,1.0
classification,wine,1,0,20,40,10,10,svm,0.9722222222222222,0.9723691945914168,0.9717813051146384,0.9761904761904764,1.0,1.0
classification,wine,1,0,20,40,10,10,knn,0.9722222222222222,0.9723691945914168,0.9717813051146384,0.9761904761904764,0.9807692307692308,0.9807692307692308
classification,wine,1,0,20,40,13,13,lr,1.0,1.0,1.0,1.0,1.0,1.0
classification,wine,1,0,20,40,13,13,svm,1.0,1.0,1.0,1.0,1.0,1.0
classification,wine,1,0,20,40,13,13,knn,0.9444444444444444,0.9448329448329448,0.944055944055944,0.9523809523809524,1.0,1.0
classification,wine,1,0,40,80,5,5,lr,1.0,1.0,1.0,1.0,1.0,1.0
classification,wine,1,0,40,80,5,5,svm,0.9722222222222222,0.9723691945914168,0.9717813051146384,0.9761904761904764,1.0,1.0
classification,wine,1,0,40,80,5,5,knn,0.9722222222222222,0.9722633744855966,0.974320987654321,0.9761904761904764,1.0,1.0
classification,wine,1,0,40,80,10,10,lr,0.9722222222222222,0.9723691945914168,0.9717813051146384,0.9761904761904764,1.0,1.0
classification,wine,1,0,40,80,10,10,svm,0.9722222222222222,0.9723691945914168,0.9717813051146384,0.9761904761904764,1.0,1.0
classification,wine,1,0,40,80,10,10,knn,0.9722222222222222,0.9723691945914168,0.9717813051146384,0.9761904761904764,0.9807692307692308,0.9807692307692308
classification,wine,1,0,40,80,13,13,lr,1.0,1.0,1.0,1.0,1.0,1.0
classification,wine,1,0,40,80,13,13,svm,1.0,1.0,1.0,1.0,1.0,1.0
classification,wine,1,0,40,80,13,13,knn,0.9444444444444444,0.9448329448329448,0.944055944055944,0.9523809523809524,1.0,1.0
classification,wine,1,1,5,10,5,5,lr,0.9722222222222222,0.9722633744855966,0.974320987654321,0.9761904761904764,0.9974747474747474,0.9974747474747474
classification,wine,1,1,5,10,5,5,svm,0.9444444444444444,0.9444444444444444,0.9487179487179488,0.9523809523809524,0.9974747474747474,0.9974747474747474
classification,wine,1,1,5,10,5,5,knn,0.9444444444444444,0.9444444444444444,0.9487179487179488,0.9523809523809524,0.9791666666666666,0.9791666666666666
classification,wine,1,1,5,10,10,10,lr,0.9722222222222222,0.9722633744855966,0.974320987654321,0.9761904761904764,1.0,1.0
classification,wine,1,1,5,10,10,10,svm,1.0,1.0,1.0,1.0,1.0,1.0
classification,wine,1,1,5,10,10,10,knn,0.9722222222222222,0.9722633744855966,0.974320987654321,0.9761904761904764,1.0,1.0
classification,wine,1,1,5,10,13,13,lr,0.9722222222222222,0.9723691945914168,0.9717813051146384,0.9761904761904764,1.0,1.0
classification,wine,1,1,5,10,13,13,svm,1.0,1.0,1.0,1.0,1.0,1.0
classification,wine,1,1,5,10,13,13,knn,0.9722222222222222,0.9722633744855966,0.974320987654321,0.9761904761904764,0.9785353535353536,0.9785353535353536
classification,wine,1,1,10,20,5,5,lr,0.9722222222222222,0.9722633744855966,0.974320987654321,0.9761904761904764,0.9974747474747474,0.9974747474747474
classification,wine,1,1,10,20,5,5,svm,0.9444444444444444,0.9444444444444444,0.9487179487179488,0.9523809523809524,0.9974747474747474,0.9974747474747474
classification,wine,1,1,10,20,5,5,knn,0.9444444444444444,0.9444444444444444,0.9487179487179488,0.9523809523809524,0.9791666666666666,0.9791666666666666
classification,wine,1,1,10,20,10,10,lr,0.9722222222222222,0.9722633744855966,0.974320987654321,0.9761904761904764,1.0,1.0
classification,wine,1,1,10,20,10,10,svm,1.0,1.0,1.0,1.0,1.0,1.0
classification,wine,1,1,10,20,10,10,knn,0.9722222222222222,0.9722633744855966,0.974320987654321,0.9761904761904764,1.0,1.0
classification,wine,1,1,10,20,13,13,lr,0.9722222222222222,0.9723691945914168,0.9717813051146384,0.9761904761904764,1.0,1.0
classification,wine,1,1,10,20,13,13,svm,1.0,1.0,1.0,1.0,1.0,1.0
classification,wine,1,1,10,20,13,13,knn,0.9722222222222222,0.9722633744855966,0.974320987654321,0.9761904761904764,0.9785353535353536,0.9785353535353536
classification,wine,1,1,20,40,5,5,lr,0.9722222222222222,0.9722633744855966,0.974320987654321,0.9761904761904764,0.9974747474747474,0.9974747474747474
classification,wine,1,1,20,40,5,5,svm,0.9444444444444444,0.9444444444444444,0.9487179487179488,0.9523809523809524,0.9974747474747474,0.9974747474747474
classification,wine,1,1,20,40,5,5,knn,0.9444444444444444,0.9444444444444444,0.9487179487179488,0.9523809523809524,0.9791666666666666,0.9791666666666666
classification,wine,1,1,20,40,10,10,lr,0.9722222222222222,0.9722633744855966,0.974320987654321,0.9761904761904764,1.0,1.0
classification,wine,1,1,20,40,10,10,svm,1.0,1.0,1.0,1.0,1.0,1.0
classification,wine,1,1,20,40,10,10,knn,0.9722222222222222,0.9722633744855966,0.974320987654321,0.9761904761904764,1.0,1.0
classification,wine,1,1,20,40,13,13,lr,0.9722222222222222,0.9723691945914168,0.9717813051146384,0.9761904761904764,1.0,1.0
classification,wine,1,1,20,40,13,13,svm,1.0,1.0,1.0,1.0,1.0,1.0
classification,wine,1,1,20,40,13,13,knn,0.9722222222222222,0.9722633744855966,0.974320987654321,0.9761904761904764,0.9785353535353536,0.9785353535353536
classification,wine,1,1,40,80,5,5,lr,0.9722222222222222,0.9722633744855966,0.974320987654321,0.9761904761904764,0.9974747474747474,0.9974747474747474
classification,wine,1,1,40,80,5,5,svm,0.9444444444444444,0.9444444444444444,0.9487179487179488,0.9523809523809524,0.9974747474747474,0.9974747474747474
classification,wine,1,1,40,80,5,5,knn,0.9444444444444444,0.9444444444444444,0.9487179487179488,0.9523809523809524,0.9791666666666666,0.9791666666666666
classification,wine,1,1,40,80,10,10,lr,0.9722222222222222,0.9722633744855966,0.974320987654321,0.9761904761904764,1.0,1.0
classification,wine,1,1,40,80,10,10,svm,1.0,1.0,1.0,1.0,1.0,1.0
classification,wine,1,1,40,80,10,10,knn,0.9722222222222222,0.9722633744855966,0.974320987654321,0.9761904761904764,1.0,1.0
classification,wine,1,1,40,80,13,13,lr,0.9722222222222222,0.9723691945914168,0.9717813051146384,0.9761904761904764,1.0,1.0
classification,wine,1,1,40,80,13,13,svm,1.0,1.0,1.0,1.0,1.0,1.0
classification,wine,1,1,40,80,13,13,knn,0.9722222222222222,0.9722633744855966,0.974320987654321,0.9761904761904764,0.9785353535353536,0.9785353535353536
classification,wine,1,2,5,10,5,5,lr,0.8888888888888888,0.887738670347366,0.8930296756383713,0.8968253968253969,0.9852693602693604,0.9852693602693604
classification,wine,1,2,5,10,5,5,svm,0.9444444444444444,0.9445019553715208,0.945824706694272,0.9484126984126984,0.9937920875420876,0.9937920875420876
classification,wine,1,2,5,10,5,5,knn,0.9166666666666666,0.9157848324514992,0.9193121693121692,0.9246031746031744,0.9902146464646464,0.9902146464646464
classification,wine,1,2,5,10,10,10,lr,0.9722222222222222,0.972097284690988,0.9740129935032484,0.9722222222222222,0.9987373737373736,0.9987373737373736
classification,wine,1,2,5,10,10,10,svm,0.9722222222222222,0.972097284690988,0.9740129935032484,0.9722222222222222,0.9987373737373736,0.9987373737373736
classification,wine,1,2,5,10,10,10,knn,1.0,1.0,1.0,1.0,1.0,1.0
classification,wine,1,2,5,10,13,13,lr,0.9722222222222222,0.9719701552732408,0.970961887477314,0.9666666666666668,1.0,1.0
classification,wine,1,2,5,10,13,13,svm,1.0,1.0,1.0,1.0,1.0,1.0
classification,wine,1,2,5,10,13,13,knn,1.0,1.0,1.0,1.0,1.0,1.0
classification,wine,1,2,10,20,5,5,lr,0.8888888888888888,0.887738670347366,0.8930296756383713,0.8968253968253969,0.9852693602693604,0.9852693602693604
classification,wine,1,2,10,20,5,5,svm,0.9444444444444444,0.9445019553715208,0.945824706694272,0.9484126984126984,0.9937920875420876,0.9937920875420876
classification,wine,1,2,10,20,5,5,knn,0.9166666666666666,0.9157848324514992,0.9193121693121692,0.9246031746031744,0.9902146464646464,0.9902146464646464
classification,wine,1,2,10,20,10,10,lr,0.9722222222222222,0.972097284690988,0.9740129935032484,0.9722222222222222,0.9987373737373736,0.9987373737373736
classification,wine,1,2,10,20,10,10,svm,0.9722222222222222,0.972097284690988,0.9740129935032484,0.9722222222222222,0.9987373737373736,0.9987373737373736
classification,wine,1,2,10,20,10,10,knn,1.0,1.0,1.0,1.0,1.0,1.0
classification,wine,1,2,10,20,13,13,lr,0.9722222222222222,0.9719701552732408,0.970961887477314,0.9666666666666668,1.0,1.0
classification,wine,1,2,10,20,13,13,svm,1.0,1.0,1.0,1.0,1.0,1.0
classification,wine,1,2,10,20,13,13,knn,1.0,1.0,1.0,1.0,1.0,1.0
classification,wine,1,2,20,40,5,5,lr,0.8888888888888888,0.887738670347366,0.8930296756383713,0.8968253968253969,0.9852693602693604,0.9852693602693604
classification,wine,1,2,20,40,5,5,svm,0.9444444444444444,0.9445019553715208,0.945824706694272,0.9484126984126984,0.9937920875420876,0.9937920875420876
classification,wine,1,2,20,40,5,5,knn,0.9166666666666666,0.9157848324514992,0.9193121693121692,0.9246031746031744,0.9902146464646464,0.9902146464646464
classification,wine,1,2,20,40,10,10,lr,0.9722222222222222,0.972097284690988,0.9740129935032484,0.9722222222222222,0.9987373737373736,0.9987373737373736
classification,wine,1,2,20,40,10,10,svm,0.9722222222222222,0.972097284690988,0.9740129935032484,0.9722222222222222,0.9987373737373736,0.9987373737373736
classification,wine,1,2,20,40,10,10,knn,1.0,1.0,1.0,1.0,1.0,1.0
classification,wine,1,2,20,40,13,13,lr,0.9722222222222222,0.9719701552732408,0.970961887477314,0.9666666666666668,1.0,1.0
classification,wine,1,2,20,40,13,13,svm,1.0,1.0,1.0,1.0,1.0,1.0
classification,wine,1,2,20,40,13,13,knn,1.0,1.0,1.0,1.0,1.0,1.0
classification,wine,1,2,40,80,5,5,lr,0.8888888888888888,0.887738670347366,0.8930296756383713,0.8968253968253969,0.9852693602693604,0.9852693602693604
classification,wine,1,2,40,80,5,5,svm,0.9444444444444444,0.9445019553715208,0.945824706694272,0.9484126984126984,0.9937920875420876,0.9937920875420876
classification,wine,1,2,40,80,5,5,knn,0.9166666666666666,0.9157848324514992,0.9193121693121692,0.9246031746031744,0.9902146464646464,0.9902146464646464
classification,wine,1,2,40,80,10,10,lr,0.9722222222222222,0.972097284690988,0.9740129935032484,0.9722222222222222,0.9987373737373736,0.9987373737373736
classification,wine,1,2,40,80,10,10,svm,0.9722222222222222,0.972097284690988,0.9740129935032484,0.9722222222222222,0.9987373737373736,0.9987373737373736
classification,wine,1,2,40,80,10,10,knn,1.0,1.0,1.0,1.0,1.0,1.0
classification,wine,1,2,40,80,13,13,lr,0.9722222222222222,0.9719701552732408,0.970961887477314,0.9666666666666668,1.0,1.0
classification,wine,1,2,40,80,13,13,svm,1.0,1.0,1.0,1.0,1.0,1.0
classification,wine,1,2,40,80,13,13,knn,1.0,1.0,1.0,1.0,1.0,1.0
classification,wine,1,3,5,10,5,5,lr,0.9714285714285714,0.971651350598719,0.9701104613385314,0.9761904761904764,0.9986394557823128,0.9986394557823128
classification,wine,1,3,5,10,5,5,svm,0.9428571428571428,0.9435164835164834,0.9410256410256412,0.9523809523809524,0.9923600209314496,0.9923600209314496
classification,wine,1,3,5,10,5,5,knn,0.9714285714285714,0.971651350598719,0.9701104613385314,0.9761904761904764,0.9788592360020932,0.9788592360020932
classification,wine,1,3,5,10,10,10,lr,0.9428571428571428,0.9435164835164834,0.9410256410256412,0.9523809523809524,0.9986394557823128,0.9986394557823128
classification,wine,1,3,5,10,10,10,svm,0.9428571428571428,0.9419826489300174,0.9434817813765184,0.9523809523809524,1.0,1.0
classification,wine,1,3,5,10,10,10,knn,0.9142857142857144,0.9120925390399074,0.9168151147098516,0.9285714285714284,0.9807692307692308,0.9807692307692308
classification,wine,1,3,5,10,13,13,lr,0.9714285714285714,0.971651350598719,0.9701104613385314,0.9761904761904764,1.0,1.0
classification,wine,1,3,5,10,13,13,svm,0.9714285714285714,0.971651350598719,0.9701104613385314,0.9761904761904764,1.0,1.0
classification,wine,1,3,5,10,13,13,knn,0.9142857142857144,0.9120925390399074,0.9168151147098516,0.9285714285714284,1.0,1.0
classification,wine,1,3,10,20,5,5,lr,1.0,1.0,1.0,1.0,1.0,1.0
classification,wine,1,3,10,20,5,5,svm,1.0,1.0,1.0,1.0,1.0,1.0
classification,wine,1,3,10,20,5,5,knn,0.9428571428571428,0.9428571428571428,0.9487179487179488,0.9523809523809524,0.9934338952972492,0.9934338952972492
classification,wine,1,3,10,20,10,10,lr,0.9428571428571428,0.9435164835164834,0.9410256410256412,0.9523809523809524,0.9986394557823128,0.9986394557823128
classification,wine,1,3,10,20,10,10,svm,0.9428571428571428,0.9419826489300174,0.9434817813765184,0.9523809523809524,1.0,1.0
classification,wine,1,3,10,20,10,10,knn,0.9142857142857144,0.9120925390399074,0.9168151147098516,0.9285714285714284,0.9807692307692308,0.9807692307692308
classification,wine,1,3,10,20,13,13,lr,0.9714285714285714,0.971651350598719,0.9701104613385314,0.9761904761904764,1.0,1.0
classification,wine,1,3,10,20,13,13,svm,0.9714285714285714,0.971651350598719,0.9701104613385314,0.9761904761904764,1.0,1.0
classification,wine,1,3,10,20,13,13,knn,0.9142857142857144,0.9120925390399074,0.9168151147098516,0.9285714285714284,1.0,1.0
classification,wine,1,3,20,40,5,5,lr,1.0,1.0,1.0,1.0,1.0,1.0
classification,wine,1,3,20,40,5,5,svm,1.0,1.0,1.0,1.0,1.0,1.0
classification,wine,1,3,20,40,5,5,knn,0.9428571428571428,0.9428571428571428,0.9487179487179488,0.9523809523809524,0.9934338952972492,0.9934338952972492
classification,wine,1,3,20,40,10,10,lr,0.9428571428571428,0.9435164835164834,0.9410256410256412,0.9523809523809524,0.9986394557823128,0.9986394557823128
classification,wine,1,3,20,40,10,10,svm,0.9428571428571428,0.9419826489300174,0.9434817813765184,0.9523809523809524,1.0,1.0
classification,wine,1,3,20,40,10,10,knn,0.9142857142857144,0.9120925390399074,0.9168151147098516,0.9285714285714284,0.9807692307692308,0.9807692307692308
classification,wine,1,3,20,40,13,13,lr,0.9714285714285714,0.971651350598719,0.9701104613385314,0.9761904761904764,1.0,1.0
classification,wine,1,3,20,40,13,13,svm,0.9714285714285714,0.971651350598719,0.9701104613385314,0.9761904761904764,1.0,1.0
classification,wine,1,3,20,40,13,13,knn,0.9142857142857144,0.9120925390399074,0.9168151147098516,0.9285714285714284,1.0,1.0
classification,wine,1,3,40,80,5,5,lr,0.9428571428571428,0.9429879045439686,0.9441538629181648,0.9484126984126984,0.997278911564626,0.997278911564626
classification,wine,1,3,40,80,5,5,svm,0.9428571428571428,0.9419826489300174,0.9434817813765184,0.9523809523809524,1.0,1.0
classification,wine,1,3,40,80,5,5,knn,0.9428571428571428,0.9428571428571428,0.9487179487179488,0.9523809523809524,0.9769594794439516,0.9769594794439516
classification,wine,1,3,40,80,10,10,lr,0.9428571428571428,0.9435164835164834,0.9410256410256412,0.9523809523809524,0.9986394557823128,0.9986394557823128
classification,wine,1,3,40,80,10,10,svm,0.9428571428571428,0.9419826489300174,0.9434817813765184,0.9523809523809524,1.0,1.0
classification,wine,1,3,40,80,10,10,knn,0.9142857142857144,0.9120925390399074,0.9168151147098516,0.9285714285714284,0.9807692307692308,0.9807692307692308
classification,wine,1,3,40,80,13,13,lr,0.9714285714285714,0.971651350598719,0.9701104613385314,0.9761904761904764,1.0,1.0
classification,wine,1,3,40,80,13,13,svm,0.9714285714285714,0.971651350598719,0.9701104613385314,0.9761904761904764,1.0,1.0
classification,wine,1,3,40,80,13,13,knn,0.9142857142857144,0.9120925390399074,0.9168151147098516,0.9285714285714284,1.0,1.0
classification,wine,1,4,5,10,5,5,lr,0.9714285714285714,0.9715570786035554,0.9740129935032484,0.977777777777778,1.0,1.0
classification,wine,1,4,5,10,5,5,svm,0.9714285714285714,0.9715570786035554,0.9740129935032484,0.977777777777778,1.0,1.0
classification,wine,1,4,5,10,5,5,knn,0.9714285714285714,0.9715570786035554,0.9740129935032484,0.977777777777778,0.9947619047619046,0.9947619047619046
classification,wine,1,4,5,10,10,10,lr,1.0,1.0,1.0,1.0,1.0,1.0
classification,wine,1,4,5,10,10,10,svm,0.9714285714285714,0.9710490647872052,0.9696394686907022,0.9629629629629628,1.0,1.0
classification,wine,1,4,5,10,10,10,knn,1.0,1.0,1.0,1.0,1.0,1.0
classification,wine,1,4,5,10,13,13,lr,1.0,1.0,1.0,1.0,1.0,1.0
classification,wine,1,4,5,10,13,13,svm,0.9714285714285714,0.9710490647872052,0.9696394686907022,0.9629629629629628,1.0,1.0
classification,wine,1,4,5,10,13,13,knn,1.0,1.0,1.0,1.0,1.0,1.0
classification,wine,1,4,10,20,5,5,lr,0.9714285714285714,0.9715570786035554,0.9740129935032484,0.977777777777778,1.0,1.0
classification,wine,1,4,10,20,5,5,svm,0.9714285714285714,0.9715570786035554,0.9740129935032484,0.977777777777778,1.0,1.0
classification,wine,1,4,10,20,5,5,knn,0.9714285714285714,0.9715570786035554,0.9740129935032484,0.977777777777778,0.9947619047619046,0.9947619047619046
classification,wine,1,4,10,20,10,10,lr,1.0,1.0,1.0,1.0,1.0,1.0
classification,wine,1,4,10,20,10,10,svm,0.9714285714285714,0.9710490647872052,0.9696394686907022,0.9629629629629628,1.0,1.0
classification,wine,1,4,10,20,10,10,knn,1.0,1.0,1.0,1.0,1.0,1.0
classification,wine,1,4,10,20,13,13,lr,1.0,1.0,1.0,1.0,1.0,1.0
classification,wine,1,4,10,20,13,13,svm,0.9714285714285714,0.9710490647872052,0.9696394686907022,0.9629629629629628,1.0,1.0
classification,wine,1,4,10,20,13,13,knn,1.0,1.0,1.0,1.0,1.0,1.0
classification,wine,1,4,20,40,5,5,lr,0.9714285714285714,0.9715570786035554,0.9740129935032484,0.977777777777778,1.0,1.0
classification,wine,1,4,20,40,5,5,svm,0.9714285714285714,0.9715570786035554,0.9740129935032484,0.977777777777778,1.0,1.0
classification,wine,1,4,20,40,5,5,knn,0.9714285714285714,0.9715570786035554,0.9740129935032484,0.977777777777778,0.9947619047619046,0.9947619047619046
classification,wine,1,4,20,40,10,10,lr,1.0,1.0,1.0,1.0,1.0,1.0
classification,wine,1,4,20,40,10,10,svm,0.9714285714285714,0.9710490647872052,0.9696394686907022,0.9629629629629628,1.0,1.0
classification,wine,1,4,20,40,10,10,knn,1.0,1.0,1.0,1.0,1.0,1.0
classification,wine,1,4,20,40,13,13,lr,1.0,1.0,1.0,1.0,1.0,1.0
classification,wine,1,4,20,40,13,13,svm,0.9714285714285714,0.9710490647872052,0.9696394686907022,0.9629629629629628,1.0,1.0
classification,wine,1,4,20,40,13,13,knn,1.0,1.0,1.0,1.0,1.0,1.0
classification,wine,1,4,40,80,5,5,lr,0.9714285714285714,0.9715570786035554,0.9740129935032484,0.977777777777778,1.0,1.0
classification,wine,1,4,40,80,5,5,svm,0.9714285714285714,0.9715570786035554,0.9740129935032484,0.977777777777778,1.0,1.0
classification,wine,1,4,40,80,5,5,knn,0.9714285714285714,0.9715570786035554,0.9740129935032484,0.977777777777778,0.9947619047619046,0.9947619047619046
classification,wine,1,4,40,80,10,10,lr,1.0,1.0,1.0,1.0,1.0,1.0
classification,wine,1,4,40,80,10,10,svm,0.9714285714285714,0.9710490647872052,0.9696394686907022,0.9629629629629628,0.9985714285714288,0.9985714285714288
classification,wine,1,4,40,80,10,10,knn,0.9714285714285714,0.9710490647872052,0.9696394686907022,0.9629629629629628,1.0,1.0
classification,wine,1,4,40,80,13,13,lr,1.0,1.0,1.0,1.0,1.0,1.0
classification,wine,1,4,40,80,13,13,svm,0.9714285714285714,0.9710490647872052,0.9696394686907022,0.9629629629629628,1.0,1.0
classification,wine,1,4,40,80,13,13,knn,1.0,1.0,1.0,1.0,1.0,1.0
classification,wine,2,0,5,10,5,5,lr,0.9444444444444444,0.9448329448329448,0.944055944055944,0.9523809523809524,0.9953379953379952,0.9953379953379952
classification,wine,2,0,5,10,5,5,svm,0.9444444444444444,0.9448329448329448,0.944055944055944,0.9523809523809524,0.9976689976689976,0.9976689976689976
classification,wine,2,0,5,10,5,5,knn,0.9444444444444444,0.9435246235246236,0.9451526251526252,0.9523809523809524,0.9807692307692308,0.9807692307692308
classification,wine,2,0,5,10,10,10,lr,0.9722222222222222,0.9723691945914168,0.9717813051146384,0.9761904761904764,1.0,1.0
classification,wine,2,0,5,10,10,10,svm,0.9722222222222222,0.9723691945914168,0.9717813051146384,0.9761904761904764,1.0,1.0
classification,wine,2,0,5,10,10,10,knn,0.9444444444444444,0.9448329448329448,0.944055944055944,0.9523809523809524,1.0,1.0
classification,wine,2,0,5,10,13,13,lr,0.9722222222222222,0.9723691945914168,0.9717813051146384,0.9761904761904764,1.0,1.0
classification,wine,2,0,5,10,13,13,svm,0.9722222222222222,0.9723691945914168,0.9717813051146384,0.9761904761904764,1.0,1.0
classification,wine,2,0,5,10,13,13,knn,0.9722222222222222,0.9723691945914168,0.9717813051146384,0.9761904761904764,1.0,1.0
classification,wine,2,0,10,20,5,5,lr,0.9444444444444444,0.9448329448329448,0.944055944055944,0.9523809523809524,0.9953379953379952,0.9953379953379952
classification,wine,2,0,10,20,5,5,svm,0.9444444444444444,0.9448329448329448,0.944055944055944,0.9523809523809524,0.9976689976689976,0.9976689976689976
classification,wine,2,0,10,20,5,5,knn,0.9444444444444444,0.9435246235246236,0.9451526251526252,0.9523809523809524,0.9807692307692308,0.9807692307692308
classification,wine,2,0,10,20,10,10,lr,0.9722222222222222,0.9723691945914168,0.9717813051146384,0.9761904761904764,1.0,1.0
classification,wine,2,0,10,20,10,10,svm,0.9722222222222222,0.9723691945914168,0.9717813051146384,0.9761904761904764,1.0,1.0
classification,wine,2,0,10,20,10,10,knn,0.9444444444444444,0.9448329448329448,0.944055944055944,0.9523809523809524,1.0,1.0
classification,wine,2,0,10,20,13,13,lr,0.9722222222222222,0.9723691945914168,0.9717813051146384,0.9761904761904764,1.0,1.0
classification,wine,2,0,10,20,13,13,svm,0.9722222222222222,0.9723691945914168,0.9717813051146384,0.9761904761904764,1.0,1.0
classification,wine,2,0,10,20,13,13,knn,0.9722222222222222,0.9723691945914168,0.9717813051146384,0.9761904761904764,1.0,1.0
classification,wine,2,0,20,40,5,5,lr,0.9444444444444444,0.9448329448329448,0.944055944055944,0.9523809523809524,0.9953379953379952,0.9953379953379952
classification,wine,2,0,20,40,5,5,svm,0.9444444444444444,0.9448329448329448,0.944055944055944,0.9523809523809524,0.9976689976689976,0.9976689976689976
classification,wine,2,0,20,40,5,5,knn,0.9444444444444444,0.9435246235246236,0.9451526251526252,0.9523809523809524,0.9807692307692308,0.9807692307692308
classification,wine,2,0,20,40,10,10,lr,0.9722222222222222,0.9723691945914168,0.9717813051146384,0.9761904761904764,1.0,1.0
classification,wine,2,0,20,40,10,10,svm,0.9722222222222222,0.9723691945914168,0.9717813051146384,0.9761904761904764,1.0,1.0
classification,wine,2,0,20,40,10,10,knn,0.9444444444444444,0.9448329448329448,0.944055944055944,0.9523809523809524,1.0,1.0
classification,wine,2,0,20,40,13,13,lr,0.9722222222222222,0.9723691945914168,0.9717813051146384,0.9761904761904764,1.0,1.0
classification,wine,2,0,20,40,13,13,svm,0.9722222222222222,0.9723691945914168,0.9717813051146384,0.9761904761904764,1.0,1.0
classification,wine,2,0,20,40,13,13,knn,0.9722222222222222,0.9723691945914168,0.9717813051146384,0.9761904761904764,1.0,1.0
classification,wine,2,0,40,80,5,5,lr,0.9444444444444444,0.9448329448329448,0.944055944055944,0.9523809523809524,0.9953379953379952,0.9953379953379952
classification,wine,2,0,40,80,5,5,svm,0.9444444444444444,0.9448329448329448,0.944055944055944,0.9523809523809524,0.9976689976689976,0.9976689976689976
classification,wine,2,0,40,80,5,5,knn,0.9444444444444444,0.9435246235246236,0.9451526251526252,0.9523809523809524,0.9807692307692308,0.9807692307692308
classification,wine,2,0,40,80,10,10,lr,0.9722222222222222,0.9723691945914168,0.9717813051146384,0.9761904761904764,1.0,1.0
classification,wine,2,0,40,80,10,10,svm,0.9722222222222222,0.9723691945914168,0.9717813051146384,0.9761904761904764,1.0,1.0
classification,wine,2,0,40,80,10,10,knn,0.9444444444444444,0.9448329448329448,0.944055944055944,0.9523809523809524,1.0,1.0
classification,wine,2,0,40,80,13,13,lr,0.9722222222222222,0.9723691945914168,0.9717813051146384,0.9761904761904764,1.0,1.0
classification,wine,2,0,40,80,13,13,svm,0.9722222222222222,0.9723691945914168,0.9717813051146384,0.9761904761904764,1.0,1.0
classification,wine,2,0,40,80,13,13,knn,0.9722222222222222,0.9723691945914168,0.9717813051146384,0.9761904761904764,1.0,1.0
classification,wine,2,1,5,10,5,5,lr,0.9444444444444444,0.9444444444444444,0.9484126984126984,0.9484126984126984,0.9975799663299664,0.9975799663299664
classification,wine,2,1,5,10,5,5,svm,0.9444444444444444,0.9444444444444444,0.9487179487179488,0.9523809523809524,0.99631734006734,0.99631734006734
classification,wine,2,1,5,10,5,5,knn,0.9444444444444444,0.9444444444444444,0.9487179487179488,0.9523809523809524,0.9975799663299664,0.9975799663299664
classification,wine,2,1,5,10,10,10,lr,1.0,1.0,1.0,1.0,1.0,1.0
classification,wine,2,1,5,10,10,10,svm,1.0,1.0,1.0,1.0,1.0,1.0
classification,wine,2,1,5,10,10,10,knn,1.0,1.0,1.0,1.0,1.0,1.0
classification,wine,2,1,5,10,13,13,lr,1.0,1.0,1.0,1.0,1.0,1.0
classification,wine,2,1,5,10,13,13,svm,0.9722222222222222,0.9719701552732408,0.970961887477314,0.9666666666666668,1.0,1.0
classification,wine,2,1,5,10,13,13,knn,0.9722222222222222,0.9722633744855966,0.974320987654321,0.9761904761904764,1.0,1.0
classification,wine,2,1,10,20,5,5,lr,0.9444444444444444,0.9444444444444444,0.9484126984126984,0.9484126984126984,0.9975799663299664,0.9975799663299664
classification,wine,2,1,10,20,5,5,svm,0.9444444444444444,0.9444444444444444,0.9487179487179488,0.9523809523809524,0.99631734006734,0.99631734006734
classification,wine,2,1,10,20,5,5,knn,0.9444444444444444,0.9444444444444444,0.9487179487179488,0.9523809523809524,0.9975799663299664,0.9975799663299664
classification,wine,2,1,10,20,10,10,lr,1.0,1.0,1.0,1.0,1.0,1.0
classification,wine,2,1,10,20,10,10,svm,1.0,1.0,1.0,1.0,1.0,1.0
classification,wine,2,1,10,20,10,10,knn,1.0,1.0,1.0,1.0,1.0,1.0
classification,wine,2,1,10,20,13,13,lr,1.0,1.0,1.0,1.0,1.0,1.0
classification,wine,2,1,10,20,13,13,svm,0.9722222222222222,0.9719701552732408,0.970961887477314,0.9666666666666668,1.0,1.0
classification,wine,2,1,10,20,13,13,knn,0.9722222222222222,0.9722633744855966,0.974320987654321,0.9761904761904764,1.0,1.0
classification,wine,2,1,20,40,5,5,lr,0.9444444444444444,0.9444444444444444,0.9484126984126984,0.9484126984126984,0.9975799663299664,0.9975799663299664
classification,wine,2,1,20,40,5,5,svm,0.9444444444444444,0.9444444444444444,0.9487179487179488,0.9523809523809524,0.99631734006734,0.99631734006734
classification,wine,2,1,20,40,5,5,knn,0.9444444444444444,0.9444444444444444,0.9487179487179488,0.9523809523809524,0.9975799663299664,0.9975799663299664
classification,wine,2,1,20,40,10,10,lr,1.0,1.0,1.0,1.0,1.0,1.0
classification,wine,2,1,20,40,10,10,svm,1.0,1.0,1.0,1.0,1.0,1.0
classification,wine,2,1,20,40,10,10,knn,1.0,1.0,1.0,1.0,1.0,1.0
classification,wine,2,1,20,40,13,13,lr,1.0,1.0,1.0,1.0,1.0,1.0
classification,wine,2,1,20,40,13,13,svm,0.9722222222222222,0.9719701552732408,0.970961887477314,0.9666666666666668,1.0,1.0
classification,wine,2,1,20,40,13,13,knn,0.9722222222222222,0.9722633744855966,0.974320987654321,0.9761904761904764,1.0,1.0
classification,wine,2,1,40,80,5,5,lr,0.9444444444444444,0.9444444444444444,0.9484126984126984,0.9484126984126984,0.9975799663299664,0.9975799663299664
classification,wine,2,1,40,80,5,5,svm,0.9444444444444444,0.9444444444444444,0.9487179487179488,0.9523809523809524,0.99631734006734,0.99631734006734
classification,wine,2,1,40,80,5,5,knn,0.9444444444444444,0.9444444444444444,0.9487179487179488,0.9523809523809524,0.9975799663299664,0.9975799663299664
classification,wine,2,1,40,80,10,10,lr,1.0,1.0,1.0,1.0,1.0,1.0
classification,wine,2,1,40,80,10,10,svm,1.0,1.0,1.0,1.0,1.0,1.0
classification,wine,2,1,40,80,10,10,knn,1.0,1.0,1.0,1.0,1.0,1.0
classification,wine,2,1,40,80,13,13,lr,1.0,1.0,1.0,1.0,1.0,1.0
classification,wine,2,1,40,80,13,13,svm,0.9722222222222222,0.9719701552732408,0.970961887477314,0.9666666666666668,1.0,1.0
classification,wine,2,1,40,80,13,13,knn,0.9722222222222222,0.9722633744855966,0.974320987654321,0.9761904761904764,1.0,1.0
classification,wine,2,2,5,10,5,5,lr,0.9444444444444444,0.9444444444444444,0.9484126984126984,0.9484126984126984,0.987689393939394,0.987689393939394
classification,wine,2,2,5,10,5,5,svm,0.9722222222222222,0.9722633744855966,0.974320987654321,0.9761904761904764,0.9827441077441076,0.9827441077441076
classification,wine,2,2,5,10,5,5,knn,0.9444444444444444,0.9444444444444444,0.9487179487179488,0.9523809523809524,0.9748526936026936,0.9748526936026936
classification,wine,2,2,5,10,10,10,lr,0.9722222222222222,0.9722633744855966,0.974320987654321,0.9761904761904764,0.9927398989898988,0.9927398989898988
classification,wine,2,2,5,10,10,10,svm,0.9722222222222222,0.9723691945914168,0.9717813051146384,0.9761904761904764,1.0,1.0
classification,wine,2,2,5,10,10,10,knn,0.9166666666666666,0.9144647944647945,0.9184859584859586,0.9285714285714284,0.9752978502978504,0.9752978502978504
classification,wine,2,2,5,10,13,13,lr,0.9722222222222222,0.9722633744855966,0.974320987654321,0.9761904761904764,1.0,1.0
classification,wine,2,2,5,10,13,13,svm,1.0,1.0,1.0,1.0,1.0,1.0
classification,wine,2,2,5,10,13,13,knn,0.8888888888888888,0.8842916342916343,0.8885003885003885,0.9047619047619048,0.9562977531727532,0.9562977531727532
classification,wine,2,2,10,20,5,5,lr,0.9444444444444444,0.9444444444444444,0.9484126984126984,0.9484126984126984,0.987689393939394,0.987689393939394
classification,wine,2,2,10,20,5,5,svm,0.9722222222222222,0.9722633744855966,0.974320987654321,0.9761904761904764,0.9827441077441076,0.9827441077441076
classification,wine,2,2,10,20,5,5,knn,0.9444444444444444,0.9444444444444444,0.9487179487179488,0.9523809523809524,0.9748526936026936,0.9748526936026936
classification,wine,2,2,10,20,10,10,lr,0.9722222222222222,0.9722633744855966,0.974320987654321,0.9761904761904764,0.9927398989898988,0.9927398989898988
classification,wine,2,2,10,20,10,10,svm,0.9722222222222222,0.9723691945914168,0.9717813051146384,0.9761904761904764,1.0,1.0
classification,wine,2,2,10,20,10,10,knn,0.9166666666666666,0.9144647944647945,0.9184859584859586,0.9285714285714284,0.9752978502978504,0.9752978502978504
classification,wine,2,2,10,20,13,13,lr,0.9722222222222222,0.9722633744855966,0.974320987654321,0.9761904761904764,1.0,1.0
classification,wine,2,2,10,20,13,13,svm,1.0,1.0,1.0,1.0,1.0,1.0
classification,wine,2,2,10,20,13,13,knn,0.8888888888888888,0.8842916342916343,0.8885003885003885,0.9047619047619048,0.9562977531727532,0.9562977531727532
classification,wine,2,2,20,40,5,5,lr,0.9444444444444444,0.9444444444444444,0.9484126984126984,0.9484126984126984,0.987689393939394,0.987689393939394
classification,wine,2,2,20,40,5,5,svm,0.9722222222222222,0.9722633744855966,0.974320987654321,0.9761904761904764,0.9827441077441076,0.9827441077441076
classification,wine,2,2,20,40,5,5,knn,0.9444444444444444,0.9444444444444444,0.9487179487179488,0.9523809523809524,0.9748526936026936,0.9748526936026936
classification,wine,2,2,20,40,10,10,lr,0.9722222222222222,0.9722633744855966,0.974320987654321,0.9761904761904764,0.9927398989898988,0.9927398989898988
classification,wine,2,2,20,40,10,10,svm,0.9722222222222222,0.9723691945914168,0.9717813051146384,0.9761904761904764,1.0,1.0
classification,wine,2,2,20,40,10,10,knn,0.9166666666666666,0.9144647944647945,0.9184859584859586,0.9285714285714284,0.9752978502978504,0.9752978502978504
classification,wine,2,2,20,40,13,13,lr,0.9722222222222222,0.9722633744855966,0.974320987654321,0.9761904761904764,1.0,1.0
classification,wine,2,2,20,40,13,13,svm,1.0,1.0,1.0,1.0,1.0,1.0
classification,wine,2,2,20,40,13,13,knn,0.8888888888888888,0.8842916342916343,0.8885003885003885,0.9047619047619048,0.9562977531727532,0.9562977531727532
classification,wine,2,2,40,80,5,5,lr,0.9444444444444444,0.9444444444444444,0.9484126984126984,0.9484126984126984,0.9914772727272728,0.9914772727272728
classification,wine,2,2,40,80,5,5,svm,0.9166666666666666,0.9157848324514992,0.9193121693121692,0.9246031746031744,0.9902146464646464,0.9902146464646464
classification,wine,2,2,40,80,5,5,knn,0.9444444444444444,0.9444444444444444,0.9484126984126984,0.9484126984126984,0.976746632996633,0.976746632996633
classification,wine,2,2,40,80,10,10,lr,0.9722222222222222,0.9722633744855966,0.974320987654321,0.9761904761904764,0.9927398989898988,0.9927398989898988
classification,wine,2,2,40,80,10,10,svm,0.9722222222222222,0.9723691945914168,0.9717813051146384,0.9761904761904764,1.0,1.0
classification,wine,2,2,40,80,10,10,knn,0.9166666666666666,0.9144647944647945,0.9184859584859586,0.9285714285714284,0.9752978502978504,0.9752978502978504
classification,wine,2,2,40,80,13,13,lr,0.9722222222222222,0.9722633744855966,0.974320987654321,0.9761904761904764,1.0,1.0
classification,wine,2,2,40,80,13,13,svm,1.0,1.0,1.0,1.0,1.0,1.0
classification,wine,2,2,40,80,13,13,knn,0.8888888888888888,0.8842916342916343,0.8885003885003885,0.9047619047619048,0.9562977531727532,0.9562977531727532
classification,wine,2,3,5,10,5,5,lr,0.9428571428571428,0.9429879045439686,0.9441538629181648,0.9484126984126984,0.9945578231292516,0.9945578231292516
classification,wine,2,3,5,10,5,5,svm,0.9714285714285714,0.971651350598719,0.9701104613385314,0.9761904761904764,1.0,1.0
classification,wine,2,3,5,10,5,5,knn,1.0,1.0,1.0,1.0,1.0,1.0
classification,wine,2,3,5,10,10,10,lr,0.9714285714285714,0.9713000642535876,0.9740129935032484,0.9722222222222222,0.996036675539781,0.996036675539781
classification,wine,2,3,5,10,10,10,svm,0.9428571428571428,0.9428571428571428,0.9484126984126984,0.9484126984126984,0.996036675539781,0.996036675539781
classification,wine,2,3,5,10,10,10,knn,0.9428571428571428,0.9428571428571428,0.9484126984126984,0.9484126984126984,0.9973972197574682,0.9973972197574682
classification,wine,2,3,5,10,13,13,lr,1.0,1.0,1.0,1.0,1.0,1.0
classification,wine,2,3,5,10,13,13,svm,0.9714285714285714,0.9713000642535876,0.9740129935032484,0.9722222222222222,1.0,1.0
classification,wine,2,3,5,10,13,13,knn,1.0,1.0,1.0,1.0,1.0,1.0
classification,wine,2,3,10,20,5,5,lr,0.9428571428571428,0.9429879045439686,0.9441538629181648,0.9484126984126984,0.9945578231292516,0.9945578231292516
classification,wine,2,3,10,20,5,5,svm,0.9714285714285714,0.971651350598719,0.9701104613385314,0.9761904761904764,1.0,1.0
classification,wine,2,3,10,20,5,5,knn,1.0,1.0,1.0,1.0,1.0,1.0
classification,wine,2,3,10,20,10,10,lr,0.9714285714285714,0.9713000642535876,0.9740129935032484,0.9722222222222222,0.996036675539781,0.996036675539781
classification,wine,2,3,10,20,10,10,svm,0.9428571428571428,0.9428571428571428,0.9484126984126984,0.9484126984126984,0.996036675539781,0.996036675539781
classification,wine,2,3,10,20,10,10,knn,0.9428571428571428,0.9428571428571428,0.9484126984126984,0.9484126984126984,0.9973972197574682,0.9973972197574682
classification,wine,2,3,10,20,13,13,lr,1.0,1.0,1.0,1.0,1.0,1.0
classification,wine,2,3,10,20,13,13,svm,0.9714285714285714,0.9713000642535876,0.9740129935032484,0.9722222222222222,1.0,1.0
classification,wine,2,3,10,20,13,13,knn,1.0,1.0,1.0,1.0,1.0,1.0
classification,wine,2,3,20,40,5,5,lr,0.9428571428571428,0.9429879045439686,0.9441538629181648,0.9484126984126984,0.9945578231292516,0.9945578231292516
classification,wine,2,3,20,40,5,5,svm,0.9714285714285714,0.971651350598719,0.9701104613385314,0.9761904761904764,1.0,1.0
classification,wine,2,3,20,40,5,5,knn,1.0,1.0,1.0,1.0,1.0,1.0
classification,wine,2,3,20,40,10,10,lr,0.9714285714285714,0.9713000642535876,0.9740129935032484,0.9722222222222222,0.996036675539781,0.996036675539781
classification,wine,2,3,20,40,10,10,svm,0.9428571428571428,0.9428571428571428,0.9484126984126984,0.9484126984126984,0.996036675539781,0.996036675539781
classification,wine,2,3,20,40,10,10,knn,0.9428571428571428,0.9428571428571428,0.9484126984126984,0.9484126984126984,0.9973972197574682,0.9973972197574682
classification,wine,2,3,20,40,13,13,lr,1.0,1.0,1.0,1.0,1.0,1.0
classification,wine,2,3,20,40,13,13,svm,0.9714285714285714,0.9713000642535876,0.9740129935032484,0.9722222222222222,1.0,1.0
classification,wine,2,3,20,40,13,13,knn,1.0,1.0,1.0,1.0,1.0,1.0
classification,wine,2,3,40,80,5,5,lr,0.9428571428571428,0.9429879045439686,0.9441538629181648,0.9484126984126984,0.9945578231292516,0.9945578231292516
classification,wine,2,3,40,80,5,5,svm,0.9714285714285714,0.971651350598719,0.9701104613385314,0.9761904761904764,1.0,1.0
classification,wine,2,3,40,80,5,5,knn,1.0,1.0,1.0,1.0,1.0,1.0
classification,wine,2,3,40,80,10,10,lr,0.9714285714285714,0.9713000642535876,0.9740129935032484,0.9722222222222222,0.996036675539781,0.996036675539781
classification,wine,2,3,40,80,10,10,svm,0.9428571428571428,0.9428571428571428,0.9484126984126984,0.9484126984126984,0.996036675539781,0.996036675539781
classification,wine,2,3,40,80,10,10,knn,0.9428571428571428,0.9428571428571428,0.9484126984126984,0.9484126984126984,0.9973972197574682,0.9973972197574682
classification,wine,2,3,40,80,13,13,lr,1.0,1.0,1.0,1.0,1.0,1.0
classification,wine,2,3,40,80,13,13,svm,0.9714285714285714,0.9713000642535876,0.9740129935032484,0.9722222222222222,1.0,1.0
classification,wine,2,3,40,80,13,13,knn,1.0,1.0,1.0,1.0,1.0,1.0
classification,wine,2,4,5,10,5,5,lr,0.9714285714285714,0.9716878402903812,0.970961887477314,0.977777777777778,1.0,1.0
classification,wine,2,4,5,10,5,5,svm,1.0,1.0,1.0,1.0,1.0,1.0
classification,wine,2,4,5,10,5,5,knn,1.0,1.0,1.0,1.0,1.0,1.0
classification,wine,2,4,5,10,10,10,lr,1.0,1.0,1.0,1.0,1.0,1.0
classification,wine,2,4,5,10,10,10,svm,1.0,1.0,1.0,1.0,1.0,1.0
classification,wine,2,4,5,10,10,10,knn,1.0,1.0,1.0,1.0,1.0,1.0
classification,wine,2,4,5,10,13,13,lr,0.9714285714285714,0.9716878402903812,0.970961887477314,0.977777777777778,1.0,1.0
classification,wine,2,4,5,10,13,13,svm,1.0,1.0,1.0,1.0,1.0,1.0
classification,wine,2,4,5,10,13,13,knn,1.0,1.0,1.0,1.0,1.0,1.0
classification,wine,2,4,10,20,5,5,lr,0.9714285714285714,0.9716878402903812,0.970961887477314,0.977777777777778,1.0,1.0
classification,wine,2,4,10,20,5,5,svm,1.0,1.0,1.0,1.0,1.0,1.0
classification,wine,2,4,10,20,5,5,knn,1.0,1.0,1.0,1.0,1.0,1.0
classification,wine,2,4,10,20,10,10,lr,1.0,1.0,1.0,1.0,1.0,1.0
classification,wine,2,4,10,20,10,10,svm,1.0,1.0,1.0,1.0,1.0,1.0
classification,wine,2,4,10,20,10,10,knn,1.0,1.0,1.0,1.0,1.0,1.0
classification,wine,2,4,10,20,13,13,lr,0.9714285714285714,0.9716878402903812,0.970961887477314,0.977777777777778,1.0,1.0
classification,wine,2,4,10,20,13,13,svm,1.0,1.0,1.0,1.0,1.0,1.0
classification,wine,2,4,10,20,13,13,knn,1.0,1.0,1.0,1.0,1.0,1.0
classification,wine,2,4,20,40,5,5,lr,0.9428571428571428,0.9431972789115646,0.9484126984126984,0.9555555555555556,0.9985714285714288,0.9985714285714288
classification,wine,2,4,20,40,5,5,svm,0.9714285714285714,0.9715570786035554,0.9740129935032484,0.977777777777778,1.0,1.0
classification,wine,2,4,20,40,5,5,knn,0.9428571428571428,0.9431972789115646,0.9484126984126984,0.9555555555555556,1.0,1.0
classification,wine,2,4,20,40,10,10,lr,1.0,1.0,1.0,1.0,1.0,1.0
classification,wine,2,4,20,40,10,10,svm,1.0,1.0,1.0,1.0,1.0,1.0
classification,wine,2,4,20,40,10,10,knn,1.0,1.0,1.0,1.0,1.0,1.0
classification,wine,2,4,20,40,13,13,lr,0.9714285714285714,0.9716878402903812,0.970961887477314,0.977777777777778,1.0,1.0
classification,wine,2,4,20,40,13,13,svm,1.0,1.0,1.0,1.0,1.0,1.0
classification,wine,2,4,20,40,13,13,knn,1.0,1.0,1.0,1.0,1.0,1.0
classification,wine,2,4,40,80,5,5,lr,0.9428571428571428,0.9431972789115646,0.9484126984126984,0.9555555555555556,0.9985714285714288,0.9985714285714288
classification,wine,2,4,40,80,5,5,svm,0.9714285714285714,0.9715570786035554,0.9740129935032484,0.977777777777778,1.0,1.0
classification,wine,2,4,40,80,5,5,knn,0.9428571428571428,0.9431972789115646,0.9484126984126984,0.9555555555555556,1.0,1.0
classification,wine,2,4,40,80,10,10,lr,1.0,1.0,1.0,1.0,1.0,1.0
classification,wine,2,4,40,80,10,10,svm,1.0,1.0,1.0,1.0,1.0,1.0
classification,wine,2,4,40,80,10,10,knn,1.0,1.0,1.0,1.0,1.0,1.0
classification,wine,2,4,40,80,13,13,lr,0.9714285714285714,0.9716878402903812,0.970961887477314,0.977777777777778,1.0,1.0
classification,wine,2,4,40,80,13,13,svm,1.0,1.0,1.0,1.0,1.0,1.0
classification,wine,2,4,40,80,13,13,knn,1.0,1.0,1.0,1.0,1.0,1.0
classification,wine,3,0,5,10,5,5,lr,1.0,1.0,1.0,1.0,1.0,1.0
classification,wine,3,0,5,10,5,5,svm,1.0,1.0,1.0,1.0,1.0,1.0
classification,wine,3,0,5,10,5,5,knn,0.9722222222222222,0.9722633744855966,0.974320987654321,0.9761904761904764,1.0,1.0
classification,wine,3,0,5,10,10,10,lr,0.9722222222222222,0.9723691945914168,0.9717813051146384,0.9761904761904764,0.9976689976689976,0.9976689976689976
classification,wine,3,0,5,10,10,10,svm,0.9722222222222222,0.9723691945914168,0.9717813051146384,0.9761904761904764,0.9976689976689976,0.9976689976689976
classification,wine,3,0,5,10,10,10,knn,0.9444444444444444,0.9435246235246236,0.9451526251526252,0.9523809523809524,0.9964063714063714,0.9964063714063714
classification,wine,3,0,5,10,13,13,lr,0.9722222222222222,0.9723691945914168,0.9717813051146384,0.9761904761904764,0.9976689976689976,0.9976689976689976
classification,wine,3,0,5,10,13,13,svm,0.9722222222222222,0.9723691945914168,0.9717813051146384,0.9761904761904764,0.9976689976689976,0.9976689976689976
classification,wine,3,0,5,10,13,13,knn,0.9444444444444444,0.9435246235246236,0.9451526251526252,0.9523809523809524,1.0,1.0
classification,wine,3,0,10,20,5,5,lr,1.0,1.0,1.0,1.0,1.0,1.0
classification,wine,3,0,10,20,5,5,svm,1.0,1.0,1.0,1.0,1.0,1.0
classification,wine,3,0,10,20,5,5,knn,0.9722222222222222,0.9722633744855966,0.974320987654321,0.9761904761904764,1.0,1.0
classification,wine,3,0,10,20,10,10,lr,0.9722222222222222,0.9723691945914168,0.9717813051146384,0.9761904761904764,0.9976689976689976,0.9976689976689976
classification,wine,3,0,10,20,10,10,svm,0.9722222222222222,0.9723691945914168,0.9717813051146384,0.9761904761904764,0.9976689976689976,0.9976689976689976
classification,wine,3,0,10,20,10,10,knn,0.9444444444444444,0.9435246235246236,0.9451526251526252,0.9523809523809524,0.9964063714063714,0.9964063714063714
classification,wine,3,0,10,20,13,13,lr,0.9722222222222222,0.9723691945914168,0.9717813051146384,0.9761904761904764,0.9976689976689976,0.9976689976689976
classification,wine,3,0,10,20,13,13,svm,0.9722222222222222,0.9723691945914168,0.9717813051146384,0.9761904761904764,0.9976689976689976,0.9976689976689976
classification,wine,3,0,10,20,13,13,knn,0.9444444444444444,0.9435246235246236,0.9451526251526252,0.9523809523809524,1.0,1.0
classification,wine,3,0,20,40,5,5,lr,1.0,1.0,1.0,1.0,1.0,1.0
classification,wine,3,0,20,40,5,5,svm,1.0,1.0,1.0,1.0,1.0,1.0
classification,wine,3,0,20,40,5,5,knn,0.9722222222222222,0.9722633744855966,0.974320987654321,0.9761904761904764,1.0,1.0
classification,wine,3,0,20,40,10,10,lr,0.9722222222222222,0.9723691945914168,0.9717813051146384,0.9761904761904764,0.9976689976689976,0.9976689976689976
classification,wine,3,0,20,40,10,10,svm,0.9722222222222222,0.9723691945914168,0.9717813051146384,0.9761904761904764,0.9976689976689976,0.9976689976689976
classification,wine,3,0,20,40,10,10,knn,0.9444444444444444,0.9435246235246236,0.9451526251526252,0.9523809523809524,0.9964063714063714,0.9964063714063714
classification,wine,3,0,20,40,13,13,lr,0.9722222222222222,0.9723691945914168,0.9717813051146384,0.9761904761904764,0.9976689976689976,0.9976689976689976
classification,wine,3,0,20,40,13,13,svm,0.9722222222222222,0.9723691945914168,0.9717813051146384,0.9761904761904764,0.9976689976689976,0.9976689976689976
classification,wine,3,0,20,40,13,13,knn,0.9444444444444444,0.9435246235246236,0.9451526251526252,0.9523809523809524,1.0,1.0
classification,wine,3,0,40,80,5,5,lr,1.0,1.0,1.0,1.0,1.0,1.0
classification,wine,3,0,40,80,5,5,svm,1.0,1.0,1.0,1.0,1.0,1.0
classification,wine,3,0,40,80,5,5,knn,0.9722222222222222,0.9722633744855966,0.974320987654321,0.9761904761904764,1.0,1.0
classification,wine,3,0,40,80,10,10,lr,0.9722222222222222,0.9723691945914168,0.9717813051146384,0.9761904761904764,0.9976689976689976,0.9976689976689976
classification,wine,3,0,40,80,10,10,svm,0.9722222222222222,0.9723691945914168,0.9717813051146384,0.9761904761904764,0.9976689976689976,0.9976689976689976
classification,wine,3,0,40,80,10,10,knn,0.9444444444444444,0.9435246235246236,0.9451526251526252,0.9523809523809524,0.9964063714063714,0.9964063714063714
classification,wine,3,0,40,80,13,13,lr,0.9722222222222222,0.9723691945914168,0.9717813051146384,0.9761904761904764,0.9976689976689976,0.9976689976689976
classification,wine,3,0,40,80,13,13,svm,0.9722222222222222,0.9723691945914168,0.9717813051146384,0.9761904761904764,0.9976689976689976,0.9976689976689976
classification,wine,3,0,40,80,13,13,knn,0.9444444444444444,0.9435246235246236,0.9451526251526252,0.9523809523809524,1.0,1.0
classification,wine,3,1,5,10,5,5,lr,0.9722222222222222,0.9722633744855966,0.974320987654321,0.9761904761904764,0.9938973063973064,0.9938973063973064
classification,wine,3,1,5,10,5,5,svm,0.9444444444444444,0.9444444444444444,0.9487179487179488,0.9523809523809524,0.9902146464646464,0.9902146464646464
classification,wine,3,1,5,10,5,5,knn,0.9444444444444444,0.9444444444444444,0.9487179487179488,0.9523809523809524,0.9755366161616164,0.9755366161616164
classification,wine,3,1,5,10,10,10,lr,0.9444444444444444,0.9444444444444444,0.9487179487179488,0.9523809523809524,0.985374579124579,0.985374579124579
classification,wine,3,1,5,10,10,10,svm,1.0,1.0,1.0,1.0,1.0,1.0
classification,wine,3,1,5,10,10,10,knn,0.9444444444444444,0.9444444444444444,0.9487179487179488,0.9523809523809524,1.0,1.0
classification,wine,3,1,5,10,13,13,lr,0.9444444444444444,0.9444444444444444,0.9487179487179488,0.9523809523809524,1.0,1.0
classification,wine,3,1,5,10,13,13,svm,1.0,1.0,1.0,1.0,1.0,1.0
classification,wine,3,1,5,10,13,13,knn,0.8888888888888888,0.884920634920635,0.8915343915343916,0.9047619047619048,0.9773253367003368,0.9773253367003368
classification,wine,3,1,10,20,5,5,lr,0.9722222222222222,0.9722633744855966,0.974320987654321,0.9761904761904764,0.9938973063973064,0.9938973063973064
classification,wine,3,1,10,20,5,5,svm,0.9444444444444444,0.9444444444444444,0.9487179487179488,0.9523809523809524,0.9902146464646464,0.9902146464646464
classification,wine,3,1,10,20,5,5,knn,0.9444444444444444,0.9444444444444444,0.9487179487179488,0.9523809523809524,0.9755366161616164,0.9755366161616164
classification,wine,3,1,10,20,10,10,lr,0.9722222222222222,0.9722633744855966,0.974320987654321,0.9761904761904764,0.9975799663299664,0.9975799663299664
classification,wine,3,1,10,20,10,10,svm,1.0,1.0,1.0,1.0,1.0,1.0
classification,wine,3,1,10,20,10,10,knn,0.9722222222222222,0.9722633744855966,0.974320987654321,0.9761904761904764,1.0,1.0
classification,wine,3,1,10,20,13,13,lr,0.9444444444444444,0.9444444444444444,0.9487179487179488,0.9523809523809524,1.0,1.0
classification,wine,3,1,10,20,13,13,svm,1.0,1.0,1.0,1.0,1.0,1.0
classification,wine,3,1,10,20,13,13,knn,0.8888888888888888,0.884920634920635,0.8915343915343916,0.9047619047619048,0.9773253367003368,0.9773253367003368
classification,wine,3,1,20,40,5,5,lr,0.9722222222222222,0.9722633744855966,0.974320987654321,0.9761904761904764,0.9938973063973064,0.9938973063973064
classification,wine,3,1,20,40,5,5,svm,0.9444444444444444,0.9444444444444444,0.9487179487179488,0.9523809523809524,0.9902146464646464,0.9902146464646464
classification,wine,3,1,20,40,5,5,knn,0.9444444444444444,0.9444444444444444,0.9487179487179488,0.9523809523809524,0.9755366161616164,0.9755366161616164
classification,wine,3,1,20,40,10,10,lr,0.9722222222222222,0.9722633744855966,0.974320987654321,0.9761904761904764,0.9975799663299664,0.9975799663299664
classification,wine,3,1,20,40,10,10,svm,1.0,1.0,1.0,1.0,1.0,1.0
classification,wine,3,1,20,40,10,10,knn,0.9722222222222222,0.9722633744855966,0.974320987654321,0.9761904761904764,1.0,1.0
classification,wine,3,1,20,40,13,13,lr,0.9444444444444444,0.9444444444444444,0.9487179487179488,0.9523809523809524,1.0,1.0
classification,wine,3,1,20,40,13,13,svm,1.0,1.0,1.0,1.0,1.0,1.0
classification,wine,3,1,20,40,13,13,knn,0.8888888888888888,0.884920634920635,0.8915343915343916,0.9047619047619048,0.9773253367003368,0.9773253367003368
classification,wine,3,1,40,80,5,5,lr,0.9722222222222222,0.9722633744855966,0.974320987654321,0.9761904761904764,0.9938973063973064,0.9938973063973064
classification,wine,3,1,40,80,5,5,svm,0.9444444444444444,0.9444444444444444,0.9487179487179488,0.9523809523809524,0.9902146464646464,0.9902146464646464
classification,wine,3,1,40,80,5,5,knn,0.9444444444444444,0.9444444444444444,0.9487179487179488,0.9523809523809524,0.9755366161616164,0.9755366161616164
classification,wine,3,1,40,80,10,10,lr,0.9722222222222222,0.9722633744855966,0.974320987654321,0.9761904761904764,0.9975799663299664,0.9975799663299664
classification,wine,3,1,40,80,10,10,svm,1.0,1.0,1.0,1.0,1.0,1.0
classification,wine,3,1,40,80,10,10,knn,0.9722222222222222,0.9722633744855966,0.974320987654321,0.9761904761904764,1.0,1.0
classification,wine,3,1,40,80,13,13,lr,0.9444444444444444,0.9444444444444444,0.9487179487179488,0.9523809523809524,1.0,1.0
classification,wine,3,1,40,80,13,13,svm,1.0,1.0,1.0,1.0,1.0,1.0
classification,wine,3,1,40,80,13,13,knn,0.8888888888888888,0.884920634920635,0.8915343915343916,0.9047619047619048,0.9773253367003368,0.9773253367003368
classification,wine,3,2,5,10,5,5,lr,0.8888888888888888,0.887738670347366,0.8930296756383713,0.8968253968253969,0.99263468013468,0.99263468013468
classification,wine,3,2,5,10,5,5,svm,0.9166666666666666,0.9157848324514992,0.9193121693121692,0.9246031746031744,0.9937920875420876,0.9937920875420876
classification,wine,3,2,5,10,5,5,knn,0.9166666666666666,0.9157848324514992,0.9193121693121692,0.9246031746031744,0.9950547138047138,0.9950547138047138
classification,wine,3,2,5,10,10,10,lr,0.9722222222222222,0.972097284690988,0.9740129935032484,0.9722222222222222,0.99631734006734,0.99631734006734
classification,wine,3,2,5,10,10,10,svm,0.9722222222222222,0.972097284690988,0.9740129935032484,0.9722222222222222,0.9987373737373736,0.9987373737373736
classification,wine,3,2,5,10,10,10,knn,1.0,1.0,1.0,1.0,1.0,1.0
classification,wine,3,2,5,10,13,13,lr,0.9722222222222222,0.9719701552732408,0.970961887477314,0.9666666666666668,1.0,1.0
classification,wine,3,2,5,10,13,13,svm,0.9722222222222222,0.972097284690988,0.9740129935032484,0.9722222222222222,1.0,1.0
classification,wine,3,2,5,10,13,13,knn,1.0,1.0,1.0,1.0,1.0,1.0
classification,wine,3,2,10,20,5,5,lr,0.8888888888888888,0.887738670347366,0.8930296756383713,0.8968253968253969,0.99263468013468,0.99263468013468
classification,wine,3,2,10,20,5,5,svm,0.9166666666666666,0.9157848324514992,0.9193121693121692,0.9246031746031744,0.9937920875420876,0.9937920875420876
classification,wine,3,2,10,20,5,5,knn,0.9166666666666666,0.9157848324514992,0.9193121693121692,0.9246031746031744,0.9950547138047138,0.9950547138047138
classification,wine,3,2,10,20,10,10,lr,0.9722222222222222,0.972097284690988,0.9740129935032484,0.9722222222222222,0.99631734006734,0.99631734006734
classification,wine,3,2,10,20,10,10,svm,0.9722222222222222,0.972097284690988,0.9740129935032484,0.9722222222222222,0.9987373737373736,0.9987373737373736
classification,wine,3,2,10,20,10,10,knn,1.0,1.0,1.0,1.0,1.0,1.0
classification,wine,3,2,10,20,13,13,lr,0.9722222222222222,0.9719701552732408,0.970961887477314,0.9666666666666668,1.0,1.0
classification,wine,3,2,10,20,13,13,svm,0.9722222222222222,0.972097284690988,0.9740129935032484,0.9722222222222222,1.0,1.0
classification,wine,3,2,10,20,13,13,knn,1.0,1.0,1.0,1.0,1.0,1.0
classification,wine,3,2,20,40,5,5,lr,0.8888888888888888,0.887738670347366,0.8930296756383713,0.8968253968253969,0.99263468013468,0.99263468013468
classification,wine,3,2,20,40,5,5,svm,0.9166666666666666,0.9157848324514992,0.9193121693121692,0.9246031746031744,0.9937920875420876,0.9937920875420876
classification,wine,3,2,20,40,5,5,knn,0.9166666666666666,0.9157848324514992,0.9193121693121692,0.9246031746031744,0.9950547138047138,0.9950547138047138
classification,wine,3,2,20,40,10,10,lr,0.9722222222222222,0.972097284690988,0.9740129935032484,0.9722222222222222,0.99631734006734,0.99631734006734
classification,wine,3,2,20,40,10,10,svm,0.9722222222222222,0.972097284690988,0.9740129935032484,0.9722222222222222,0.9987373737373736,0.9987373737373736
classification,wine,3,2,20,40,10,10,knn,1.0,1.0,1.0,1.0,1.0,1.0
classification,wine,3,2,20,40,13,13,lr,0.9722222222222222,0.9719701552732408,0.970961887477314,0.9666666666666668,1.0,1.0
classification,wine,3,2,20,40,13,13,svm,0.9722222222222222,0.972097284690988,0.9740129935032484,0.9722222222222222,1.0,1.0
classification,wine,3,2,20,40,13,13,knn,1.0,1.0,1.0,1.0,1.0,1.0
classification,wine,3,2,40,80,5,5,lr,0.8888888888888888,0.887738670347366,0.8930296756383713,0.8968253968253969,0.99263468013468,0.99263468013468
classification,wine,3,2,40,80,5,5,svm,0.9166666666666666,0.9157848324514992,0.9193121693121692,0.9246031746031744,0.9937920875420876,0.9937920875420876
classification,wine,3,2,40,80,5,5,knn,0.9166666666666666,0.9157848324514992,0.9193121693121692,0.9246031746031744,0.9950547138047138,0.9950547138047138
classification,wine,3,2,40,80,10,10,lr,0.9722222222222222,0.972097284690988,0.9740129935032484,0.9722222222222222,0.99631734006734,0.99631734006734
classification,wine,3,2,40,80,10,10,svm,0.9722222222222222,0.972097284690988,0.9740129935032484,0.9722222222222222,0.9987373737373736,0.9987373737373736
classification,wine,3,2,40,80,10,10,knn,1.0,1.0,1.0,1.0,1.0,1.0
classification,wine,3,2,40,80,13,13,lr,0.9722222222222222,0.9719701552732408,0.970961887477314,0.9666666666666668,1.0,1.0
classification,wine,3,2,40,80,13,13,svm,0.9722222222222222,0.972097284690988,0.9740129935032484,0.9722222222222222,1.0,1.0
classification,wine,3,2,40,80,13,13,knn,1.0,1.0,1.0,1.0,1.0,1.0
classification,wine,3,3,5,10,5,5,lr,0.9428571428571428,0.9428571428571428,0.9484126984126984,0.9484126984126984,0.9920733510795624,0.9920733510795624
classification,wine,3,3,5,10,5,5,svm,1.0,1.0,1.0,1.0,1.0,1.0
classification,wine,3,3,5,10,5,5,knn,0.9714285714285714,0.9714708994708994,0.974320987654321,0.9761904761904764,0.9973972197574682,0.9973972197574682
classification,wine,3,3,5,10,10,10,lr,0.9714285714285714,0.971651350598719,0.9701104613385314,0.9761904761904764,0.9986394557823128,0.9986394557823128
classification,wine,3,3,5,10,10,10,svm,0.9714285714285714,0.971651350598719,0.9701104613385314,0.9761904761904764,1.0,1.0
classification,wine,3,3,5,10,10,10,knn,0.9428571428571428,0.9419826489300174,0.9434817813765184,0.9523809523809524,0.9986394557823128,0.9986394557823128
classification,wine,3,3,5,10,13,13,lr,0.9714285714285714,0.971651350598719,0.9701104613385314,0.9761904761904764,1.0,1.0
classification,wine,3,3,5,10,13,13,svm,1.0,1.0,1.0,1.0,1.0,1.0
classification,wine,3,3,5,10,13,13,knn,0.9714285714285714,0.971651350598719,0.9701104613385314,0.9761904761904764,0.9788592360020932,0.9788592360020932
classification,wine,3,3,10,20,5,5,lr,0.9428571428571428,0.9428571428571428,0.9484126984126984,0.9484126984126984,0.9920733510795624,0.9920733510795624
classification,wine,3,3,10,20,5,5,svm,1.0,1.0,1.0,1.0,1.0,1.0
classification,wine,3,3,10,20,5,5,knn,0.9714285714285714,0.9714708994708994,0.974320987654321,0.9761904761904764,0.9973972197574682,0.9973972197574682
classification,wine,3,3,10,20,10,10,lr,0.9714285714285714,0.971651350598719,0.9701104613385314,0.9761904761904764,0.9986394557823128,0.9986394557823128
classification,wine,3,3,10,20,10,10,svm,0.9714285714285714,0.971651350598719,0.9701104613385314,0.9761904761904764,1.0,1.0
classification,wine,3,3,10,20,10,10,knn,0.9428571428571428,0.9419826489300174,0.9434817813765184,0.9523809523809524,0.9986394557823128,0.9986394557823128
classification,wine,3,3,10,20,13,13,lr,0.9714285714285714,0.971651350598719,0.9701104613385314,0.9761904761904764,1.0,1.0
classification,wine,3,3,10,20,13,13,svm,1.0,1.0,1.0,1.0,1.0,1.0
classification,wine,3,3,10,20,13,13,knn,0.9714285714285714,0.971651350598719,0.9701104613385314,0.9761904761904764,0.9788592360020932,0.9788592360020932
classification,wine,3,3,20,40,5,5,lr,0.9428571428571428,0.9428571428571428,0.9484126984126984,0.9484126984126984,0.9920733510795624,0.9920733510795624
classification,wine,3,3,20,40,5,5,svm,1.0,1.0,1.0,1.0,1.0,1.0
classification,wine,3,3,20,40,5,5,knn,0.9714285714285714,0.9714708994708994,0.974320987654321,0.9761904761904764,0.9973972197574682,0.9973972197574682
classification,wine,3,3,20,40,10,10,lr,0.9714285714285714,0.971651350598719,0.9701104613385314,0.9761904761904764,0.9986394557823128,0.9986394557823128
classification,wine,3,3,20,40,10,10,svm,0.9714285714285714,0.971651350598719,0.9701104613385314,0.9761904761904764,1.0,1.0
classification,wine,3,3,20,40,10,10,knn,0.9428571428571428,0.9419826489300174,0.9434817813765184,0.9523809523809524,0.9986394557823128,0.9986394557823128
classification,wine,3,3,20,40,13,13,lr,0.9714285714285714,0.971651350598719,0.9701104613385314,0.9761904761904764,1.0,1.0
classification,wine,3,3,20,40,13,13,svm,1.0,1.0,1.0,1.0,1.0,1.0
classification,wine,3,3,20,40,13,13,knn,0.9714285714285714,0.971651350598719,0.9701104613385314,0.9761904761904764,0.9788592360020932,0.9788592360020932
classification,wine,3,3,40,80,5,5,lr,0.9428571428571428,0.9428571428571428,0.9484126984126984,0.9484126984126984,0.9920733510795624,0.9920733510795624
classification,wine,3,3,40,80,5,5,svm,1.0,1.0,1.0,1.0,1.0,1.0
classification,wine,3,3,40,80,5,5,knn,0.9714285714285714,0.9714708994708994,0.974320987654321,0.9761904761904764,0.9973972197574682,0.9973972197574682
classification,wine,3,3,40,80,10,10,lr,0.9714285714285714,0.971651350598719,0.9701104613385314,0.9761904761904764,0.9986394557823128,0.9986394557823128
classification,wine,3,3,40,80,10,10,svm,0.9714285714285714,0.971651350598719,0.9701104613385314,0.9761904761904764,1.0,1.0
classification,wine,3,3,40,80,10,10,knn,0.9428571428571428,0.9419826489300174,0.9434817813765184,0.9523809523809524,0.9986394557823128,0.9986394557823128
classification,wine,3,3,40,80,13,13,lr,0.9714285714285714,0.971651350598719,0.9701104613385314,0.9761904761904764,1.0,1.0
classification,wine,3,3,40,80,13,13,svm,1.0,1.0,1.0,1.0,1.0,1.0
classification,wine,3,3,40,80,13,13,knn,0.9714285714285714,0.971651350598719,0.9701104613385314,0.9761904761904764,0.9788592360020932,0.9788592360020932
classification,wine,3,4,5,10,5,5,lr,0.9714285714285714,0.9716878402903812,0.970961887477314,0.977777777777778,1.0,1.0
classification,wine,3,4,5,10,5,5,svm,0.9714285714285714,0.9715570786035554,0.9740129935032484,0.977777777777778,1.0,1.0
classification,wine,3,4,5,10,5,5,knn,0.9428571428571428,0.9431972789115646,0.9484126984126984,0.9555555555555556,0.9947619047619046,0.9947619047619046
classification,wine,3,4,5,10,10,10,lr,0.9714285714285714,0.9716878402903812,0.970961887477314,0.977777777777778,1.0,1.0
classification,wine,3,4,5,10,10,10,svm,1.0,1.0,1.0,1.0,1.0,1.0
classification,wine,3,4,5,10,10,10,knn,0.9714285714285714,0.9715570786035554,0.9740129935032484,0.977777777777778,1.0,1.0
classification,wine,3,4,5,10,13,13,lr,1.0,1.0,1.0,1.0,1.0,1.0
classification,wine,3,4,5,10,13,13,svm,1.0,1.0,1.0,1.0,1.0,1.0
classification,wine,3,4,5,10,13,13,knn,1.0,1.0,1.0,1.0,1.0,1.0
classification,wine,3,4,10,20,5,5,lr,0.9714285714285714,0.9716878402903812,0.970961887477314,0.977777777777778,1.0,1.0
classification,wine,3,4,10,20,5,5,svm,0.9714285714285714,0.9715570786035554,0.9740129935032484,0.977777777777778,1.0,1.0
classification,wine,3,4,10,20,5,5,knn,0.9428571428571428,0.9431972789115646,0.9484126984126984,0.9555555555555556,0.9947619047619046,0.9947619047619046
classification,wine,3,4,10,20,10,10,lr,0.9714285714285714,0.9716878402903812,0.970961887477314,0.977777777777778,1.0,1.0
classification,wine,3,4,10,20,10,10,svm,1.0,1.0,1.0,1.0,1.0,1.0
classification,wine,3,4,10,20,10,10,knn,0.9714285714285714,0.9715570786035554,0.9740129935032484,0.977777777777778,1.0,1.0
classification,wine,3,4,10,20,13,13,lr,1.0,1.0,1.0,1.0,1.0,1.0
classification,wine,3,4,10,20,13,13,svm,1.0,1.0,1.0,1.0,1.0,1.0
classification,wine,3,4,10,20,13,13,knn,1.0,1.0,1.0,1.0,1.0,1.0
classification,wine,3,4,20,40,5,5,lr,0.9714285714285714,0.9716878402903812,0.970961887477314,0.977777777777778,1.0,1.0
classification,wine,3,4,20,40,5,5,svm,0.9714285714285714,0.9715570786035554,0.9740129935032484,0.977777777777778,1.0,1.0
classification,wine,3,4,20,40,5,5,knn,0.9428571428571428,0.9431972789115646,0.9484126984126984,0.9555555555555556,0.9947619047619046,0.9947619047619046
classification,wine,3,4,20,40,10,10,lr,0.9714285714285714,0.9716878402903812,0.970961887477314,0.977777777777778,1.0,1.0
classification,wine,3,4,20,40,10,10,svm,1.0,1.0,1.0,1.0,1.0,1.0
classification,wine,3,4,20,40,10,10,knn,0.9714285714285714,0.9715570786035554,0.9740129935032484,0.977777777777778,1.0,1.0
classification,wine,3,4,20,40,13,13,lr,1.0,1.0,1.0,1.0,1.0,1.0
classification,wine,3,4,20,40,13,13,svm,1.0,1.0,1.0,1.0,1.0,1.0
classification,wine,3,4,20,40,13,13,knn,1.0,1.0,1.0,1.0,1.0,1.0
classification,wine,3,4,40,80,5,5,lr,0.9714285714285714,0.9716878402903812,0.970961887477314,0.977777777777778,1.0,1.0
classification,wine,3,4,40,80,5,5,svm,0.9714285714285714,0.9715570786035554,0.9740129935032484,0.977777777777778,1.0,1.0
classification,wine,3,4,40,80,5,5,knn,0.9428571428571428,0.9431972789115646,0.9484126984126984,0.9555555555555556,0.9947619047619046,0.9947619047619046
classification,wine,3,4,40,80,10,10,lr,0.9714285714285714,0.9716878402903812,0.970961887477314,0.977777777777778,1.0,1.0
classification,wine,3,4,40,80,10,10,svm,1.0,1.0,1.0,1.0,1.0,1.0
classification,wine,3,4,40,80,10,10,knn,0.9714285714285714,0.9715570786035554,0.9740129935032484,0.977777777777778,1.0,1.0
classification,wine,3,4,40,80,13,13,lr,1.0,1.0,1.0,1.0,1.0,1.0
classification,wine,3,4,40,80,13,13,svm,1.0,1.0,1.0,1.0,1.0,1.0
classification,wine,3,4,40,80,13,13,knn,1.0,1.0,1.0,1.0,1.0,1.0
classification,wine,4,0,5,10,5,5,lr,1.0,1.0,1.0,1.0,1.0,1.0
classification,wine,4,0,5,10,5,5,svm,1.0,1.0,1.0,1.0,1.0,1.0
classification,wine,4,0,5,10,5,5,knn,1.0,1.0,1.0,1.0,1.0,1.0
classification,wine,4,0,5,10,10,10,lr,1.0,1.0,1.0,1.0,1.0,1.0
classification,wine,4,0,5,10,10,10,svm,1.0,1.0,1.0,1.0,1.0,1.0
classification,wine,4,0,5,10,10,10,knn,0.9722222222222222,0.9722633744855966,0.974320987654321,0.9761904761904764,1.0,1.0
classification,wine,4,0,5,10,13,13,lr,1.0,1.0,1.0,1.0,1.0,1.0
classification,wine,4,0,5,10,13,13,svm,1.0,1.0,1.0,1.0,1.0,1.0
classification,wine,4,0,5,10,13,13,knn,0.9722222222222222,0.9722633744855966,0.974320987654321,0.9761904761904764,1.0,1.0
classification,wine,4,0,10,20,5,5,lr,1.0,1.0,1.0,1.0,1.0,1.0
classification,wine,4,0,10,20,5,5,svm,1.0,1.0,1.0,1.0,1.0,1.0
classification,wine,4,0,10,20,5,5,knn,1.0,1.0,1.0,1.0,1.0,1.0
classification,wine,4,0,10,20,10,10,lr,1.0,1.0,1.0,1.0,1.0,1.0
classification,wine,4,0,10,20,10,10,svm,1.0,1.0,1.0,1.0,1.0,1.0
classification,wine,4,0,10,20,10,10,knn,0.9722222222222222,0.9722633744855966,0.974320987654321,0.9761904761904764,1.0,1.0
classification,wine,4,0,10,20,13,13,lr,1.0,1.0,1.0,1.0,1.0,1.0
classification,wine,4,0,10,20,13,13,svm,1.0,1.0,1.0,1.0,1.0,1.0
classification,wine,4,0,10,20,13,13,knn,0.9722222222222222,0.9722633744855966,0.974320987654321,0.9761904761904764,1.0,1.0
classification,wine,4,0,20,40,5,5,lr,1.0,1.0,1.0,1.0,1.0,1.0
classification,wine,4,0,20,40,5,5,svm,1.0,1.0,1.0,1.0,1.0,1.0
classification,wine,4,0,20,40,5,5,knn,1.0,1.0,1.0,1.0,1.0,1.0
classification,wine,4,0,20,40,10,10,lr,1.0,1.0,1.0,1.0,1.0,1.0
classification,wine,4,0,20,40,10,10,svm,1.0,1.0,1.0,1.0,1.0,1.0
classification,wine,4,0,20,40,10,10,knn,0.9722222222222222,0.9722633744855966,0.974320987654321,0.9761904761904764,1.0,1.0
classification,wine,4,0,20,40,13,13,lr,1.0,1.0,1.0,1.0,1.0,1.0
classification,wine,4,0,20,40,13,13,svm,1.0,1.0,1.0,1.0,1.0,1.0
classification,wine,4,0,20,40,13,13,knn,0.9722222222222222,0.9722633744855966,0.974320987654321,0.9761904761904764,1.0,1.0
classification,wine,4,0,40,80,5,5,lr,1.0,1.0,1.0,1.0,1.0,1.0
classification,wine,4,0,40,80,5,5,svm,1.0,1.0,1.0,1.0,1.0,1.0
classification,wine,4,0,40,80,5,5,knn,1.0,1.0,1.0,1.0,1.0,1.0
classification,wine,4,0,40,80,10,10,lr,1.0,1.0,1.0,1.0,1.0,1.0
classification,wine,4,0,40,80,10,10,svm,1.0,1.0,1.0,1.0,1.0,1.0
classification,wine,4,0,40,80,10,10,knn,0.9722222222222222,0.9722633744855966,0.974320987654321,0.9761904761904764,1.0,1.0
classification,wine,4,0,40,80,13,13,lr,1.0,1.0,1.0,1.0,1.0,1.0
classification,wine,4,0,40,80,13,13,svm,1.0,1.0,1.0,1.0,1.0,1.0
classification,wine,4,0,40,80,13,13,knn,0.9722222222222222,0.9722633744855966,0.974320987654321,0.9761904761904764,1.0,1.0
classification,wine,4,1,5,10,5,5,lr,0.9722222222222222,0.9722633744855966,0.974320987654321,0.9761904761904764,0.99631734006734,0.99631734006734
classification,wine,4,1,5,10,5,5,svm,0.9722222222222222,0.9722633744855966,0.974320987654321,0.9761904761904764,0.9803240740740742,0.9803240740740742
classification,wine,4,1,5,10,5,5,knn,0.8611111111111112,0.8546123763515069,0.8640441683919944,0.8809523809523809,0.9791666666666666,0.9791666666666666
classification,wine,4,1,5,10,10,10,lr,0.9722222222222222,0.9722633744855966,0.974320987654321,0.9761904761904764,0.99631734006734,0.99631734006734
classification,wine,4,1,5,10,10,10,svm,1.0,1.0,1.0,1.0,1.0,1.0
classification,wine,4,1,5,10,10,10,knn,0.9444444444444444,0.9444444444444444,0.9487179487179488,0.9523809523809524,1.0,1.0
classification,wine,4,1,5,10,13,13,lr,0.9166666666666666,0.9165292147748288,0.9197780776728144,0.919047619047619,0.9974747474747474,0.9974747474747474
classification,wine,4,1,5,10,13,13,svm,0.9722222222222222,0.9719701552732408,0.970961887477314,0.9666666666666668,0.9974747474747474,0.9974747474747474
classification,wine,4,1,5,10,13,13,knn,0.9166666666666666,0.9162962962962964,0.9229629629629628,0.9285714285714284,0.9779040404040404,0.9779040404040404
classification,wine,4,1,10,20,5,5,lr,0.9722222222222222,0.9722633744855966,0.974320987654321,0.9761904761904764,0.99631734006734,0.99631734006734
classification,wine,4,1,10,20,5,5,svm,0.9722222222222222,0.9722633744855966,0.974320987654321,0.9761904761904764,0.9803240740740742,0.9803240740740742
classification,wine,4,1,10,20,5,5,knn,0.8611111111111112,0.8546123763515069,0.8640441683919944,0.8809523809523809,0.9791666666666666,0.9791666666666666
classification,wine,4,1,10,20,10,10,lr,0.9722222222222222,0.9722633744855966,0.974320987654321,0.9761904761904764,0.99631734006734,0.99631734006734
classification,wine,4,1,10,20,10,10,svm,1.0,1.0,1.0,1.0,1.0,1.0
classification,wine,4,1,10,20,10,10,knn,0.9444444444444444,0.9444444444444444,0.9487179487179488,0.9523809523809524,1.0,1.0
classification,wine,4,1,10,20,13,13,lr,0.9166666666666666,0.9165292147748288,0.9197780776728144,0.919047619047619,0.9974747474747474,0.9974747474747474
classification,wine,4,1,10,20,13,13,svm,0.9722222222222222,0.9719701552732408,0.970961887477314,0.9666666666666668,0.9974747474747474,0.9974747474747474
classification,wine,4,1,10,20,13,13,knn,0.9166666666666666,0.9162962962962964,0.9229629629629628,0.9285714285714284,0.9779040404040404,0.9779040404040404
classification,wine,4,1,20,40,5,5,lr,0.9444444444444444,0.9444444444444444,0.9484126984126984,0.9484126984126984,0.9951599326599329,0.9951599326599329
classification,wine,4,1,20,40,5,5,svm,0.9166666666666666,0.9162962962962964,0.9229629629629628,0.9285714285714284,0.987689393939394,0.987689393939394
classification,wine,4,1,20,40,5,5,knn,0.8888888888888888,0.8875661375661376,0.8968253968253969,0.9047619047619048,0.97795664983165,0.97795664983165
classification,wine,4,1,20,40,10,10,lr,0.9722222222222222,0.9722633744855966,0.974320987654321,0.9761904761904764,0.99631734006734,0.99631734006734
classification,wine,4,1,20,40,10,10,svm,1.0,1.0,1.0,1.0,1.0,1.0
classification,wine,4,1,20,40,10,10,knn,0.9444444444444444,0.9444444444444444,0.9487179487179488,0.9523809523809524,1.0,1.0
classification,wine,4,1,20,40,13,13,lr,0.9166666666666666,0.9165292147748288,0.9197780776728144,0.919047619047619,0.9974747474747474,0.9974747474747474
classification,wine,4,1,20,40,13,13,svm,0.9722222222222222,0.9719701552732408,0.970961887477314,0.9666666666666668,0.9974747474747474,0.9974747474747474
classification,wine,4,1,20,40,13,13,knn,0.9166666666666666,0.9162962962962964,0.9229629629629628,0.9285714285714284,0.9779040404040404,0.9779040404040404
classification,wine,4,1,40,80,5,5,lr,0.9444444444444444,0.9444444444444444,0.9484126984126984,0.9484126984126984,0.9951599326599329,0.9951599326599329
classification,wine,4,1,40,80,5,5,svm,0.9166666666666666,0.9162962962962964,0.9229629629629628,0.9285714285714284,0.987689393939394,0.987689393939394
classification,wine,4,1,40,80,5,5,knn,0.8888888888888888,0.8875661375661376,0.8968253968253969,0.9047619047619048,0.97795664983165,0.97795664983165
classification,wine,4,1,40,80,10,10,lr,0.9722222222222222,0.9722633744855966,0.974320987654321,0.9761904761904764,0.99631734006734,0.99631734006734
classification,wine,4,1,40,80,10,10,svm,1.0,1.0,1.0,1.0,1.0,1.0
classification,wine,4,1,40,80,10,10,knn,0.9444444444444444,0.9444444444444444,0.9487179487179488,0.9523809523809524,1.0,1.0
classification,wine,4,1,40,80,13,13,lr,0.9166666666666666,0.9165292147748288,0.9197780776728144,0.919047619047619,0.9974747474747474,0.9974747474747474
classification,wine,4,1,40,80,13,13,svm,0.9722222222222222,0.9719701552732408,0.970961887477314,0.9666666666666668,0.9974747474747474,0.9974747474747474
classification,wine,4,1,40,80,13,13,knn,0.9166666666666666,0.9162962962962964,0.9229629629629628,0.9285714285714284,0.9779040404040404,0.9779040404040404
classification,wine,4,2,5,10,5,5,lr,0.9166666666666666,0.9157848324514992,0.9193121693121692,0.9246031746031744,0.99631734006734,0.99631734006734
classification,wine,4,2,5,10,5,5,svm,0.9166666666666666,0.9147474747474748,0.9163636363636364,0.9285714285714284,1.0,1.0
classification,wine,4,2,5,10,5,5,knn,0.9722222222222222,0.9722633744855966,0.974320987654321,0.9761904761904764,1.0,1.0
classification,wine,4,2,5,10,10,10,lr,0.8888888888888888,0.8871406371406372,0.8906371406371406,0.9007936507936508,0.9878674566174566,0.9878674566174566
classification,wine,4,2,5,10,10,10,svm,0.9166666666666666,0.9170448445810764,0.9181671790367442,0.9246031746031744,0.9891300828800828,0.9891300828800828
classification,wine,4,2,5,10,10,10,knn,0.9166666666666666,0.9170448445810764,0.9181671790367442,0.9246031746031744,0.9728535353535354,0.9728535353535354
classification,wine,4,2,5,10,13,13,lr,0.9444444444444444,0.9448329448329448,0.944055944055944,0.9523809523809524,0.9964063714063712,0.9964063714063712
classification,wine,4,2,5,10,13,13,svm,0.9166666666666666,0.9174995835415624,0.9176911544227888,0.915079365079365,0.992812742812743,0.992812742812743
classification,wine,4,2,5,10,13,13,knn,0.9166666666666666,0.9171075837742504,0.9153439153439152,0.919047619047619,0.9953379953379954,0.9953379953379954
classification,wine,4,2,10,20,5,5,lr,0.9166666666666666,0.9157848324514992,0.9193121693121692,0.9246031746031744,0.99631734006734,0.99631734006734
classification,wine,4,2,10,20,5,5,svm,0.9166666666666666,0.9147474747474748,0.9163636363636364,0.9285714285714284,1.0,1.0
classification,wine,4,2,10,20,5,5,knn,0.9722222222222222,0.9722633744855966,0.974320987654321,0.9761904761904764,1.0,1.0
classification,wine,4,2,10,20,10,10,lr,0.8888888888888888,0.8871406371406372,0.8906371406371406,0.9007936507936508,0.9878674566174566,0.9878674566174566
classification,wine,4,2,10,20,10,10,svm,0.9166666666666666,0.9170448445810764,0.9181671790367442,0.9246031746031744,0.9891300828800828,0.9891300828800828
classification,wine,4,2,10,20,10,10,knn,0.9166666666666666,0.9170448445810764,0.9181671790367442,0.9246031746031744,0.9728535353535354,0.9728535353535354
classification,wine,4,2,10,20,13,13,lr,0.9444444444444444,0.9448329448329448,0.944055944055944,0.9523809523809524,0.9964063714063712,0.9964063714063712
classification,wine,4,2,10,20,13,13,svm,0.9166666666666666,0.9174995835415624,0.9176911544227888,0.915079365079365,0.992812742812743,0.992812742812743
classification,wine,4,2,10,20,13,13,knn,0.9166666666666666,0.9171075837742504,0.9153439153439152,0.919047619047619,0.9953379953379954,0.9953379953379954
classification,wine,4,2,20,40,5,5,lr,0.9166666666666666,0.9157848324514992,0.9193121693121692,0.9246031746031744,0.99631734006734,0.99631734006734
classification,wine,4,2,20,40,5,5,svm,0.9166666666666666,0.9147474747474748,0.9163636363636364,0.9285714285714284,1.0,1.0
classification,wine,4,2,20,40,5,5,knn,0.9722222222222222,0.9722633744855966,0.974320987654321,0.9761904761904764,1.0,1.0
classification,wine,4,2,20,40,10,10,lr,0.8888888888888888,0.8871406371406372,0.8906371406371406,0.9007936507936508,0.9878674566174566,0.9878674566174566
classification,wine,4,2,20,40,10,10,svm,0.9166666666666666,0.9170448445810764,0.9181671790367442,0.9246031746031744,0.9891300828800828,0.9891300828800828
classification,wine,4,2,20,40,10,10,knn,0.9166666666666666,0.9170448445810764,0.9181671790367442,0.9246031746031744,0.9728535353535354,0.9728535353535354
classification,wine,4,2,20,40,13,13,lr,0.9444444444444444,0.9448329448329448,0.944055944055944,0.9523809523809524,0.9964063714063712,0.9964063714063712
classification,wine,4,2,20,40,13,13,svm,0.9166666666666666,0.9174995835415624,0.9176911544227888,0.915079365079365,0.992812742812743,0.992812742812743
classification,wine,4,2,20,40,13,13,knn,0.9166666666666666,0.9171075837742504,0.9153439153439152,0.919047619047619,0.9953379953379954,0.9953379953379954
classification,wine,4,2,40,80,5,5,lr,0.9166666666666666,0.9157848324514992,0.9193121693121692,0.9246031746031744,0.99631734006734,0.99631734006734
classification,wine,4,2,40,80,5,5,svm,0.9166666666666666,0.9147474747474748,0.9163636363636364,0.9285714285714284,1.0,1.0
classification,wine,4,2,40,80,5,5,knn,0.9722222222222222,0.9722633744855966,0.974320987654321,0.9761904761904764,1.0,1.0
classification,wine,4,2,40,80,10,10,lr,0.8888888888888888,0.8871406371406372,0.8906371406371406,0.9007936507936508,0.9878674566174566,0.9878674566174566
classification,wine,4,2,40,80,10,10,svm,0.9166666666666666,0.9170448445810764,0.9181671790367442,0.9246031746031744,0.9891300828800828,0.9891300828800828
classification,wine,4,2,40,80,10,10,knn,0.9166666666666666,0.9170448445810764,0.9181671790367442,0.9246031746031744,0.9728535353535354,0.9728535353535354
classification,wine,4,2,40,80,13,13,lr,0.9444444444444444,0.9448329448329448,0.944055944055944,0.9523809523809524,0.9964063714063712,0.9964063714063712
classification,wine,4,2,40,80,13,13,svm,0.9166666666666666,0.9174995835415624,0.9176911544227888,0.915079365079365,0.992812742812743,0.992812742812743
classification,wine,4,2,40,80,13,13,knn,0.9166666666666666,0.9171075837742504,0.9153439153439152,0.919047619047619,0.9953379953379954,0.9953379953379954
classification,wine,4,3,5,10,5,5,lr,0.9428571428571428,0.9429879045439686,0.9441538629181648,0.9484126984126984,0.9986394557823128,0.9986394557823128
classification,wine,4,3,5,10,5,5,svm,0.9428571428571428,0.9429879045439686,0.9441538629181648,0.9484126984126984,0.996036675539781,0.996036675539781
classification,wine,4,3,5,10,5,5,knn,0.9428571428571428,0.9428571428571428,0.9484126984126984,0.9484126984126984,0.9973972197574682,0.9973972197574682
classification,wine,4,3,5,10,10,10,lr,0.9714285714285714,0.971651350598719,0.9701104613385314,0.9761904761904764,1.0,1.0
classification,wine,4,3,5,10,10,10,svm,1.0,1.0,1.0,1.0,1.0,1.0
classification,wine,4,3,5,10,10,10,knn,1.0,1.0,1.0,1.0,1.0,1.0
classification,wine,4,3,5,10,13,13,lr,0.9714285714285714,0.971651350598719,0.9701104613385314,0.9761904761904764,1.0,1.0
classification,wine,4,3,5,10,13,13,svm,1.0,1.0,1.0,1.0,1.0,1.0
classification,wine,4,3,5,10,13,13,knn,0.9714285714285714,0.971651350598719,0.9701104613385314,0.9761904761904764,1.0,1.0
classification,wine,4,3,10,20,5,5,lr,0.9428571428571428,0.9429879045439686,0.9441538629181648,0.9484126984126984,0.9986394557823128,0.9986394557823128
classification,wine,4,3,10,20,5,5,svm,0.9428571428571428,0.9429879045439686,0.9441538629181648,0.9484126984126984,0.996036675539781,0.996036675539781
classification,wine,4,3,10,20,5,5,knn,0.9428571428571428,0.9428571428571428,0.9484126984126984,0.9484126984126984,0.9973972197574682,0.9973972197574682
classification,wine,4,3,10,20,10,10,lr,0.9714285714285714,0.971651350598719,0.9701104613385314,0.9761904761904764,1.0,1.0
classification,wine,4,3,10,20,10,10,svm,1.0,1.0,1.0,1.0,1.0,1.0
classification,wine,4,3,10,20,10,10,knn,1.0,1.0,1.0,1.0,1.0,1.0
classification,wine,4,3,10,20,13,13,lr,0.9714285714285714,0.971651350598719,0.9701104613385314,0.9761904761904764,1.0,1.0
classification,wine,4,3,10,20,13,13,svm,1.0,1.0,1.0,1.0,1.0,1.0
classification,wine,4,3,10,20,13,13,knn,0.9714285714285714,0.971651350598719,0.9701104613385314,0.9761904761904764,1.0,1.0
classification,wine,4,3,20,40,5,5,lr,0.9428571428571428,0.9429879045439686,0.9441538629181648,0.9484126984126984,0.9986394557823128,0.9986394557823128
classification,wine,4,3,20,40,5,5,svm,0.9428571428571428,0.9429879045439686,0.9441538629181648,0.9484126984126984,0.996036675539781,0.996036675539781
classification,wine,4,3,20,40,5,5,knn,0.9428571428571428,0.9428571428571428,0.9484126984126984,0.9484126984126984,0.9973972197574682,0.9973972197574682
classification,wine,4,3,20,40,10,10,lr,0.9714285714285714,0.971651350598719,0.9701104613385314,0.9761904761904764,1.0,1.0
classification,wine,4,3,20,40,10,10,svm,1.0,1.0,1.0,1.0,1.0,1.0
classification,wine,4,3,20,40,10,10,knn,1.0,1.0,1.0,1.0,1.0,1.0
classification,wine,4,3,20,40,13,13,lr,0.9714285714285714,0.971651350598719,0.9701104613385314,0.9761904761904764,1.0,1.0
classification,wine,4,3,20,40,13,13,svm,1.0,1.0,1.0,1.0,1.0,1.0
classification,wine,4,3,20,40,13,13,knn,0.9714285714285714,0.971651350598719,0.9701104613385314,0.9761904761904764,1.0,1.0
classification,wine,4,3,40,80,5,5,lr,0.9428571428571428,0.9429879045439686,0.9441538629181648,0.9484126984126984,0.9986394557823128,0.9986394557823128
classification,wine,4,3,40,80,5,5,svm,0.9428571428571428,0.9429879045439686,0.9441538629181648,0.9484126984126984,0.996036675539781,0.996036675539781
classification,wine,4,3,40,80,5,5,knn,0.9428571428571428,0.9428571428571428,0.9484126984126984,0.9484126984126984,0.9973972197574682,0.9973972197574682
classification,wine,4,3,40,80,10,10,lr,0.9714285714285714,0.971651350598719,0.9701104613385314,0.9761904761904764,1.0,1.0
classification,wine,4,3,40,80,10,10,svm,1.0,1.0,1.0,1.0,1.0,1.0
classification,wine,4,3,40,80,10,10,knn,1.0,1.0,1.0,1.0,1.0,1.0
classification,wine,4,3,40,80,13,13,lr,0.9714285714285714,0.971651350598719,0.9701104613385314,0.9761904761904764,1.0,1.0
classification,wine,4,3,40,80,13,13,svm,1.0,1.0,1.0,1.0,1.0,1.0
classification,wine,4,3,40,80,13,13,knn,0.9714285714285714,0.971651350598719,0.9701104613385314,0.9761904761904764,1.0,1.0
classification,wine,4,4,5,10,5,5,lr,0.9428571428571428,0.9421893242422829,0.9441538629181648,0.9555555555555556,0.9827106227106228,0.9827106227106228
classification,wine,4,4,5,10,5,5,svm,0.9714285714285714,0.9716878402903812,0.970961887477314,0.977777777777778,1.0,1.0
classification,wine,4,4,5,10,5,5,knn,0.9428571428571428,0.9421893242422829,0.9441538629181648,0.9555555555555556,0.9985714285714288,0.9985714285714288
classification,wine,4,4,5,10,10,10,lr,0.9428571428571428,0.9436734693877552,0.942857142857143,0.9555555555555556,0.9985714285714288,0.9985714285714288
classification,wine,4,4,5,10,10,10,svm,0.9714285714285714,0.9716878402903812,0.970961887477314,0.977777777777778,1.0,1.0
classification,wine,4,4,5,10,10,10,knn,0.9714285714285714,0.9716878402903812,0.970961887477314,0.977777777777778,1.0,1.0
classification,wine,4,4,5,10,13,13,lr,0.9714285714285714,0.9716878402903812,0.970961887477314,0.977777777777778,0.9985714285714288,0.9985714285714288
classification,wine,4,4,5,10,13,13,svm,1.0,1.0,1.0,1.0,1.0,1.0
classification,wine,4,4,5,10,13,13,knn,0.9142857142857144,0.9130020703933748,0.9151368760064412,0.9333333333333332,1.0,1.0
classification,wine,4,4,10,20,5,5,lr,0.9428571428571428,0.9421893242422829,0.9441538629181648,0.9555555555555556,0.9827106227106228,0.9827106227106228
classification,wine,4,4,10,20,5,5,svm,0.9714285714285714,0.9716878402903812,0.970961887477314,0.977777777777778,1.0,1.0
classification,wine,4,4,10,20,5,5,knn,0.9428571428571428,0.9421893242422829,0.9441538629181648,0.9555555555555556,0.9985714285714288,0.9985714285714288
classification,wine,4,4,10,20,10,10,lr,0.9428571428571428,0.9436734693877552,0.942857142857143,0.9555555555555556,0.9985714285714288,0.9985714285714288
classification,wine,4,4,10,20,10,10,svm,0.9714285714285714,0.9716878402903812,0.970961887477314,0.977777777777778,1.0,1.0
classification,wine,4,4,10,20,10,10,knn,0.9714285714285714,0.9716878402903812,0.970961887477314,0.977777777777778,1.0,1.0
classification,wine,4,4,10,20,13,13,lr,0.9714285714285714,0.9716878402903812,0.970961887477314,0.977777777777778,0.9985714285714288,0.9985714285714288
classification,wine,4,4,10,20,13,13,svm,1.0,1.0,1.0,1.0,1.0,1.0
classification,wine,4,4,10,20,13,13,knn,0.9142857142857144,0.9130020703933748,0.9151368760064412,0.9333333333333332,1.0,1.0
classification,wine,4,4,20,40,5,5,lr,0.9428571428571428,0.9421893242422829,0.9441538629181648,0.9555555555555556,0.9827106227106228,0.9827106227106228
classification,wine,4,4,20,40,5,5,svm,0.9714285714285714,0.9716878402903812,0.970961887477314,0.977777777777778,1.0,1.0
classification,wine,4,4,20,40,5,5,knn,0.9428571428571428,0.9421893242422829,0.9441538629181648,0.9555555555555556,0.9985714285714288,0.9985714285714288
classification,wine,4,4,20,40,10,10,lr,0.9428571428571428,0.9436734693877552,0.942857142857143,0.9555555555555556,0.9985714285714288,0.9985714285714288
classification,wine,4,4,20,40,10,10,svm,0.9714285714285714,0.9716878402903812,0.970961887477314,0.977777777777778,1.0,1.0
classification,wine,4,4,20,40,10,10,knn,0.9714285714285714,0.9716878402903812,0.970961887477314,0.977777777777778,1.0,1.0
classification,wine,4,4,20,40,13,13,lr,0.9714285714285714,0.9716878402903812,0.970961887477314,0.977777777777778,0.9985714285714288,0.9985714285714288
classification,wine,4,4,20,40,13,13,svm,1.0,1.0,1.0,1.0,1.0,1.0
classification,wine,4,4,20,40,13,13,knn,0.9142857142857144,0.9130020703933748,0.9151368760064412,0.9333333333333332,1.0,1.0
classification,wine,4,4,40,80,5,5,lr,0.9428571428571428,0.9421893242422829,0.9441538629181648,0.9555555555555556,0.9827106227106228,0.9827106227106228
classification,wine,4,4,40,80,5,5,svm,0.9714285714285714,0.9716878402903812,0.970961887477314,0.977777777777778,1.0,1.0
classification,wine,4,4,40,80,5,5,knn,0.9428571428571428,0.9421893242422829,0.9441538629181648,0.9555555555555556,0.9985714285714288,0.9985714285714288
classification,wine,4,4,40,80,10,10,lr,0.9428571428571428,0.9436734693877552,0.942857142857143,0.9555555555555556,1.0,1.0
classification,wine,4,4,40,80,10,10,svm,0.9714285714285714,0.9716878402903812,0.970961887477314,0.977777777777778,1.0,1.0
classification,wine,4,4,40,80,10,10,knn,0.9428571428571428,0.9421893242422829,0.9441538629181648,0.9555555555555556,1.0,1.0
classification,wine,4,4,40,80,13,13,lr,0.9714285714285714,0.9716878402903812,0.970961887477314,0.977777777777778,0.9985714285714288,0.9985714285714288
classification,wine,4,4,40,80,13,13,svm,1.0,1.0,1.0,1.0,1.0,1.0
classification,wine,4,4,40,80,13,13,knn,0.9142857142857144,0.9130020703933748,0.9151368760064412,0.9333333333333332,1.0,1.0
classification,glass,0,0,5,10,5,5,lr,0.813953488372093,0.8198915492419903,0.8315544608648057,0.9166666666666666,0.9741171403962102,0.9741171403962102
classification,glass,0,0,5,10,5,5,svm,0.813953488372093,0.8198915492419903,0.8315544608648057,0.9166666666666666,0.9962532299741602,0.9962532299741602
classification,glass,0,0,5,10,5,5,knn,0.8837209302325582,0.8839214113873296,0.8682950191570882,0.9027777777777776,0.9704134366925066,0.9704134366925066
classification,glass,0,0,5,10,10,10,lr,0.8604651162790697,0.8650316804286332,0.8653151446254895,0.9375,0.982811339808132,0.982811339808132
classification,glass,0,0,5,10,10,10,svm,0.9069767441860463,0.9105204872646732,0.8825396825396826,0.9131944444444444,0.9930663221360896,0.9930663221360896
classification,glass,0,0,5,10,10,10,knn,0.8604651162790697,0.8426859961743681,0.7832611832611832,0.7395833333333334,0.9803186907838072,0.9803186907838072
classification,glass,0,0,10,20,5,5,lr,0.813953488372093,0.8198915492419903,0.8315544608648057,0.9166666666666666,0.9741171403962102,0.9741171403962102
classification,glass,0,0,10,20,5,5,svm,0.813953488372093,0.8198915492419903,0.8315544608648057,0.9166666666666666,0.9962532299741602,0.9962532299741602
classification,glass,0,0,10,20,5,5,knn,0.8837209302325582,0.8839214113873296,0.8682950191570882,0.9027777777777776,0.9704134366925066,0.9704134366925066
classification,glass,0,0,10,20,10,10,lr,0.8604651162790697,0.8650316804286332,0.8653151446254895,0.9375,0.982811339808132,0.982811339808132
classification,glass,0,0,10,20,10,10,svm,0.9069767441860463,0.9105204872646732,0.8825396825396826,0.9131944444444444,0.9930663221360896,0.9930663221360896
classification,glass,0,0,10,20,10,10,knn,0.8604651162790697,0.8426859961743681,0.7832611832611832,0.7395833333333334,0.9803186907838072,0.9803186907838072
classification,glass,0,0,20,40,5,5,lr,0.813953488372093,0.8198915492419903,0.8315544608648057,0.9166666666666666,0.9741171403962102,0.9741171403962102
classification,glass,0,0,20,40,5,5,svm,0.813953488372093,0.8198915492419903,0.8315544608648057,0.9166666666666666,0.9962532299741602,0.9962532299741602
classification,glass,0,0,20,40,5,5,knn,0.8837209302325582,0.8839214113873296,0.8682950191570882,0.9027777777777776,0.9704134366925066,0.9704134366925066
classification,glass,0,0,20,40,10,10,lr,0.8604651162790697,0.8650316804286332,0.8653151446254895,0.9375,0.982811339808132,0.982811339808132
classification,glass,0,0,20,40,10,10,svm,0.9069767441860463,0.9105204872646732,0.8825396825396826,0.9131944444444444,0.9930663221360896,0.9930663221360896
classification,glass,0,0,20,40,10,10,knn,0.8604651162790697,0.8426859961743681,0.7832611832611832,0.7395833333333334,0.9803186907838072,0.9803186907838072
classification,glass,0,0,40,80,5,5,lr,0.813953488372093,0.8198915492419903,0.8315544608648057,0.9166666666666666,0.9741171403962102,0.9741171403962102
classification,glass,0,0,40,80,5,5,svm,0.813953488372093,0.8198915492419903,0.8315544608648057,0.9166666666666666,0.9962532299741602,0.9962532299741602
classification,glass,0,0,40,80,5,5,knn,0.8837209302325582,0.8839214113873296,0.8682950191570882,0.9027777777777776,0.9704134366925066,0.9704134366925066
classification,glass,0,0,40,80,10,10,lr,0.8604651162790697,0.8650316804286332,0.8653151446254895,0.9375,0.982811339808132,0.982811339808132
classification,glass,0,0,40,80,10,10,svm,0.9069767441860463,0.9105204872646732,0.8825396825396826,0.9131944444444444,0.9930663221360896,0.9930663221360896
classification,glass,0,0,40,80,10,10,knn,0.8604651162790697,0.8426859961743681,0.7832611832611832,0.7395833333333334,0.9803186907838072,0.9803186907838072
classification,glass,0,1,5,10,5,5,lr,0.8837209302325582,0.8782323404416428,0.833189187355854,0.8103174603174604,0.9884089723851496,0.9884089723851496
classification,glass,0,1,5,10,5,5,svm,0.9069767441860463,0.9061209746881164,0.8471425726802071,0.8519841269841271,0.9969120027259564,0.9969120027259564
classification,glass,0,1,5,10,5,5,knn,0.9069767441860463,0.8876673713883017,0.7959595959595959,0.7916666666666666,1.0,1.0
classification,glass,0,1,5,10,10,10,lr,0.9069767441860463,0.9104220499569338,0.9160493827160492,0.9242063492063493,0.9899340835587828,0.9899340835587828
classification,glass,0,1,5,10,10,10,svm,0.8837209302325582,0.8881506090808416,0.8095238095238094,0.8416666666666667,0.9909702700400376,0.9909702700400376
classification,glass,0,1,5,10,10,10,knn,0.8837209302325582,0.8724181045261316,0.8286738351254481,0.8527777777777779,0.9681190902121134,0.9681190902121134
classification,glass,0,1,10,20,5,5,lr,0.8837209302325582,0.8782323404416428,0.833189187355854,0.8103174603174604,0.9884089723851496,0.9884089723851496
classification,glass,0,1,10,20,5,5,svm,0.9069767441860463,0.9061209746881164,0.8471425726802071,0.8519841269841271,0.9969120027259564,0.9969120027259564
classification,glass,0,1,10,20,5,5,knn,0.9069767441860463,0.8876673713883017,0.7959595959595959,0.7916666666666666,1.0,1.0
classification,glass,0,1,10,20,10,10,lr,0.9069767441860463,0.9104220499569338,0.9160493827160492,0.9242063492063493,0.9899340835587828,0.9899340835587828
classification,glass,0,1,10,20,10,10,svm,0.8837209302325582,0.8881506090808416,0.8095238095238094,0.8416666666666667,0.9909702700400376,0.9909702700400376
classification,glass,0,1,10,20,10,10,knn,0.8837209302325582,0.8724181045261316,0.8286738351254481,0.8527777777777779,0.9681190902121134,0.9681190902121134
classification,glass,0,1,20,40,5,5,lr,0.8837209302325582,0.8782323404416428,0.833189187355854,0.8103174603174604,0.9884089723851496,0.9884089723851496
classification,glass,0,1,20,40,5,5,svm,0.9069767441860463,0.9061209746881164,0.8471425726802071,0.8519841269841271,0.9969120027259564,0.9969120027259564
classification,glass,0,1,20,40,5,5,knn,0.9069767441860463,0.8876673713883017,0.7959595959595959,0.7916666666666666,1.0,1.0
classification,glass,0,1,20,40,10,10,lr,0.9069767441860463,0.9104220499569338,0.9160493827160492,0.9242063492063493,0.9899340835587828,0.9899340835587828
classification,glass,0,1,20,40,10,10,svm,0.8837209302325582,0.8881506090808416,0.8095238095238094,0.8416666666666667,0.9909702700400376,0.9909702700400376
classification,glass,0,1,20,40,10,10,knn,0.8837209302325582,0.8724181045261316,0.8286738351254481,0.8527777777777779,0.9681190902121134,0.9681190902121134
classification,glass,0,1,40,80,5,5,lr,0.8837209302325582,0.8782323404416428,0.833189187355854,0.8103174603174604,0.9884089723851496,0.9884089723851496
classification,glass,0,1,40,80,5,5,svm,0.9069767441860463,0.9061209746881164,0.8471425726802071,0.8519841269841271,0.9969120027259564,0.9969120027259564
classification,glass,0,1,40,80,5,5,knn,0.9069767441860463,0.8876673713883017,0.7959595959595959,0.7916666666666666,1.0,1.0
classification,glass,0,1,40,80,10,10,lr,0.9069767441860463,0.9104220499569338,0.9160493827160492,0.9242063492063493,0.9899340835587828,0.9899340835587828
classification,glass,0,1,40,80,10,10,svm,0.8837209302325582,0.8881506090808416,0.8095238095238094,0.8416666666666667,0.9909702700400376,0.9909702700400376
classification,glass,0,1,40,80,10,10,knn,0.8837209302325582,0.8724181045261316,0.8286738351254481,0.8527777777777779,0.9681190902121134,0.9681190902121134
classification,glass,0,2,5,10,5,5,lr,0.9069767441860463,0.9091395105829748,0.8747242540345989,0.8833333333333333,0.99385264561688,0.99385264561688
classification,glass,0,2,5,10,5,5,svm,0.9302325581395348,0.9314087142475276,0.9424010217113666,0.9666666666666668,1.0,1.0
classification,glass,0,2,5,10,5,5,knn,0.9534883720930232,0.9522282048344598,0.9593322386425834,0.9472222222222224,0.9958471760797342,0.9958471760797342
classification,glass,0,2,5,10,10,10,lr,0.9069767441860463,0.907198815619024,0.901945181255526,0.9555555555555556,0.986407098290252,0.986407098290252
classification,glass,0,2,5,10,10,10,svm,0.8372093023255814,0.8424435168621215,0.8036562203228871,0.8492063492063492,0.9903252125659072,0.9903252125659072
classification,glass,0,2,5,10,10,10,knn,0.8837209302325582,0.8758944543828265,0.7719017094017094,0.7388888888888889,0.9808154317513365,0.9808154317513365
classification,glass,0,2,10,20,5,5,lr,0.9069767441860463,0.9091395105829748,0.8747242540345989,0.8833333333333333,0.99385264561688,0.99385264561688
classification,glass,0,2,10,20,5,5,svm,0.9302325581395348,0.9314087142475276,0.9424010217113666,0.9666666666666668,1.0,1.0
classification,glass,0,2,10,20,5,5,knn,0.9534883720930232,0.9522282048344598,0.9593322386425834,0.9472222222222224,0.9958471760797342,0.9958471760797342
classification,glass,0,2,10,20,10,10,lr,0.9069767441860463,0.907198815619024,0.901945181255526,0.9555555555555556,0.986407098290252,0.986407098290252
classification,glass,0,2,10,20,10,10,svm,0.8372093023255814,0.8424435168621215,0.8036562203228871,0.8492063492063492,0.9903252125659072,0.9903252125659072
classification,glass,0,2,10,20,10,10,knn,0.8837209302325582,0.8758944543828265,0.7719017094017094,0.7388888888888889,0.9808154317513365,0.9808154317513365
classification,glass,0,2,20,40,5,5,lr,0.9069767441860463,0.9091395105829748,0.8747242540345989,0.8833333333333333,0.99385264561688,0.99385264561688
classification,glass,0,2,20,40,5,5,svm,0.9302325581395348,0.9314087142475276,0.9424010217113666,0.9666666666666668,1.0,1.0
classification,glass,0,2,20,40,5,5,knn,0.9534883720930232,0.9522282048344598,0.9593322386425834,0.9472222222222224,0.9958471760797342,0.9958471760797342
classification,glass,0,2,20,40,10,10,lr,0.9069767441860463,0.907198815619024,0.901945181255526,0.9555555555555556,0.986407098290252,0.986407098290252
classification,glass,0,2,20,40,10,10,svm,0.8372093023255814,0.8424435168621215,0.8036562203228871,0.8492063492063492,0.9903252125659072,0.9903252125659072
classification,glass,0,2,20,40,10,10,knn,0.8837209302325582,0.8758944543828265,0.7719017094017094,0.7388888888888889,0.9808154317513365,0.9808154317513365
classification,glass,0,2,40,80,5,5,lr,0.9069767441860463,0.9091395105829748,0.8747242540345989,0.8833333333333333,0.99385264561688,0.99385264561688
classification,glass,0,2,40,80,5,5,svm,0.9302325581395348,0.9314087142475276,0.9424010217113666,0.9666666666666668,1.0,1.0
classification,glass,0,2,40,80,5,5,knn,0.9534883720930232,0.9522282048344598,0.9593322386425834,0.9472222222222224,0.9958471760797342,0.9958471760797342
classification,glass,0,2,40,80,10,10,lr,0.9069767441860463,0.907198815619024,0.901945181255526,0.9555555555555556,0.986407098290252,0.986407098290252
classification,glass,0,2,40,80,10,10,svm,0.8372093023255814,0.8424435168621215,0.8036562203228871,0.8492063492063492,0.9903252125659072,0.9903252125659072
classification,glass,0,2,40,80,10,10,knn,0.8837209302325582,0.8758944543828265,0.7719017094017094,0.7388888888888889,0.9808154317513365,0.9808154317513365
classification,glass,0,3,5,10,5,5,lr,0.813953488372093,0.8134334825942512,0.7699102829537612,0.8666666666666666,0.9518182634461704,0.9518182634461704
classification,glass,0,3,5,10,5,5,svm,0.7906976744186046,0.7954530134509912,0.7290733421168203,0.7833333333333332,0.9923466493801152,0.9923466493801152
classification,glass,0,3,5,10,5,5,knn,0.8837209302325582,0.8852014064524089,0.8054081933392278,0.811111111111111,0.967292172652354,0.967292172652354
classification,glass,0,3,5,10,10,10,lr,0.9069767441860463,0.9080841638981174,0.8783068783068783,0.9111111111111112,0.9662094819071564,0.9662094819071564
classification,glass,0,3,5,10,10,10,svm,0.8604651162790697,0.8602995908128226,0.8047229590333038,0.8166666666666668,0.9919672833030746,0.9919672833030746
classification,glass,0,3,5,10,10,10,knn,0.8604651162790697,0.8385534807347157,0.6922824302134646,0.6999999999999998,0.9796938134147436,0.9796938134147436
classification,glass,0,3,10,20,5,5,lr,0.813953488372093,0.8134334825942512,0.7699102829537612,0.8666666666666666,0.9518182634461704,0.9518182634461704
classification,glass,0,3,10,20,5,5,svm,0.7906976744186046,0.7954530134509912,0.7290733421168203,0.7833333333333332,0.9923466493801152,0.9923466493801152
classification,glass,0,3,10,20,5,5,knn,0.8837209302325582,0.8852014064524089,0.8054081933392278,0.811111111111111,0.967292172652354,0.967292172652354
classification,glass,0,3,10,20,10,10,lr,0.9069767441860463,0.9080841638981174,0.8783068783068783,0.9111111111111112,0.9662094819071564,0.9662094819071564
classification,glass,0,3,10,20,10,10,svm,0.8604651162790697,0.8602995908128226,0.8047229590333038,0.8166666666666668,0.9919672833030746,0.9919672833030746
classification,glass,0,3,10,20,10,10,knn,0.8604651162790697,0.8385534807347157,0.6922824302134646,0.6999999999999998,0.9796938134147436,0.9796938134147436
classification,glass,0,3,20,40,5,5,lr,0.813953488372093,0.8134334825942512,0.7699102829537612,0.8666666666666666,0.9518182634461704,0.9518182634461704
classification,glass,0,3,20,40,5,5,svm,0.7906976744186046,0.7954530134509912,0.7290733421168203,0.7833333333333332,0.9923466493801152,0.9923466493801152
classification,glass,0,3,20,40,5,5,knn,0.8837209302325582,0.8852014064524089,0.8054081933392278,0.811111111111111,0.967292172652354,0.967292172652354
classification,glass,0,3,20,40,10,10,lr,0.9069767441860463,0.9080841638981174,0.8783068783068783,0.9111111111111112,0.9662094819071564,0.9662094819071564
classification,glass,0,3,20,40,10,10,svm,0.8604651162790697,0.8602995908128226,0.8047229590333038,0.8166666666666668,0.9919672833030746,0.9919672833030746
classification,glass,0,3,20,40,10,10,knn,0.8604651162790697,0.8385534807347157,0.6922824302134646,0.6999999999999998,0.9796938134147436,0.9796938134147436
classification,glass,0,3,40,80,5,5,lr,0.813953488372093,0.8134334825942512,0.7699102829537612,0.8666666666666666,0.9518182634461704,0.9518182634461704
classification,glass,0,3,40,80,5,5,svm,0.7906976744186046,0.7954530134509912,0.7290733421168203,0.7833333333333332,0.9923466493801152,0.9923466493801152
classification,glass,0,3,40,80,5,5,knn,0.8837209302325582,0.8852014064524089,0.8054081933392278,0.811111111111111,0.967292172652354,0.967292172652354
classification,glass,0,3,40,80,10,10,lr,0.9069767441860463,0.9080841638981174,0.8783068783068783,0.9111111111111112,0.9662094819071564,0.9662094819071564
classification,glass,0,3,40,80,10,10,svm,0.8604651162790697,0.8602995908128226,0.8047229590333038,0.8166666666666668,0.9919672833030746,0.9919672833030746
classification,glass,0,3,40,80,10,10,knn,0.8604651162790697,0.8385534807347157,0.6922824302134646,0.6999999999999998,0.9796938134147436,0.9796938134147436
classification,glass,0,4,5,10,5,5,lr,0.8571428571428571,0.8565329580107904,0.7704433497536946,0.8222222222222223,0.9692366359033024,0.9692366359033024
classification,glass,0,4,5,10,5,5,svm,0.8095238095238095,0.8237964416535846,0.7279304029304029,0.8000000000000002,0.9925089925089924,0.9925089925089924
classification,glass,0,4,5,10,5,5,knn,0.8095238095238095,0.7907454648526078,0.7139880952380953,0.7111111111111111,0.9487671279337946,0.9487671279337946
classification,glass,0,4,5,10,10,10,lr,0.8809523809523809,0.876260849167253,0.8275862068965516,0.8777777777777779,0.9763554763554764,0.9763554763554764
classification,glass,0,4,5,10,10,10,svm,0.9047619047619048,0.8971088435374148,0.8519841269841271,0.888888888888889,0.99654416321083,0.99654416321083
classification,glass,0,4,5,10,10,10,knn,0.8809523809523809,0.8688675470188074,0.8200746965452849,0.7888888888888889,0.9636752136752138,0.9636752136752138
classification,glass,0,4,10,20,5,5,lr,0.8571428571428571,0.8565329580107904,0.7704433497536946,0.8222222222222223,0.9692366359033024,0.9692366359033024
classification,glass,0,4,10,20,5,5,svm,0.8095238095238095,0.8237964416535846,0.7279304029304029,0.8000000000000002,0.9925089925089924,0.9925089925089924
classification,glass,0,4,10,20,5,5,knn,0.8095238095238095,0.7907454648526078,0.7139880952380953,0.7111111111111111,0.9487671279337946,0.9487671279337946
classification,glass,0,4,10,20,10,10,lr,0.8809523809523809,0.876260849167253,0.8275862068965516,0.8777777777777779,0.9763554763554764,0.9763554763554764
classification,glass,0,4,10,20,10,10,svm,0.9047619047619048,0.8971088435374148,0.8519841269841271,0.888888888888889,0.99654416321083,0.99654416321083
classification,glass,0,4,10,20,10,10,knn,0.8809523809523809,0.8688675470188074,0.8200746965452849,0.7888888888888889,0.9636752136752138,0.9636752136752138
classification,glass,0,4,20,40,5,5,lr,0.8571428571428571,0.8538685589178199,0.7832740375843824,0.8666666666666667,0.9852556769223436,0.9852556769223436
classification,glass,0,4,20,40,5,5,svm,0.8333333333333334,0.8344671201814058,0.738095238095238,0.8111111111111112,0.9890824890824892,0.9890824890824892
classification,glass,0,4,20,40,5,5,knn,0.8571428571428571,0.840321583178726,0.7245310245310245,0.7333333333333334,0.953564645231312,0.953564645231312
classification,glass,0,4,20,40,10,10,lr,0.8809523809523809,0.876260849167253,0.8275862068965516,0.8777777777777779,0.9763554763554764,0.9763554763554764
classification,glass,0,4,20,40,10,10,svm,0.9047619047619048,0.8971088435374148,0.8519841269841271,0.888888888888889,0.99654416321083,0.99654416321083
classification,glass,0,4,20,40,10,10,knn,0.8809523809523809,0.8688675470188074,0.8200746965452849,0.7888888888888889,0.9636752136752138,0.9636752136752138
classification,glass,0,4,40,80,5,5,lr,0.8571428571428571,0.8565329580107904,0.7704433497536946,0.8222222222222223,0.9692366359033024,0.9692366359033024
classification,glass,0,4,40,80,5,5,svm,0.8095238095238095,0.8237964416535846,0.7279304029304029,0.8000000000000002,0.9925089925089924,0.9925089925089924
classification,glass,0,4,40,80,5,5,knn,0.8095238095238095,0.7907454648526078,0.7139880952380953,0.7111111111111111,0.9487671279337946,0.9487671279337946
classification,glass,0,4,40,80,10,10,lr,0.8809523809523809,0.876260849167253,0.8275862068965516,0.8777777777777779,0.9763554763554764,0.9763554763554764
classification,glass,0,4,40,80,10,10,svm,0.9047619047619048,0.8971088435374148,0.8519841269841271,0.888888888888889,0.99654416321083,0.99654416321083
classification,glass,0,4,40,80,10,10,knn,0.8809523809523809,0.8688675470188074,0.8200746965452849,0.7888888888888889,0.9636752136752138,0.9636752136752138
classification,glass,1,0,5,10,5,5,lr,0.8372093023255814,0.8394020782152297,0.6801708933892842,0.751984126984127,0.9804622729041336,0.9804622729041336
classification,glass,1,0,5,10,5,5,svm,0.8372093023255814,0.8470776424264796,0.7009700176366843,0.7693452380952381,0.9985849637012428,0.9985849637012428
classification,glass,1,0,5,10,5,5,knn,0.9767441860465116,0.9667774086378738,0.8095238095238096,0.8333333333333334,0.9994462901439646,0.9994462901439646
classification,glass,1,0,5,10,10,10,lr,0.8837209302325582,0.8927797083370458,0.853980417198808,0.9464285714285716,0.976249878014112,0.976249878014112
classification,glass,1,0,5,10,10,10,svm,0.8837209302325582,0.8887043189368771,0.7261904761904763,0.7916666666666666,0.9962809154669618,0.9962809154669618
classification,glass,1,0,5,10,10,10,knn,0.9069767441860463,0.9001616167588694,0.8154254286067412,0.8680555555555557,0.9707102866986588,0.9707102866986588
classification,glass,1,0,10,20,5,5,lr,0.8372093023255814,0.8394020782152297,0.6801708933892842,0.751984126984127,0.9804622729041336,0.9804622729041336
classification,glass,1,0,10,20,5,5,svm,0.8372093023255814,0.8470776424264796,0.7009700176366843,0.7693452380952381,0.9985849637012428,0.9985849637012428
classification,glass,1,0,10,20,5,5,knn,0.9767441860465116,0.9667774086378738,0.8095238095238096,0.8333333333333334,0.9994462901439646,0.9994462901439646
classification,glass,1,0,10,20,10,10,lr,0.8837209302325582,0.8927797083370458,0.853980417198808,0.9464285714285716,0.976249878014112,0.976249878014112
classification,glass,1,0,10,20,10,10,svm,0.8837209302325582,0.8887043189368771,0.7261904761904763,0.7916666666666666,0.9962809154669618,0.9962809154669618
classification,glass,1,0,10,20,10,10,knn,0.9069767441860463,0.9001616167588694,0.8154254286067412,0.8680555555555557,0.9707102866986588,0.9707102866986588
classification,glass,1,0,20,40,5,5,lr,0.8372093023255814,0.8394020782152297,0.6801708933892842,0.751984126984127,0.9804622729041336,0.9804622729041336
classification,glass,1,0,20,40,5,5,svm,0.8372093023255814,0.8470776424264796,0.7009700176366843,0.7693452380952381,0.9985849637012428,0.9985849637012428
classification,glass,1,0,20,40,5,5,knn,0.9767441860465116,0.9667774086378738,0.8095238095238096,0.8333333333333334,0.9994462901439646,0.9994462901439646
classification,glass,1,0,20,40,10,10,lr,0.8837209302325582,0.8927797083370458,0.853980417198808,0.9464285714285716,0.976249878014112,0.976249878014112
classification,glass,1,0,20,40,10,10,svm,0.8837209302325582,0.8887043189368771,0.7261904761904763,0.7916666666666666,0.9962809154669618,0.9962809154669618
classification,glass,1,0,20,40,10,10,knn,0.9069767441860463,0.9001616167588694,0.8154254286067412,0.8680555555555557,0.9707102866986588,0.9707102866986588
classification,glass,1,0,40,80,5,5,lr,0.8372093023255814,0.8394020782152297,0.6801708933892842,0.751984126984127,0.9804622729041336,0.9804622729041336
classification,glass,1,0,40,80,5,5,svm,0.8372093023255814,0.8470776424264796,0.7009700176366843,0.7693452380952381,0.9985849637012428,0.9985849637012428
classification,glass,1,0,40,80,5,5,knn,0.9767441860465116,0.9667774086378738,0.8095238095238096,0.8333333333333334,0.9994462901439646,0.9994462901439646
classification,glass,1,0,40,80,10,10,lr,0.8837209302325582,0.8927797083370458,0.853980417198808,0.9464285714285716,0.976249878014112,0.976249878014112
classification,glass,1,0,40,80,10,10,svm,0.8837209302325582,0.8887043189368771,0.7261904761904763,0.7916666666666666,0.9962809154669618,0.9962809154669618
classification,glass,1,0,40,80,10,10,knn,0.9069767441860463,0.9001616167588694,0.8154254286067412,0.8680555555555557,0.9707102866986588,0.9707102866986588
classification,glass,1,1,5,10,5,5,lr,0.9302325581395348,0.9314087142475276,0.9424010217113666,0.9666666666666668,0.9983388704318936,0.9983388704318936
classification,glass,1,1,5,10,5,5,svm,0.9069767441860463,0.9071988156190242,0.901945181255526,0.9555555555555556,1.0,1.0
classification,glass,1,1,5,10,5,5,knn,0.9534883720930232,0.953377630121816,0.9769841269841272,0.977777777777778,0.9969410906733652,0.9969410906733652
classification,glass,1,1,5,10,10,10,lr,0.9069767441860463,0.9072720561092654,0.9124338624338624,0.9547619047619048,0.9942433268415628,0.9942433268415628
classification,glass,1,1,5,10,10,10,svm,0.9534883720930232,0.954349698535745,0.9641975308641976,0.9769841269841272,0.9925821972734564,0.9925821972734564
classification,glass,1,1,5,10,10,10,knn,0.9302325581395348,0.9290405897488704,0.9391628023441148,0.9194444444444444,0.994186046511628,0.994186046511628
classification,glass,1,1,10,20,5,5,lr,0.9302325581395348,0.9314087142475276,0.9424010217113666,0.9666666666666668,0.9983388704318936,0.9983388704318936
classification,glass,1,1,10,20,5,5,svm,0.9069767441860463,0.9071988156190242,0.901945181255526,0.9555555555555556,1.0,1.0
classification,glass,1,1,10,20,5,5,knn,0.9534883720930232,0.953377630121816,0.9769841269841272,0.977777777777778,0.9969410906733652,0.9969410906733652
classification,glass,1,1,10,20,10,10,lr,0.9069767441860463,0.9072720561092654,0.9124338624338624,0.9547619047619048,0.9942433268415628,0.9942433268415628
classification,glass,1,1,10,20,10,10,svm,0.9534883720930232,0.954349698535745,0.9641975308641976,0.9769841269841272,0.9925821972734564,0.9925821972734564
classification,glass,1,1,10,20,10,10,knn,0.9302325581395348,0.9290405897488704,0.9391628023441148,0.9194444444444444,0.994186046511628,0.994186046511628
classification,glass,1,1,20,40,5,5,lr,0.9302325581395348,0.9314087142475276,0.9424010217113666,0.9666666666666668,0.9983388704318936,0.9983388704318936
classification,glass,1,1,20,40,5,5,svm,0.9069767441860463,0.9071988156190242,0.901945181255526,0.9555555555555556,1.0,1.0
classification,glass,1,1,20,40,5,5,knn,0.9534883720930232,0.953377630121816,0.9769841269841272,0.977777777777778,0.9969410906733652,0.9969410906733652
classification,glass,1,1,20,40,10,10,lr,0.9069767441860463,0.9072720561092654,0.9124338624338624,0.9547619047619048,0.9942433268415628,0.9942433268415628
classification,glass,1,1,20,40,10,10,svm,0.9534883720930232,0.954349698535745,0.9641975308641976,0.9769841269841272,0.9925821972734564,0.9925821972734564
classification,glass,1,1,20,40,10,10,knn,0.9302325581395348,0.9290405897488704,0.9391628023441148,0.9194444444444444,0.994186046511628,0.994186046511628
classification,glass,1,1,40,80,5,5,lr,0.9302325581395348,0.9314087142475276,0.9424010217113666,0.9666666666666668,0.9983388704318936,0.9983388704318936
classification,glass,1,1,40,80,5,5,svm,0.9069767441860463,0.9071988156190242,0.901945181255526,0.9555555555555556,1.0,1.0
classification,glass,1,1,40,80,5,5,knn,0.9534883720930232,0.953377630121816,0.9769841269841272,0.977777777777778,0.9969410906733652,0.9969410906733652
classification,glass,1,1,40,80,10,10,lr,0.9069767441860463,0.9072720561092654,0.9124338624338624,0.9547619047619048,0.9942433268415628,0.9942433268415628
classification,glass,1,1,40,80,10,10,svm,0.9534883720930232,0.954349698535745,0.9641975308641976,0.9769841269841272,0.9925821972734564,0.9925821972734564
classification,glass,1,1,40,80,10,10,knn,0.9302325581395348,0.9290405897488704,0.9391628023441148,0.9194444444444444,0.994186046511628,0.994186046511628
classification,glass,1,2,5,10,5,5,lr,0.8372093023255814,0.8437982626835875,0.8399987943091393,0.9055555555555554,0.9806771797696358,0.9806771797696358
classification,glass,1,2,5,10,5,5,svm,0.8372093023255814,0.8437982626835875,0.8399987943091393,0.9055555555555554,0.9920857478997016,0.9920857478997016
classification,glass,1,2,5,10,5,5,knn,0.9069767441860463,0.9074433185098782,0.8868599791013585,0.9083333333333332,0.9797786541972588,0.9797786541972588
classification,glass,1,2,5,10,10,10,lr,0.8372093023255814,0.8257424745796839,0.738023088023088,0.7611111111111111,0.9559176508977985,0.9559176508977985
classification,glass,1,2,5,10,10,10,svm,0.8372093023255814,0.8212553138284571,0.6564516129032258,0.6583333333333333,0.9804947202848509,0.9804947202848509
classification,glass,1,2,5,10,10,10,knn,0.8372093023255814,0.8091613812544046,0.658080808080808,0.6277777777777779,0.9262428204572276,0.9262428204572276
classification,glass,1,2,10,20,5,5,lr,0.8372093023255814,0.8437982626835875,0.8399987943091393,0.9055555555555554,0.9806771797696358,0.9806771797696358
classification,glass,1,2,10,20,5,5,svm,0.8372093023255814,0.8437982626835875,0.8399987943091393,0.9055555555555554,0.9920857478997016,0.9920857478997016
classification,glass,1,2,10,20,5,5,knn,0.9069767441860463,0.9074433185098782,0.8868599791013585,0.9083333333333332,0.9797786541972588,0.9797786541972588
classification,glass,1,2,10,20,10,10,lr,0.8372093023255814,0.8257424745796839,0.738023088023088,0.7611111111111111,0.9559176508977985,0.9559176508977985
classification,glass,1,2,10,20,10,10,svm,0.8372093023255814,0.8212553138284571,0.6564516129032258,0.6583333333333333,0.9804947202848509,0.9804947202848509
classification,glass,1,2,10,20,10,10,knn,0.8372093023255814,0.8091613812544046,0.658080808080808,0.6277777777777779,0.9262428204572276,0.9262428204572276
classification,glass,1,2,20,40,5,5,lr,0.8372093023255814,0.8437982626835875,0.8399987943091393,0.9055555555555554,0.9806771797696358,0.9806771797696358
classification,glass,1,2,20,40,5,5,svm,0.8372093023255814,0.8437982626835875,0.8399987943091393,0.9055555555555554,0.9920857478997016,0.9920857478997016
classification,glass,1,2,20,40,5,5,knn,0.9069767441860463,0.9074433185098782,0.8868599791013585,0.9083333333333332,0.9797786541972588,0.9797786541972588
classification,glass,1,2,20,40,10,10,lr,0.8372093023255814,0.8257424745796839,0.738023088023088,0.7611111111111111,0.9559176508977985,0.9559176508977985
classification,glass,1,2,20,40,10,10,svm,0.8372093023255814,0.8212553138284571,0.6564516129032258,0.6583333333333333,0.9804947202848509,0.9804947202848509
classification,glass,1,2,20,40,10,10,knn,0.8372093023255814,0.8091613812544046,0.658080808080808,0.6277777777777779,0.9262428204572276,0.9262428204572276
classification,glass,1,2,40,80,5,5,lr,0.8372093023255814,0.8437982626835875,0.8399987943091393,0.9055555555555554,0.9806771797696358,0.9806771797696358
classification,glass,1,2,40,80,5,5,svm,0.8372093023255814,0.8437982626835875,0.8399987943091393,0.9055555555555554,0.9920857478997016,0.9920857478997016
classification,glass,1,2,40,80,5,5,knn,0.9069767441860463,0.9074433185098782,0.8868599791013585,0.9083333333333332,0.9797786541972588,0.9797786541972588
classification,glass,1,2,40,80,10,10,lr,0.8372093023255814,0.8257424745796839,0.738023088023088,0.7611111111111111,0.9559176508977985,0.9559176508977985
classification,glass,1,2,40,80,10,10,svm,0.8372093023255814,0.8212553138284571,0.6564516129032258,0.6583333333333333,0.9804947202848509,0.9804947202848509
classification,glass,1,2,40,80,10,10,knn,0.8372093023255814,0.8091613812544046,0.658080808080808,0.6277777777777779,0.9262428204572276,0.9262428204572276
classification,glass,1,3,5,10,5,5,lr,0.7906976744186046,0.8081982616866338,0.6736812570145904,0.7055555555555556,0.9477259388064834,0.9477259388064834
classification,glass,1,3,5,10,5,5,svm,0.813953488372093,0.8256401221517501,0.7153479236812571,0.7611111111111111,0.9897711867933082,0.9897711867933082
classification,glass,1,3,5,10,5,5,knn,0.8837209302325582,0.8727008456659621,0.7719065656565657,0.7777777777777778,0.958015251293754,0.958015251293754
classification,glass,1,3,5,10,10,10,lr,0.8372093023255814,0.8434511225208898,0.7481962481962482,0.7999999999999999,0.9558229325671184,0.9558229325671184
classification,glass,1,3,5,10,10,10,svm,0.7906976744186046,0.7968287526427061,0.7101010101010101,0.7055555555555556,0.9803970285819408,0.9803970285819408
classification,glass,1,3,5,10,10,10,knn,0.8837209302325582,0.8816749641955942,0.8161942000651679,0.8222222222222223,0.9542134327018048,0.9542134327018048
classification,glass,1,3,10,20,5,5,lr,0.7906976744186046,0.8081982616866338,0.6736812570145904,0.7055555555555556,0.9477259388064834,0.9477259388064834
classification,glass,1,3,10,20,5,5,svm,0.813953488372093,0.8256401221517501,0.7153479236812571,0.7611111111111111,0.9897711867933082,0.9897711867933082
classification,glass,1,3,10,20,5,5,knn,0.8837209302325582,0.8727008456659621,0.7719065656565657,0.7777777777777778,0.958015251293754,0.958015251293754
classification,glass,1,3,10,20,10,10,lr,0.8372093023255814,0.8434511225208898,0.7481962481962482,0.7999999999999999,0.9558229325671184,0.9558229325671184
classification,glass,1,3,10,20,10,10,svm,0.7906976744186046,0.7968287526427061,0.7101010101010101,0.7055555555555556,0.9803970285819408,0.9803970285819408
classification,glass,1,3,10,20,10,10,knn,0.8837209302325582,0.8816749641955942,0.8161942000651679,0.8222222222222223,0.9542134327018048,0.9542134327018048
classification,glass,1,3,20,40,5,5,lr,0.7906976744186046,0.8081982616866338,0.6736812570145904,0.7055555555555556,0.9477259388064834,0.9477259388064834
classification,glass,1,3,20,40,5,5,svm,0.813953488372093,0.8256401221517501,0.7153479236812571,0.7611111111111111,0.9897711867933082,0.9897711867933082
classification,glass,1,3,20,40,5,5,knn,0.8837209302325582,0.8727008456659621,0.7719065656565657,0.7777777777777778,0.958015251293754,0.958015251293754
classification,glass,1,3,20,40,10,10,lr,0.8372093023255814,0.8434511225208898,0.7481962481962482,0.7999999999999999,0.9558229325671184,0.9558229325671184
classification,glass,1,3,20,40,10,10,svm,0.7906976744186046,0.7968287526427061,0.7101010101010101,0.7055555555555556,0.9803970285819408,0.9803970285819408
classification,glass,1,3,20,40,10,10,knn,0.8837209302325582,0.8816749641955942,0.8161942000651679,0.8222222222222223,0.9542134327018048,0.9542134327018048
classification,glass,1,3,40,80,5,5,lr,0.7906976744186046,0.8081982616866338,0.6736812570145904,0.7055555555555556,0.9477259388064834,0.9477259388064834
classification,glass,1,3,40,80,5,5,svm,0.813953488372093,0.8256401221517501,0.7153479236812571,0.7611111111111111,0.9897711867933082,0.9897711867933082
classification,glass,1,3,40,80,5,5,knn,0.8837209302325582,0.8727008456659621,0.7719065656565657,0.7777777777777778,0.958015251293754,0.958015251293754
classification,glass,1,3,40,80,10,10,lr,0.8372093023255814,0.8434511225208898,0.7481962481962482,0.7999999999999999,0.9558229325671184,0.9558229325671184
classification,glass,1,3,40,80,10,10,svm,0.7906976744186046,0.7968287526427061,0.7101010101010101,0.7055555555555556,0.9803970285819408,0.9803970285819408
classification,glass,1,3,40,80,10,10,knn,0.8837209302325582,0.8816749641955942,0.8161942000651679,0.8222222222222223,0.9542134327018048,0.9542134327018048
classification,glass,1,4,5,10,5,5,lr,0.8809523809523809,0.8869047619047619,0.8694444444444445,0.9444444444444444,0.9541446208112874,0.9541446208112874
classification,glass,1,4,5,10,5,5,svm,0.9047619047619048,0.9104229104229103,0.9036519036519036,0.9555555555555556,0.9893501560168227,0.9893501560168227
classification,glass,1,4,5,10,5,5,knn,0.9047619047619048,0.9035330261136711,0.8338709677419355,0.8166666666666665,0.9600623058956392,0.9600623058956392
classification,glass,1,4,5,10,10,10,lr,0.8333333333333334,0.8321910473334762,0.8324171247709478,0.9222222222222222,0.9664224664224664,0.9664224664224664
classification,glass,1,4,5,10,10,10,svm,0.9285714285714286,0.9277966149887332,0.936773316083661,0.9666666666666668,0.9926214217880884,0.9926214217880884
classification,glass,1,4,5,10,10,10,knn,0.9047619047619048,0.8921101774042951,0.808169934640523,0.75,0.9967439967439968,0.9967439967439968
classification,glass,1,4,10,20,5,5,lr,0.8809523809523809,0.8869047619047619,0.8694444444444445,0.9444444444444444,0.9541446208112874,0.9541446208112874
classification,glass,1,4,10,20,5,5,svm,0.9047619047619048,0.9104229104229103,0.9036519036519036,0.9555555555555556,0.9893501560168227,0.9893501560168227
classification,glass,1,4,10,20,5,5,knn,0.9047619047619048,0.9035330261136711,0.8338709677419355,0.8166666666666665,0.9600623058956392,0.9600623058956392
classification,glass,1,4,10,20,10,10,lr,0.8333333333333334,0.8321910473334762,0.8324171247709478,0.9222222222222222,0.9664224664224664,0.9664224664224664
classification,glass,1,4,10,20,10,10,svm,0.9285714285714286,0.9277966149887332,0.936773316083661,0.9666666666666668,0.9926214217880884,0.9926214217880884
classification,glass,1,4,10,20,10,10,knn,0.9047619047619048,0.8921101774042951,0.808169934640523,0.75,0.9967439967439968,0.9967439967439968
classification,glass,1,4,20,40,5,5,lr,0.8809523809523809,0.8869047619047619,0.8694444444444445,0.9444444444444444,0.9541446208112874,0.9541446208112874
classification,glass,1,4,20,40,5,5,svm,0.9047619047619048,0.9104229104229103,0.9036519036519036,0.9555555555555556,0.9893501560168227,0.9893501560168227
classification,glass,1,4,20,40,5,5,knn,0.9047619047619048,0.9035330261136711,0.8338709677419355,0.8166666666666665,0.9600623058956392,0.9600623058956392
classification,glass,1,4,20,40,10,10,lr,0.8333333333333334,0.8321910473334762,0.8324171247709478,0.9222222222222222,0.9664224664224664,0.9664224664224664
classification,glass,1,4,20,40,10,10,svm,0.9285714285714286,0.9277966149887332,0.936773316083661,0.9666666666666668,0.9926214217880884,0.9926214217880884
classification,glass,1,4,20,40,10,10,knn,0.9047619047619048,0.8921101774042951,0.808169934640523,0.75,0.9967439967439968,0.9967439967439968
classification,glass,1,4,40,80,5,5,lr,0.8809523809523809,0.8869047619047619,0.8694444444444445,0.9444444444444444,0.9541446208112874,0.9541446208112874
classification,glass,1,4,40,80,5,5,svm,0.9047619047619048,0.9104229104229103,0.9036519036519036,0.9555555555555556,0.9893501560168227,0.9893501560168227
classification,glass,1,4,40,80,5,5,knn,0.9047619047619048,0.9035330261136711,0.8338709677419355,0.8166666666666665,0.9600623058956392,0.9600623058956392
classification,glass,1,4,40,80,10,10,lr,0.8333333333333334,0.8321910473334762,0.8324171247709478,0.9222222222222222,0.9664224664224664,0.9664224664224664
classification,glass,1,4,40,80,10,10,svm,0.9285714285714286,0.9277966149887332,0.936773316083661,0.9666666666666668,0.9926214217880884,0.9926214217880884
classification,glass,1,4,40,80,10,10,knn,0.9047619047619048,0.8921101774042951,0.808169934640523,0.75,0.9967439967439968,0.9967439967439968
classification,glass,2,0,5,10,5,5,lr,0.8604651162790697,0.8542215603161873,0.6926655719759167,0.7638888888888888,0.9548205181926112,0.9548205181926112
classification,glass,2,0,5,10,5,5,svm,0.813953488372093,0.8098006644518272,0.6607142857142857,0.7415674603174603,0.989397577208323,0.989397577208323
classification,glass,2,0,5,10,5,5,knn,0.8372093023255814,0.8304196738839882,0.6768199233716475,0.7083333333333334,0.9536298327196484,0.9536298327196484
classification,glass,2,0,5,10,10,10,lr,0.813953488372093,0.8165050667055478,0.7722048066875652,0.8090277777777778,0.9331540843168752,0.9331540843168752
classification,glass,2,0,5,10,10,10,svm,0.8372093023255814,0.8237624845082744,0.63951802507837,0.6631944444444445,0.9792164257280536,0.9792164257280536
classification,glass,2,0,5,10,10,10,knn,0.8604651162790697,0.850592193502921,0.8268002606712285,0.7847222222222222,0.9209881593702768,0.9209881593702768
classification,glass,2,0,10,20,5,5,lr,0.8604651162790697,0.8542215603161873,0.6926655719759167,0.7638888888888888,0.9548205181926112,0.9548205181926112
classification,glass,2,0,10,20,5,5,svm,0.813953488372093,0.8098006644518272,0.6607142857142857,0.7415674603174603,0.989397577208323,0.989397577208323
classification,glass,2,0,10,20,5,5,knn,0.8372093023255814,0.8304196738839882,0.6768199233716475,0.7083333333333334,0.9536298327196484,0.9536298327196484
classification,glass,2,0,10,20,10,10,lr,0.813953488372093,0.8165050667055478,0.7722048066875652,0.8090277777777778,0.9331540843168752,0.9331540843168752
classification,glass,2,0,10,20,10,10,svm,0.8372093023255814,0.8237624845082744,0.63951802507837,0.6631944444444445,0.9792164257280536,0.9792164257280536
classification,glass,2,0,10,20,10,10,knn,0.8604651162790697,0.850592193502921,0.8268002606712285,0.7847222222222222,0.9209881593702768,0.9209881593702768
classification,glass,2,0,20,40,5,5,lr,0.8604651162790697,0.8542215603161873,0.6926655719759167,0.7638888888888888,0.9548205181926112,0.9548205181926112
classification,glass,2,0,20,40,5,5,svm,0.813953488372093,0.8098006644518272,0.6607142857142857,0.7415674603174603,0.989397577208323,0.989397577208323
classification,glass,2,0,20,40,5,5,knn,0.8372093023255814,0.8304196738839882,0.6768199233716475,0.7083333333333334,0.9536298327196484,0.9536298327196484
classification,glass,2,0,20,40,10,10,lr,0.813953488372093,0.8165050667055478,0.7722048066875652,0.8090277777777778,0.9331540843168752,0.9331540843168752
classification,glass,2,0,20,40,10,10,svm,0.8372093023255814,0.8237624845082744,0.63951802507837,0.6631944444444445,0.9792164257280536,0.9792164257280536
classification,glass,2,0,20,40,10,10,knn,0.8604651162790697,0.850592193502921,0.8268002606712285,0.7847222222222222,0.9209881593702768,0.9209881593702768
classification,glass,2,0,40,80,5,5,lr,0.8604651162790697,0.8542215603161873,0.6926655719759167,0.7638888888888888,0.9548205181926112,0.9548205181926112
classification,glass,2,0,40,80,5,5,svm,0.813953488372093,0.8098006644518272,0.6607142857142857,0.7415674603174603,0.989397577208323,0.989397577208323
classification,glass,2,0,40,80,5,5,knn,0.8372093023255814,0.8304196738839882,0.6768199233716475,0.7083333333333334,0.9536298327196484,0.9536298327196484
classification,glass,2,0,40,80,10,10,lr,0.813953488372093,0.8165050667055478,0.7722048066875652,0.8090277777777778,0.9331540843168752,0.9331540843168752
classification,glass,2,0,40,80,10,10,svm,0.8372093023255814,0.8237624845082744,0.63951802507837,0.6631944444444445,0.9792164257280536,0.9792164257280536
classification,glass,2,0,40,80,10,10,knn,0.8604651162790697,0.850592193502921,0.8268002606712285,0.7847222222222222,0.9209881593702768,0.9209881593702768
classification,glass,2,1,5,10,5,5,lr,0.813953488372093,0.8291719907998978,0.7894688644688644,0.8777777777777778,0.9766650645833856,0.9766650645833856
classification,glass,2,1,5,10,5,5,svm,0.7674418604651163,0.7841976021955799,0.7389579020013803,0.8388888888888889,0.9962932521072057,0.9962932521072057
classification,glass,2,1,5,10,5,5,knn,0.8837209302325582,0.8838054064798252,0.8811609686609686,0.9095238095238096,0.9712065119041864,0.9712065119041864
classification,glass,2,1,5,10,10,10,lr,0.8837209302325582,0.893337670081856,0.8703185703185703,0.9277777777777776,0.9776136236714796,0.9776136236714796
classification,glass,2,1,5,10,10,10,svm,0.813953488372093,0.823083548664944,0.8061728395061727,0.876984126984127,0.9826099419122674,0.9826099419122674
classification,glass,2,1,5,10,10,10,knn,0.813953488372093,0.8158039509877469,0.7345878136200716,0.7444444444444445,0.9290503127712428,0.9290503127712428
classification,glass,2,1,10,20,5,5,lr,0.813953488372093,0.8321705426356588,0.8138888888888888,0.8777777777777778,0.9710853729571824,0.9710853729571824
classification,glass,2,1,10,20,5,5,svm,0.8372093023255814,0.8509362730292963,0.8384199134199134,0.9055555555555554,0.9904890835123392,0.9904890835123392
classification,glass,2,1,10,20,5,5,knn,0.9069767441860463,0.9054263565891474,0.8333333333333334,0.8500000000000001,0.9828666514713026,0.9828666514713026
classification,glass,2,1,10,20,10,10,lr,0.8837209302325582,0.893337670081856,0.8703185703185703,0.9277777777777776,0.9776136236714796,0.9776136236714796
classification,glass,2,1,10,20,10,10,svm,0.813953488372093,0.823083548664944,0.8061728395061727,0.876984126984127,0.9826099419122674,0.9826099419122674
classification,glass,2,1,10,20,10,10,knn,0.813953488372093,0.8158039509877469,0.7345878136200716,0.7444444444444445,0.9290503127712428,0.9290503127712428
classification,glass,2,1,20,40,5,5,lr,0.813953488372093,0.8321705426356588,0.8138888888888888,0.8777777777777778,0.9710853729571824,0.9710853729571824
classification,glass,2,1,20,40,5,5,svm,0.8372093023255814,0.8509362730292963,0.8384199134199134,0.9055555555555554,0.9904890835123392,0.9904890835123392
classification,glass,2,1,20,40,5,5,knn,0.9069767441860463,0.9054263565891474,0.8333333333333334,0.8500000000000001,0.9828666514713026,0.9828666514713026
classification,glass,2,1,20,40,10,10,lr,0.8837209302325582,0.893337670081856,0.8703185703185703,0.9277777777777776,0.9776136236714796,0.9776136236714796
classification,glass,2,1,20,40,10,10,svm,0.813953488372093,0.823083548664944,0.8061728395061727,0.876984126984127,0.9826099419122674,0.9826099419122674
classification,glass,2,1,20,40,10,10,knn,0.813953488372093,0.8158039509877469,0.7345878136200716,0.7444444444444445,0.9290503127712428,0.9290503127712428
classification,glass,2,1,40,80,5,5,lr,0.813953488372093,0.8321705426356588,0.8138888888888888,0.8777777777777778,0.9710853729571824,0.9710853729571824
classification,glass,2,1,40,80,5,5,svm,0.8372093023255814,0.8509362730292963,0.8384199134199134,0.9055555555555554,0.9904890835123392,0.9904890835123392
classification,glass,2,1,40,80,5,5,knn,0.9069767441860463,0.9054263565891474,0.8333333333333334,0.8500000000000001,0.9828666514713026,0.9828666514713026
classification,glass,2,1,40,80,10,10,lr,0.8837209302325582,0.893337670081856,0.8703185703185703,0.9277777777777776,0.9776136236714796,0.9776136236714796
classification,glass,2,1,40,80,10,10,svm,0.813953488372093,0.823083548664944,0.8061728395061727,0.876984126984127,0.9826099419122674,0.9826099419122674
classification,glass,2,1,40,80,10,10,knn,0.813953488372093,0.8158039509877469,0.7345878136200716,0.7444444444444445,0.9290503127712428,0.9290503127712428
classification,glass,2,2,5,10,5,5,lr,0.8837209302325582,0.8888888888888888,0.8580246913580246,0.9138888888888888,0.9791081012011243,0.9791081012011243
classification,glass,2,2,5,10,5,5,svm,0.8837209302325582,0.889087656529517,0.8282051282051284,0.8722222222222222,0.9954737076121084,0.9954737076121084
classification,glass,2,2,5,10,5,5,knn,0.9534883720930232,0.954152823920266,0.9317460317460317,0.9472222222222224,0.9923971377459748,0.9923971377459748
classification,glass,2,2,5,10,10,10,lr,0.9069767441860463,0.9098560354374308,0.8873015873015873,0.925,0.9946545702359656,0.9946545702359656
classification,glass,2,2,5,10,10,10,svm,0.8837209302325582,0.8855920876770916,0.832375478927203,0.8416666666666667,0.9895901508210072,0.9895901508210072
classification,glass,2,2,5,10,10,10,knn,0.9302325581395348,0.9294658829542553,0.868925518925519,0.8638888888888889,0.9935897435897436,0.9935897435897436
classification,glass,2,2,10,20,5,5,lr,0.8837209302325582,0.8888888888888888,0.8580246913580246,0.9138888888888888,0.9791081012011243,0.9791081012011243
classification,glass,2,2,10,20,5,5,svm,0.8837209302325582,0.889087656529517,0.8282051282051284,0.8722222222222222,0.9954737076121084,0.9954737076121084
classification,glass,2,2,10,20,5,5,knn,0.9534883720930232,0.954152823920266,0.9317460317460317,0.9472222222222224,0.9923971377459748,0.9923971377459748
classification,glass,2,2,10,20,10,10,lr,0.9069767441860463,0.9098560354374308,0.8873015873015873,0.925,0.9946545702359656,0.9946545702359656
classification,glass,2,2,10,20,10,10,svm,0.8837209302325582,0.8855920876770916,0.832375478927203,0.8416666666666667,0.9895901508210072,0.9895901508210072
classification,glass,2,2,10,20,10,10,knn,0.9302325581395348,0.9294658829542553,0.868925518925519,0.8638888888888889,0.9935897435897436,0.9935897435897436
classification,glass,2,2,20,40,5,5,lr,0.8837209302325582,0.8888888888888888,0.8580246913580246,0.9138888888888888,0.9791081012011243,0.9791081012011243
classification,glass,2,2,20,40,5,5,svm,0.8837209302325582,0.889087656529517,0.8282051282051284,0.8722222222222222,0.9954737076121084,0.9954737076121084
classification,glass,2,2,20,40,5,5,knn,0.9534883720930232,0.954152823920266,0.9317460317460317,0.9472222222222224,0.9923971377459748,0.9923971377459748
classification,glass,2,2,20,40,10,10,lr,0.9069767441860463,0.9098560354374308,0.8873015873015873,0.925,0.9946545702359656,0.9946545702359656
classification,glass,2,2,20,40,10,10,svm,0.8837209302325582,0.8855920876770916,0.832375478927203,0.8416666666666667,0.9895901508210072,0.9895901508210072
classification,glass,2,2,20,40,10,10,knn,0.9302325581395348,0.9294658829542553,0.868925518925519,0.8638888888888889,0.9935897435897436,0.9935897435897436
classification,glass,2,2,40,80,5,5,lr,0.8837209302325582,0.8888888888888888,0.8580246913580246,0.9138888888888888,0.9791081012011243,0.9791081012011243
classification,glass,2,2,40,80,5,5,svm,0.8837209302325582,0.889087656529517,0.8282051282051284,0.8722222222222222,0.9954737076121084,0.9954737076121084
classification,glass,2,2,40,80,5,5,knn,0.9534883720930232,0.954152823920266,0.9317460317460317,0.9472222222222224,0.9923971377459748,0.9923971377459748
classification,glass,2,2,40,80,10,10,lr,0.9069767441860463,0.9098560354374308,0.8873015873015873,0.925,0.9946545702359656,0.9946545702359656
classification,glass,2,2,40,80,10,10,svm,0.8837209302325582,0.8855920876770916,0.832375478927203,0.8416666666666667,0.9895901508210072,0.9895901508210072
classification,glass,2,2,40,80,10,10,knn,0.9302325581395348,0.9294658829542553,0.868925518925519,0.8638888888888889,0.9935897435897436,0.9935897435897436
classification,glass,2,3,5,10,5,5,lr,0.8837209302325582,0.8860598770382251,0.8396232439335888,0.8833333333333333,0.9723183818960024,0.9723183818960024
classification,glass,2,3,5,10,5,5,svm,0.8837209302325582,0.8860598770382251,0.8396232439335888,0.8833333333333333,0.9971575797357676,0.9971575797357676
classification,glass,2,3,5,10,5,5,knn,0.9302325581395348,0.9302325581395348,0.8940613026819922,0.9055555555555554,0.9739393463230672,0.9739393463230672
classification,glass,2,3,5,10,10,10,lr,0.9069767441860463,0.9073777064955894,0.8640941434044881,0.8944444444444444,0.9776270922895994,0.9776270922895994
classification,glass,2,3,5,10,10,10,svm,0.8837209302325582,0.8813280243137707,0.8009649848359527,0.7666666666666666,0.994507048576816,0.994507048576816
classification,glass,2,3,5,10,10,10,knn,0.813953488372093,0.8074519795450028,0.7288785288785289,0.6873015873015872,0.957824539323796,0.957824539323796
classification,glass,2,3,10,20,5,5,lr,0.8837209302325582,0.8860598770382251,0.8396232439335888,0.8833333333333333,0.9723183818960024,0.9723183818960024
classification,glass,2,3,10,20,5,5,svm,0.8837209302325582,0.8860598770382251,0.8396232439335888,0.8833333333333333,0.9971575797357676,0.9971575797357676
classification,glass,2,3,10,20,5,5,knn,0.9302325581395348,0.9302325581395348,0.8940613026819922,0.9055555555555554,0.9739393463230672,0.9739393463230672
classification,glass,2,3,10,20,10,10,lr,0.9069767441860463,0.9073777064955894,0.8640941434044881,0.8944444444444444,0.9776270922895994,0.9776270922895994
classification,glass,2,3,10,20,10,10,svm,0.8837209302325582,0.8813280243137707,0.8009649848359527,0.7666666666666666,0.994507048576816,0.994507048576816
classification,glass,2,3,10,20,10,10,knn,0.813953488372093,0.8074519795450028,0.7288785288785289,0.6873015873015872,0.957824539323796,0.957824539323796
classification,glass,2,3,20,40,5,5,lr,0.8837209302325582,0.8830564784053155,0.852116402116402,0.8833333333333333,0.9805311125078569,0.9805311125078569
classification,glass,2,3,20,40,5,5,svm,0.8837209302325582,0.8860598770382251,0.8396232439335888,0.8833333333333333,0.9987900691389064,0.9987900691389064
classification,glass,2,3,20,40,5,5,knn,0.8837209302325582,0.8747661053194333,0.8272030651340995,0.8388888888888889,0.9828499595941456,0.9828499595941456
classification,glass,2,3,20,40,10,10,lr,0.9069767441860463,0.9073777064955894,0.8640941434044881,0.8944444444444444,0.9776270922895994,0.9776270922895994
classification,glass,2,3,20,40,10,10,svm,0.8837209302325582,0.8813280243137707,0.8009649848359527,0.7666666666666666,0.994507048576816,0.994507048576816
classification,glass,2,3,20,40,10,10,knn,0.813953488372093,0.8074519795450028,0.7288785288785289,0.6873015873015872,0.957824539323796,0.957824539323796
classification,glass,2,3,40,80,5,5,lr,0.8837209302325582,0.8830564784053155,0.852116402116402,0.8833333333333333,0.9805311125078569,0.9805311125078569
classification,glass,2,3,40,80,5,5,svm,0.8837209302325582,0.8860598770382251,0.8396232439335888,0.8833333333333333,0.9987900691389064,0.9987900691389064
classification,glass,2,3,40,80,5,5,knn,0.8837209302325582,0.8747661053194333,0.8272030651340995,0.8388888888888889,0.9828499595941456,0.9828499595941456
classification,glass,2,3,40,80,10,10,lr,0.9069767441860463,0.9073777064955894,0.8640941434044881,0.8944444444444444,0.9776270922895994,0.9776270922895994
classification,glass,2,3,40,80,10,10,svm,0.8837209302325582,0.8813280243137707,0.8009649848359527,0.7666666666666666,0.994507048576816,0.994507048576816
classification,glass,2,3,40,80,10,10,knn,0.813953488372093,0.8074519795450028,0.7288785288785289,0.6873015873015872,0.957824539323796,0.957824539323796
classification,glass,2,4,5,10,5,5,lr,0.8809523809523809,0.8891162477369373,0.8463896256999704,0.8722222222222222,0.99667616334283,0.99667616334283
classification,glass,2,4,5,10,5,5,svm,0.8809523809523809,0.8967143967143967,0.8430458430458431,0.8722222222222222,0.9943019943019944,0.9943019943019944
classification,glass,2,4,5,10,5,5,knn,0.8571428571428571,0.8643235071806501,0.7568783068783068,0.75,0.9880765839099174,0.9880765839099174
classification,glass,2,4,5,10,10,10,lr,0.8809523809523809,0.883743842364532,0.8720306513409962,0.9444444444444444,0.9858533441866776,0.9858533441866776
classification,glass,2,4,5,10,10,10,svm,0.9047619047619048,0.9133597883597884,0.8657407407407408,0.9333333333333332,0.99647266313933,0.99647266313933
classification,glass,2,4,5,10,10,10,knn,0.9047619047619048,0.8958333333333334,0.8402777777777777,0.8222222222222223,0.9952516619183288,0.9952516619183288
classification,glass,2,4,10,20,5,5,lr,0.8809523809523809,0.8891162477369373,0.8463896256999704,0.8722222222222222,0.99667616334283,0.99667616334283
classification,glass,2,4,10,20,5,5,svm,0.8809523809523809,0.8967143967143967,0.8430458430458431,0.8722222222222222,0.9943019943019944,0.9943019943019944
classification,glass,2,4,10,20,5,5,knn,0.8571428571428571,0.8643235071806501,0.7568783068783068,0.75,0.9880765839099174,0.9880765839099174
classification,glass,2,4,10,20,10,10,lr,0.8809523809523809,0.883743842364532,0.8720306513409962,0.9444444444444444,0.9858533441866776,0.9858533441866776
classification,glass,2,4,10,20,10,10,svm,0.9047619047619048,0.9133597883597884,0.8657407407407408,0.9333333333333332,0.99647266313933,0.99647266313933
classification,glass,2,4,10,20,10,10,knn,0.9047619047619048,0.8958333333333334,0.8402777777777777,0.8222222222222223,0.9952516619183288,0.9952516619183288
classification,glass,2,4,20,40,5,5,lr,0.8571428571428571,0.8700686286893183,0.8204636997740445,0.8444444444444444,0.9812779812779814,0.9812779812779814
classification,glass,2,4,20,40,5,5,svm,0.8571428571428571,0.8703239289446186,0.851828631138976,0.8888888888888888,0.9924704924704926,0.9924704924704926
classification,glass,2,4,20,40,5,5,knn,0.8333333333333334,0.8303424818203143,0.7585385878489327,0.7444444444444445,0.984669651336318,0.984669651336318
classification,glass,2,4,20,40,10,10,lr,0.8809523809523809,0.883743842364532,0.8720306513409962,0.9444444444444444,0.9858533441866776,0.9858533441866776
classification,glass,2,4,20,40,10,10,svm,0.9047619047619048,0.9133597883597884,0.8657407407407408,0.9333333333333332,0.99647266313933,0.99647266313933
classification,glass,2,4,20,40,10,10,knn,0.9047619047619048,0.8958333333333334,0.8402777777777777,0.8222222222222223,0.9952516619183288,0.9952516619183288
classification,glass,2,4,40,80,5,5,lr,0.8571428571428571,0.8700686286893183,0.8204636997740445,0.8444444444444444,0.9812779812779814,0.9812779812779814
classification,glass,2,4,40,80,5,5,svm,0.8571428571428571,0.8703239289446186,0.851828631138976,0.8888888888888888,0.9924704924704926,0.9924704924704926
classification,glass,2,4,40,80,5,5,knn,0.8333333333333334,0.8303424818203143,0.7585385878489327,0.7444444444444445,0.984669651336318,0.984669651336318
classification,glass,2,4,40,80,10,10,lr,0.8809523809523809,0.883743842364532,0.8720306513409962,0.9444444444444444,0.9858533441866776,0.9858533441866776
classification,glass,2,4,40,80,10,10,svm,0.9047619047619048,0.9133597883597884,0.8657407407407408,0.9333333333333332,0.99647266313933,0.99647266313933
classification,glass,2,4,40,80,10,10,knn,0.9047619047619048,0.8958333333333334,0.8402777777777777,0.8222222222222223,0.9952516619183288,0.9952516619183288
classification,glass,3,0,5,10,5,5,lr,0.8837209302325582,0.8831328521785619,0.8490421455938697,0.9027777777777776,0.9859449981543004,0.9859449981543004
classification,glass,3,0,5,10,5,5,svm,0.9069767441860463,0.9104231107037842,0.8732211275314724,0.9583333333333334,0.9922265288544356,0.9922265288544356
classification,glass,3,0,5,10,5,5,knn,0.9302325581395348,0.9200626959247648,0.89576802507837,0.8784722222222223,0.9933893195521104,0.9933893195521104
classification,glass,3,0,5,10,10,10,lr,0.8837209302325582,0.8885592087677092,0.8434865900383142,0.9027777777777776,0.961855543250892,0.961855543250892
classification,glass,3,0,5,10,10,10,svm,0.8837209302325582,0.8928227746591819,0.8129310344827586,0.9027777777777776,0.9928079242032732,0.9928079242032732
classification,glass,3,0,5,10,10,10,knn,0.8604651162790697,0.8518879719929981,0.7847670250896058,0.8020833333333334,0.985637381567614,0.985637381567614
classification,glass,3,0,10,20,5,5,lr,0.8837209302325582,0.8831328521785619,0.8490421455938697,0.9027777777777776,0.9859449981543004,0.9859449981543004
classification,glass,3,0,10,20,5,5,svm,0.9069767441860463,0.9104231107037842,0.8732211275314724,0.9583333333333334,0.9922265288544356,0.9922265288544356
classification,glass,3,0,10,20,5,5,knn,0.9302325581395348,0.9200626959247648,0.89576802507837,0.8784722222222223,0.9933893195521104,0.9933893195521104
classification,glass,3,0,10,20,10,10,lr,0.8837209302325582,0.8885592087677092,0.8434865900383142,0.9027777777777776,0.961855543250892,0.961855543250892
classification,glass,3,0,10,20,10,10,svm,0.8837209302325582,0.8928227746591819,0.8129310344827586,0.9027777777777776,0.9928079242032732,0.9928079242032732
classification,glass,3,0,10,20,10,10,knn,0.8604651162790697,0.8518879719929981,0.7847670250896058,0.8020833333333334,0.985637381567614,0.985637381567614
classification,glass,3,0,20,40,5,5,lr,0.8837209302325582,0.8831328521785619,0.8490421455938697,0.9027777777777776,0.9859449981543004,0.9859449981543004
classification,glass,3,0,20,40,5,5,svm,0.9069767441860463,0.9104231107037842,0.8732211275314724,0.9583333333333334,0.9922265288544356,0.9922265288544356
classification,glass,3,0,20,40,5,5,knn,0.9302325581395348,0.9200626959247648,0.89576802507837,0.8784722222222223,0.9933893195521104,0.9933893195521104
classification,glass,3,0,20,40,10,10,lr,0.8837209302325582,0.8885592087677092,0.8434865900383142,0.9027777777777776,0.961855543250892,0.961855543250892
classification,glass,3,0,20,40,10,10,svm,0.8837209302325582,0.8928227746591819,0.8129310344827586,0.9027777777777776,0.9928079242032732,0.9928079242032732
classification,glass,3,0,20,40,10,10,knn,0.8604651162790697,0.8518879719929981,0.7847670250896058,0.8020833333333334,0.985637381567614,0.985637381567614
classification,glass,3,0,40,80,5,5,lr,0.8837209302325582,0.8831328521785619,0.8490421455938697,0.9027777777777776,0.9859449981543004,0.9859449981543004
classification,glass,3,0,40,80,5,5,svm,0.9069767441860463,0.9104231107037842,0.8732211275314724,0.9583333333333334,0.9922265288544356,0.9922265288544356
classification,glass,3,0,40,80,5,5,knn,0.9302325581395348,0.9200626959247648,0.89576802507837,0.8784722222222223,0.9933893195521104,0.9933893195521104
classification,glass,3,0,40,80,10,10,lr,0.8837209302325582,0.8885592087677092,0.8434865900383142,0.9027777777777776,0.961855543250892,0.961855543250892
classification,glass,3,0,40,80,10,10,svm,0.8837209302325582,0.8928227746591819,0.8129310344827586,0.9027777777777776,0.9928079242032732,0.9928079242032732
classification,glass,3,0,40,80,10,10,knn,0.8604651162790697,0.8518879719929981,0.7847670250896058,0.8020833333333334,0.985637381567614,0.985637381567614
classification,glass,3,1,5,10,5,5,lr,0.8372093023255814,0.8544246451223195,0.7967532467532467,0.8333333333333331,0.9852985274142394,0.9852985274142394
classification,glass,3,1,5,10,5,5,svm,0.8372093023255814,0.8432482246435736,0.7741647241647241,0.8333333333333331,0.9960086899962114,0.9960086899962114
classification,glass,3,1,5,10,5,5,knn,0.9069767441860463,0.9074433185098782,0.8451933124346919,0.8666666666666667,0.9655000799357012,0.9655000799357012
classification,glass,3,1,5,10,10,10,lr,0.9069767441860463,0.9138830162085976,0.8875420875420875,0.9388888888888888,0.9966552931669213,0.9966552931669213
classification,glass,3,1,5,10,10,10,svm,0.8837209302325582,0.8862968093120459,0.8551027516544759,0.8555555555555555,0.9966777408637876,0.9966777408637876
classification,glass,3,1,5,10,10,10,knn,0.8837209302325582,0.8754656196516661,0.7943722943722943,0.7222222222222222,0.985829480724546,0.985829480724546
classification,glass,3,1,10,20,5,5,lr,0.8372093023255814,0.8544246451223195,0.7967532467532467,0.8333333333333331,0.9852985274142394,0.9852985274142394
classification,glass,3,1,10,20,5,5,svm,0.8372093023255814,0.8432482246435736,0.7741647241647241,0.8333333333333331,0.9960086899962114,0.9960086899962114
classification,glass,3,1,10,20,5,5,knn,0.9069767441860463,0.9074433185098782,0.8451933124346919,0.8666666666666667,0.9655000799357012,0.9655000799357012
classification,glass,3,1,10,20,10,10,lr,0.9069767441860463,0.9138830162085976,0.8875420875420875,0.9388888888888888,0.9966552931669213,0.9966552931669213
classification,glass,3,1,10,20,10,10,svm,0.8837209302325582,0.8862968093120459,0.8551027516544759,0.8555555555555555,0.9966777408637876,0.9966777408637876
classification,glass,3,1,10,20,10,10,knn,0.8837209302325582,0.8754656196516661,0.7943722943722943,0.7222222222222222,0.985829480724546,0.985829480724546
classification,glass,3,1,20,40,5,5,lr,0.8372093023255814,0.8544246451223195,0.7967532467532467,0.8333333333333331,0.9852985274142394,0.9852985274142394
classification,glass,3,1,20,40,5,5,svm,0.8372093023255814,0.8432482246435736,0.7741647241647241,0.8333333333333331,0.9960086899962114,0.9960086899962114
classification,glass,3,1,20,40,5,5,knn,0.9069767441860463,0.9074433185098782,0.8451933124346919,0.8666666666666667,0.9655000799357012,0.9655000799357012
classification,glass,3,1,20,40,10,10,lr,0.9069767441860463,0.9138830162085976,0.8875420875420875,0.9388888888888888,0.9966552931669213,0.9966552931669213
classification,glass,3,1,20,40,10,10,svm,0.8837209302325582,0.8862968093120459,0.8551027516544759,0.8555555555555555,0.9966777408637876,0.9966777408637876
classification,glass,3,1,20,40,10,10,knn,0.8837209302325582,0.8754656196516661,0.7943722943722943,0.7222222222222222,0.985829480724546,0.985829480724546
classification,glass,3,1,40,80,5,5,lr,0.8372093023255814,0.8544246451223195,0.7967532467532467,0.8333333333333331,0.9852985274142394,0.9852985274142394
classification,glass,3,1,40,80,5,5,svm,0.8372093023255814,0.8432482246435736,0.7741647241647241,0.8333333333333331,0.9960086899962114,0.9960086899962114
classification,glass,3,1,40,80,5,5,knn,0.9069767441860463,0.9074433185098782,0.8451933124346919,0.8666666666666667,0.9655000799357012,0.9655000799357012
classification,glass,3,1,40,80,10,10,lr,0.9069767441860463,0.9138830162085976,0.8875420875420875,0.9388888888888888,0.9966552931669213,0.9966552931669213
classification,glass,3,1,40,80,10,10,svm,0.8837209302325582,0.8862968093120459,0.8551027516544759,0.8555555555555555,0.9966777408637876,0.9966777408637876
classification,glass,3,1,40,80,10,10,knn,0.8837209302325582,0.8754656196516661,0.7943722943722943,0.7222222222222222,0.985829480724546,0.985829480724546
classification,glass,3,2,5,10,5,5,lr,0.7906976744186046,0.7929042123456544,0.7332107755645986,0.811111111111111,0.9744171502537924,0.9744171502537924
classification,glass,3,2,5,10,5,5,svm,0.813953488372093,0.8161600262991429,0.7609885533423763,0.8388888888888889,0.9975083056478404,0.9975083056478404
classification,glass,3,2,5,10,5,5,knn,0.9069767441860463,0.908272160878416,0.851802731113076,0.8833333333333333,0.9758245573348162,0.9758245573348162
classification,glass,3,2,5,10,10,10,lr,0.813953488372093,0.8156159086391644,0.8291893291893292,0.9095238095238096,0.9715428526721972,0.9715428526721972
classification,glass,3,2,5,10,10,10,svm,0.813953488372093,0.8036838269396409,0.664767331433998,0.7658730158730158,0.9888692569125608,0.9888692569125608
classification,glass,3,2,5,10,10,10,knn,0.8604651162790697,0.8527131782945737,0.7944444444444444,0.7833333333333333,0.9538687083330812,0.9538687083330812
classification,glass,3,2,10,20,5,5,lr,0.7906976744186046,0.7929042123456544,0.7332107755645986,0.811111111111111,0.9744171502537924,0.9744171502537924
classification,glass,3,2,10,20,5,5,svm,0.813953488372093,0.8161600262991429,0.7609885533423763,0.8388888888888889,0.9975083056478404,0.9975083056478404
classification,glass,3,2,10,20,5,5,knn,0.9069767441860463,0.908272160878416,0.851802731113076,0.8833333333333333,0.9758245573348162,0.9758245573348162
classification,glass,3,2,10,20,10,10,lr,0.813953488372093,0.8156159086391644,0.8291893291893292,0.9095238095238096,0.9715428526721972,0.9715428526721972
classification,glass,3,2,10,20,10,10,svm,0.813953488372093,0.8036838269396409,0.664767331433998,0.7658730158730158,0.9888692569125608,0.9888692569125608
classification,glass,3,2,10,20,10,10,knn,0.8604651162790697,0.8527131782945737,0.7944444444444444,0.7833333333333333,0.9538687083330812,0.9538687083330812
classification,glass,3,2,20,40,5,5,lr,0.7906976744186046,0.7929042123456544,0.7332107755645986,0.811111111111111,0.9744171502537924,0.9744171502537924
classification,glass,3,2,20,40,5,5,svm,0.813953488372093,0.8161600262991429,0.7609885533423763,0.8388888888888889,0.9975083056478404,0.9975083056478404
classification,glass,3,2,20,40,5,5,knn,0.9069767441860463,0.908272160878416,0.851802731113076,0.8833333333333333,0.9758245573348162,0.9758245573348162
classification,glass,3,2,20,40,10,10,lr,0.813953488372093,0.8156159086391644,0.8291893291893292,0.9095238095238096,0.9715428526721972,0.9715428526721972
classification,glass,3,2,20,40,10,10,svm,0.813953488372093,0.8036838269396409,0.664767331433998,0.7658730158730158,0.9888692569125608,0.9888692569125608
classification,glass,3,2,20,40,10,10,knn,0.8604651162790697,0.8527131782945737,0.7944444444444444,0.7833333333333333,0.9538687083330812,0.9538687083330812
classification,glass,3,2,40,80,5,5,lr,0.7906976744186046,0.7929042123456544,0.7332107755645986,0.811111111111111,0.9744171502537924,0.9744171502537924
classification,glass,3,2,40,80,5,5,svm,0.813953488372093,0.8161600262991429,0.7609885533423763,0.8388888888888889,0.9975083056478404,0.9975083056478404
classification,glass,3,2,40,80,5,5,knn,0.9069767441860463,0.908272160878416,0.851802731113076,0.8833333333333333,0.9758245573348162,0.9758245573348162
classification,glass,3,2,40,80,10,10,lr,0.813953488372093,0.8156159086391644,0.8291893291893292,0.9095238095238096,0.9715428526721972,0.9715428526721972
classification,glass,3,2,40,80,10,10,svm,0.813953488372093,0.8036838269396409,0.664767331433998,0.7658730158730158,0.9888692569125608,0.9888692569125608
classification,glass,3,2,40,80,10,10,knn,0.8604651162790697,0.8527131782945737,0.7944444444444444,0.7833333333333333,0.9538687083330812,0.9538687083330812
classification,glass,3,3,5,10,5,5,lr,0.8604651162790697,0.8675475687103594,0.820959595959596,0.9166666666666664,0.9642071473466822,0.9642071473466822
classification,glass,3,3,5,10,5,5,svm,0.8372093023255814,0.841553795042167,0.7655067155067156,0.8333333333333331,0.992284617086092,0.992284617086092
classification,glass,3,3,5,10,5,5,knn,0.8837209302325582,0.8843853820598006,0.8357142857142857,0.8833333333333333,0.966350902397414,0.966350902397414
classification,glass,3,3,5,10,10,10,lr,0.8837209302325582,0.8929500731826313,0.861985236985237,0.9277777777777776,0.9587748047050372,0.9587748047050372
classification,glass,3,3,5,10,10,10,svm,0.8837209302325582,0.8854323970603041,0.8118326118326119,0.811111111111111,0.989649257473988,0.989649257473988
classification,glass,3,3,5,10,10,10,knn,0.8604651162790697,0.850246652572234,0.7525252525252525,0.7111111111111111,0.9769821316332944,0.9769821316332944
classification,glass,3,3,10,20,5,5,lr,0.8604651162790697,0.8675475687103594,0.820959595959596,0.9166666666666664,0.9642071473466822,0.9642071473466822
classification,glass,3,3,10,20,5,5,svm,0.8372093023255814,0.841553795042167,0.7655067155067156,0.8333333333333331,0.992284617086092,0.992284617086092
classification,glass,3,3,10,20,5,5,knn,0.8837209302325582,0.8843853820598006,0.8357142857142857,0.8833333333333333,0.966350902397414,0.966350902397414
classification,glass,3,3,10,20,10,10,lr,0.8837209302325582,0.8929500731826313,0.861985236985237,0.9277777777777776,0.9587748047050372,0.9587748047050372
classification,glass,3,3,10,20,10,10,svm,0.8837209302325582,0.8854323970603041,0.8118326118326119,0.811111111111111,0.989649257473988,0.989649257473988
classification,glass,3,3,10,20,10,10,knn,0.8604651162790697,0.850246652572234,0.7525252525252525,0.7111111111111111,0.9769821316332944,0.9769821316332944
classification,glass,3,3,20,40,5,5,lr,0.8604651162790697,0.8675475687103594,0.820959595959596,0.9166666666666664,0.9642071473466822,0.9642071473466822
classification,glass,3,3,20,40,5,5,svm,0.8372093023255814,0.841553795042167,0.7655067155067156,0.8333333333333331,0.992284617086092,0.992284617086092
classification,glass,3,3,20,40,5,5,knn,0.8837209302325582,0.8843853820598006,0.8357142857142857,0.8833333333333333,0.966350902397414,0.966350902397414
classification,glass,3,3,20,40,10,10,lr,0.8837209302325582,0.8929500731826313,0.861985236985237,0.9277777777777776,0.9587748047050372,0.9587748047050372
classification,glass,3,3,20,40,10,10,svm,0.8837209302325582,0.8854323970603041,0.8118326118326119,0.811111111111111,0.989649257473988,0.989649257473988
classification,glass,3,3,20,40,10,10,knn,0.8604651162790697,0.850246652572234,0.7525252525252525,0.7111111111111111,0.9769821316332944,0.9769821316332944
classification,glass,3,3,40,80,5,5,lr,0.8604651162790697,0.8675475687103594,0.820959595959596,0.9166666666666664,0.9642071473466822,0.9642071473466822
classification,glass,3,3,40,80,5,5,svm,0.8372093023255814,0.841553795042167,0.7655067155067156,0.8333333333333331,0.992284617086092,0.992284617086092
classification,glass,3,3,40,80,5,5,knn,0.8837209302325582,0.8843853820598006,0.8357142857142857,0.8833333333333333,0.966350902397414,0.966350902397414
classification,glass,3,3,40,80,10,10,lr,0.8837209302325582,0.8929500731826313,0.861985236985237,0.9277777777777776,0.9587748047050372,0.9587748047050372
classification,glass,3,3,40,80,10,10,svm,0.8837209302325582,0.8854323970603041,0.8118326118326119,0.811111111111111,0.989649257473988,0.989649257473988
classification,glass,3,3,40,80,10,10,knn,0.8604651162790697,0.850246652572234,0.7525252525252525,0.7111111111111111,0.9769821316332944,0.9769821316332944
classification,glass,3,4,5,10,5,5,lr,0.8571428571428571,0.8598639455782313,0.8277777777777778,0.8214285714285713,0.9606972880782404,0.9606972880782404
classification,glass,3,4,5,10,5,5,svm,0.8809523809523809,0.8869184455391351,0.8535121328224776,0.8777777777777778,0.9893193167002692,0.9893193167002692
classification,glass,3,4,5,10,5,5,knn,0.8809523809523809,0.8773946360153259,0.8053639846743295,0.811111111111111,0.9655442988776324,0.9655442988776324
classification,glass,3,4,5,10,10,10,lr,0.9047619047619048,0.9027914614121512,0.8609195402298849,0.8444444444444444,0.974500141166808,0.974500141166808
classification,glass,3,4,5,10,10,10,svm,0.8809523809523809,0.8848228946751115,0.822441160372195,0.8333333333333331,0.9890824890824892,0.9890824890824892
classification,glass,3,4,5,10,10,10,knn,0.9047619047619048,0.9035330261136711,0.8616487455197132,0.8444444444444444,0.9701056367723035,0.9701056367723035
classification,glass,3,4,10,20,5,5,lr,0.8571428571428571,0.8598639455782313,0.8277777777777778,0.8214285714285713,0.9606972880782404,0.9606972880782404
classification,glass,3,4,10,20,5,5,svm,0.8809523809523809,0.8869184455391351,0.8535121328224776,0.8777777777777778,0.9893193167002692,0.9893193167002692
classification,glass,3,4,10,20,5,5,knn,0.8809523809523809,0.8773946360153259,0.8053639846743295,0.811111111111111,0.9655442988776324,0.9655442988776324
classification,glass,3,4,10,20,10,10,lr,0.9047619047619048,0.9027914614121512,0.8609195402298849,0.8444444444444444,0.974500141166808,0.974500141166808
classification,glass,3,4,10,20,10,10,svm,0.8809523809523809,0.8848228946751115,0.822441160372195,0.8333333333333331,0.9890824890824892,0.9890824890824892
classification,glass,3,4,10,20,10,10,knn,0.9047619047619048,0.9035330261136711,0.8616487455197132,0.8444444444444444,0.9701056367723035,0.9701056367723035
classification,glass,3,4,20,40,5,5,lr,0.8571428571428571,0.8598639455782313,0.8277777777777778,0.8214285714285713,0.9606972880782404,0.9606972880782404
classification,glass,3,4,20,40,5,5,svm,0.8809523809523809,0.8869184455391351,0.8535121328224776,0.8777777777777778,0.9893193167002692,0.9893193167002692
classification,glass,3,4,20,40,5,5,knn,0.8809523809523809,0.8773946360153259,0.8053639846743295,0.811111111111111,0.9655442988776324,0.9655442988776324
classification,glass,3,4,20,40,10,10,lr,0.9047619047619048,0.9027914614121512,0.8609195402298849,0.8444444444444444,0.974500141166808,0.974500141166808
classification,glass,3,4,20,40,10,10,svm,0.8809523809523809,0.8848228946751115,0.822441160372195,0.8333333333333331,0.9890824890824892,0.9890824890824892
classification,glass,3,4,20,40,10,10,knn,0.9047619047619048,0.9035330261136711,0.8616487455197132,0.8444444444444444,0.9701056367723035,0.9701056367723035
classification,glass,3,4,40,80,5,5,lr,0.8571428571428571,0.8598639455782313,0.8277777777777778,0.8214285714285713,0.9606972880782404,0.9606972880782404
classification,glass,3,4,40,80,5,5,svm,0.8809523809523809,0.8869184455391351,0.8535121328224776,0.8777777777777778,0.9893193167002692,0.9893193167002692
classification,glass,3,4,40,80,5,5,knn,0.8809523809523809,0.8773946360153259,0.8053639846743295,0.811111111111111,0.9655442988776324,0.9655442988776324
classification,glass,3,4,40,80,10,10,lr,0.9047619047619048,0.9027914614121512,0.8609195402298849,0.8444444444444444,0.974500141166808,0.974500141166808
classification,glass,3,4,40,80,10,10,svm,0.8809523809523809,0.8848228946751115,0.822441160372195,0.8333333333333331,0.9890824890824892,0.9890824890824892
classification,glass,3,4,40,80,10,10,knn,0.9047619047619048,0.9035330261136711,0.8616487455197132,0.8444444444444444,0.9701056367723035,0.9701056367723035
classification,glass,4,0,5,10,5,5,lr,0.8372093023255814,0.8503455913239392,0.7945174238277687,0.8194444444444443,0.9651011476592872,0.9651011476592872
classification,glass,4,0,5,10,5,5,svm,0.7906976744186046,0.8005111167901865,0.7586284086284086,0.798611111111111,0.9852253416206904,0.9852253416206904
classification,glass,4,0,5,10,5,5,knn,0.8372093023255814,0.842261427425822,0.7683269476372924,0.7743055555555555,0.9650179249016456,0.9650179249016456
classification,glass,4,0,5,10,10,10,lr,0.813953488372093,0.8260925121390238,0.7234432234432234,0.8541666666666665,0.9508584996957088,0.9508584996957088
classification,glass,4,0,5,10,10,10,svm,0.8372093023255814,0.8538205980066446,0.6706349206349206,0.7083333333333334,0.987018746321072,0.987018746321072
classification,glass,4,0,5,10,10,10,knn,0.8837209302325582,0.8864716179044762,0.789426523297491,0.8402777777777777,0.9659674209092812,0.9659674209092812
classification,glass,4,0,10,20,5,5,lr,0.8372093023255814,0.8503455913239392,0.7945174238277687,0.8194444444444443,0.9651011476592872,0.9651011476592872
classification,glass,4,0,10,20,5,5,svm,0.7906976744186046,0.8005111167901865,0.7586284086284086,0.798611111111111,0.9852253416206904,0.9852253416206904
classification,glass,4,0,10,20,5,5,knn,0.8372093023255814,0.842261427425822,0.7683269476372924,0.7743055555555555,0.9650179249016456,0.9650179249016456
classification,glass,4,0,10,20,10,10,lr,0.813953488372093,0.8260925121390238,0.7234432234432234,0.8541666666666665,0.9508584996957088,0.9508584996957088
classification,glass,4,0,10,20,10,10,svm,0.8372093023255814,0.8538205980066446,0.6706349206349206,0.7083333333333334,0.987018746321072,0.987018746321072
classification,glass,4,0,10,20,10,10,knn,0.8837209302325582,0.8864716179044762,0.789426523297491,0.8402777777777777,0.9659674209092812,0.9659674209092812
classification,glass,4,0,20,40,5,5,lr,0.7441860465116279,0.7449612403100775,0.5888888888888889,0.6666666666666666,0.9627581900837712,0.9627581900837712
classification,glass,4,0,20,40,5,5,svm,0.7441860465116279,0.7466508364663939,0.5930984724088172,0.6666666666666666,0.9808049744096256,0.9808049744096256
classification,glass,4,0,20,40,5,5,knn,0.8604651162790697,0.8507962534400177,0.6618845250658376,0.673611111111111,0.962617559419885,0.962617559419885
classification,glass,4,0,20,40,10,10,lr,0.813953488372093,0.8260925121390238,0.7234432234432234,0.8541666666666665,0.9508584996957088,0.9508584996957088
classification,glass,4,0,20,40,10,10,svm,0.8372093023255814,0.8538205980066446,0.6706349206349206,0.7083333333333334,0.987018746321072,0.987018746321072
classification,glass,4,0,20,40,10,10,knn,0.8837209302325582,0.8864716179044762,0.789426523297491,0.8402777777777777,0.9659674209092812,0.9659674209092812
classification,glass,4,0,40,80,5,5,lr,0.7441860465116279,0.7449612403100775,0.5888888888888889,0.6666666666666666,0.9627581900837712,0.9627581900837712
classification,glass,4,0,40,80,5,5,svm,0.7441860465116279,0.7466508364663939,0.5930984724088172,0.6666666666666666,0.9808049744096256,0.9808049744096256
classification,glass,4,0,40,80,5,5,knn,0.8604651162790697,0.8507962534400177,0.6618845250658376,0.673611111111111,0.962617559419885,0.962617559419885
classification,glass,4,0,40,80,10,10,lr,0.813953488372093,0.8260925121390238,0.7234432234432234,0.8541666666666665,0.9508584996957088,0.9508584996957088
classification,glass,4,0,40,80,10,10,svm,0.8372093023255814,0.8538205980066446,0.6706349206349206,0.7083333333333334,0.987018746321072,0.987018746321072
classification,glass,4,0,40,80,10,10,knn,0.8837209302325582,0.8864716179044762,0.789426523297491,0.8402777777777777,0.9659674209092812,0.9659674209092812
classification,glass,4,1,5,10,5,5,lr,0.9069767441860463,0.9112352763515555,0.822943722943723,0.8666666666666667,0.9963042723961612,0.9963042723961612
classification,glass,4,1,5,10,5,5,svm,0.9302325581395348,0.9302410767527048,0.8863858363858365,0.8944444444444445,0.9977311401020988,0.9977311401020988
classification,glass,4,1,5,10,5,5,knn,1.0,1.0,1.0,1.0,1.0,1.0
classification,glass,4,1,5,10,10,10,lr,0.9534883720930232,0.9564784053156148,0.9547619047619048,0.977777777777778,1.0,1.0
classification,glass,4,1,5,10,10,10,svm,0.9534883720930232,0.949404761904762,0.910218253968254,0.875,0.994584966933237,0.994584966933237
classification,glass,4,1,5,10,10,10,knn,0.8372093023255814,0.8276162790697674,0.7631944444444444,0.7000000000000001,0.990235251863159,0.990235251863159
classification,glass,4,1,10,20,5,5,lr,0.9069767441860463,0.9112352763515555,0.822943722943723,0.8666666666666667,0.9963042723961612,0.9963042723961612
classification,glass,4,1,10,20,5,5,svm,0.9302325581395348,0.9302410767527048,0.8863858363858365,0.8944444444444445,0.9977311401020988,0.9977311401020988
classification,glass,4,1,10,20,5,5,knn,1.0,1.0,1.0,1.0,1.0,1.0
classification,glass,4,1,10,20,10,10,lr,0.9534883720930232,0.9564784053156148,0.9547619047619048,0.977777777777778,1.0,1.0
classification,glass,4,1,10,20,10,10,svm,0.9534883720930232,0.949404761904762,0.910218253968254,0.875,0.994584966933237,0.994584966933237
classification,glass,4,1,10,20,10,10,knn,0.8372093023255814,0.8276162790697674,0.7631944444444444,0.7000000000000001,0.990235251863159,0.990235251863159
classification,glass,4,1,20,40,5,5,lr,0.9069767441860463,0.9112352763515555,0.822943722943723,0.8666666666666667,0.9963042723961612,0.9963042723961612
classification,glass,4,1,20,40,5,5,svm,0.9302325581395348,0.9302410767527048,0.8863858363858365,0.8944444444444445,0.9977311401020988,0.9977311401020988
classification,glass,4,1,20,40,5,5,knn,1.0,1.0,1.0,1.0,1.0,1.0
classification,glass,4,1,20,40,10,10,lr,0.9534883720930232,0.9564784053156148,0.9547619047619048,0.977777777777778,1.0,1.0
classification,glass,4,1,20,40,10,10,svm,0.9534883720930232,0.949404761904762,0.910218253968254,0.875,0.994584966933237,0.994584966933237
classification,glass,4,1,20,40,10,10,knn,0.8372093023255814,0.8276162790697674,0.7631944444444444,0.7000000000000001,0.990235251863159,0.990235251863159
classification,glass,4,1,40,80,5,5,lr,0.9069767441860463,0.9112352763515555,0.822943722943723,0.8666666666666667,0.9963042723961612,0.9963042723961612
classification,glass,4,1,40,80,5,5,svm,0.9302325581395348,0.9302410767527048,0.8863858363858365,0.8944444444444445,0.9977311401020988,0.9977311401020988
classification,glass,4,1,40,80,5,5,knn,1.0,1.0,1.0,1.0,1.0,1.0
classification,glass,4,1,40,80,10,10,lr,0.9534883720930232,0.9564784053156148,0.9547619047619048,0.977777777777778,1.0,1.0
classification,glass,4,1,40,80,10,10,svm,0.9534883720930232,0.949404761904762,0.910218253968254,0.875,0.994584966933237,0.994584966933237
classification,glass,4,1,40,80,10,10,knn,0.8372093023255814,0.8276162790697674,0.7631944444444444,0.7000000000000001,0.990235251863159,0.990235251863159
classification,glass,4,2,5,10,5,5,lr,0.813953488372093,0.8257761786578772,0.8071397201831984,0.8944444444444444,0.952656431527674,0.952656431527674
classification,glass,4,2,5,10,5,5,svm,0.8372093023255814,0.8444543828264759,0.8331196581196582,0.9055555555555554,0.989594053547542,0.989594053547542
classification,glass,4,2,5,10,5,5,knn,0.9069767441860463,0.9055154593246014,0.84757343550447,0.8666666666666667,0.9587748047050372,0.9587748047050372
classification,glass,4,2,5,10,10,10,lr,0.8837209302325582,0.891314026197747,0.8659772326438993,0.9269841269841268,0.9601432929566792,0.9601432929566792
classification,glass,4,2,5,10,10,10,svm,0.8604651162790697,0.8703468796492053,0.858922558922559,0.9158730158730156,0.9872045349190498,0.9872045349190498
classification,glass,4,2,5,10,10,10,knn,0.8372093023255814,0.824980309248435,0.7768652915711739,0.7408730158730159,0.9526901986805756,0.9526901986805756
classification,glass,4,2,10,20,5,5,lr,0.813953488372093,0.8257761786578772,0.8071397201831984,0.8944444444444444,0.952656431527674,0.952656431527674
classification,glass,4,2,10,20,5,5,svm,0.8372093023255814,0.8444543828264759,0.8331196581196582,0.9055555555555554,0.989594053547542,0.989594053547542
classification,glass,4,2,10,20,5,5,knn,0.9069767441860463,0.9055154593246014,0.84757343550447,0.8666666666666667,0.9587748047050372,0.9587748047050372
classification,glass,4,2,10,20,10,10,lr,0.8837209302325582,0.891314026197747,0.8659772326438993,0.9269841269841268,0.9601432929566792,0.9601432929566792
classification,glass,4,2,10,20,10,10,svm,0.8604651162790697,0.8703468796492053,0.858922558922559,0.9158730158730156,0.9872045349190498,0.9872045349190498
classification,glass,4,2,10,20,10,10,knn,0.8372093023255814,0.824980309248435,0.7768652915711739,0.7408730158730159,0.9526901986805756,0.9526901986805756
classification,glass,4,2,20,40,5,5,lr,0.813953488372093,0.8257761786578772,0.8071397201831984,0.8944444444444444,0.952656431527674,0.952656431527674
classification,glass,4,2,20,40,5,5,svm,0.8372093023255814,0.8444543828264759,0.8331196581196582,0.9055555555555554,0.989594053547542,0.989594053547542
classification,glass,4,2,20,40,5,5,knn,0.9069767441860463,0.9055154593246014,0.84757343550447,0.8666666666666667,0.9587748047050372,0.9587748047050372
classification,glass,4,2,20,40,10,10,lr,0.8837209302325582,0.891314026197747,0.8659772326438993,0.9269841269841268,0.9601432929566792,0.9601432929566792
classification,glass,4,2,20,40,10,10,svm,0.8604651162790697,0.8703468796492053,0.858922558922559,0.9158730158730156,0.9872045349190498,0.9872045349190498
classification,glass,4,2,20,40,10,10,knn,0.8372093023255814,0.824980309248435,0.7768652915711739,0.7408730158730159,0.9526901986805756,0.9526901986805756
classification,glass,4,2,40,80,5,5,lr,0.813953488372093,0.8257761786578772,0.8071397201831984,0.8944444444444444,0.952656431527674,0.952656431527674
classification,glass,4,2,40,80,5,5,svm,0.8372093023255814,0.8444543828264759,0.8331196581196582,0.9055555555555554,0.989594053547542,0.989594053547542
classification,glass,4,2,40,80,5,5,knn,0.9069767441860463,0.9055154593246014,0.84757343550447,0.8666666666666667,0.9587748047050372,0.9587748047050372
classification,glass,4,2,40,80,10,10,lr,0.8837209302325582,0.891314026197747,0.8659772326438993,0.9269841269841268,0.9601432929566792,0.9601432929566792
classification,glass,4,2,40,80,10,10,svm,0.8604651162790697,0.8703468796492053,0.858922558922559,0.9158730158730156,0.9872045349190498,0.9872045349190498
classification,glass,4,2,40,80,10,10,knn,0.8372093023255814,0.824980309248435,0.7768652915711739,0.7408730158730159,0.9526901986805756,0.9526901986805756
classification,glass,4,3,5,10,5,5,lr,0.813953488372093,0.8157604224163968,0.7533213912524257,0.7769841269841269,0.9669707986614906,0.9669707986614906
classification,glass,4,3,5,10,5,5,svm,0.8372093023255814,0.8410333852194317,0.8217837717837718,0.9047619047619048,0.9916541162203923,0.9916541162203923
classification,glass,4,3,5,10,5,5,knn,0.8372093023255814,0.8346202314125329,0.714887794198139,0.7277777777777779,0.9597960654114936,0.9597960654114936
classification,glass,4,3,5,10,10,10,lr,0.8372093023255814,0.8363584290609151,0.8191944071254417,0.8603174603174603,0.9711249856799176,0.9711249856799176
classification,glass,4,3,5,10,10,10,svm,0.8837209302325582,0.8830564784053156,0.8317460317460318,0.8666666666666667,0.9893687707641196,0.9893687707641196
classification,glass,4,3,5,10,10,10,knn,0.7906976744186046,0.7874793373668092,0.7385607224316901,0.7222222222222222,0.9682903834066624,0.9682903834066624
classification,glass,4,3,10,20,5,5,lr,0.813953488372093,0.8157604224163968,0.7533213912524257,0.7769841269841269,0.9669707986614906,0.9669707986614906
classification,glass,4,3,10,20,5,5,svm,0.8372093023255814,0.8410333852194317,0.8217837717837718,0.9047619047619048,0.9916541162203923,0.9916541162203923
classification,glass,4,3,10,20,5,5,knn,0.8372093023255814,0.8346202314125329,0.714887794198139,0.7277777777777779,0.9597960654114936,0.9597960654114936
classification,glass,4,3,10,20,10,10,lr,0.8372093023255814,0.8363584290609151,0.8191944071254417,0.8603174603174603,0.9711249856799176,0.9711249856799176
classification,glass,4,3,10,20,10,10,svm,0.8837209302325582,0.8830564784053156,0.8317460317460318,0.8666666666666667,0.9893687707641196,0.9893687707641196
classification,glass,4,3,10,20,10,10,knn,0.7906976744186046,0.7874793373668092,0.7385607224316901,0.7222222222222222,0.9682903834066624,0.9682903834066624
classification,glass,4,3,20,40,5,5,lr,0.813953488372093,0.8157604224163968,0.7533213912524257,0.7769841269841269,0.9669707986614906,0.9669707986614906
classification,glass,4,3,20,40,5,5,svm,0.8372093023255814,0.8410333852194317,0.8217837717837718,0.9047619047619048,0.9916541162203923,0.9916541162203923
classification,glass,4,3,20,40,5,5,knn,0.8372093023255814,0.8346202314125329,0.714887794198139,0.7277777777777779,0.9597960654114936,0.9597960654114936
classification,glass,4,3,20,40,10,10,lr,0.8372093023255814,0.8363584290609151,0.8191944071254417,0.8603174603174603,0.9711249856799176,0.9711249856799176
classification,glass,4,3,20,40,10,10,svm,0.8837209302325582,0.8830564784053156,0.8317460317460318,0.8666666666666667,0.9893687707641196,0.9893687707641196
classification,glass,4,3,20,40,10,10,knn,0.7906976744186046,0.7874793373668092,0.7385607224316901,0.7222222222222222,0.9682903834066624,0.9682903834066624
classification,glass,4,3,40,80,5,5,lr,0.813953488372093,0.8157604224163968,0.7533213912524257,0.7769841269841269,0.9669707986614906,0.9669707986614906
classification,glass,4,3,40,80,5,5,svm,0.8372093023255814,0.8410333852194317,0.8217837717837718,0.9047619047619048,0.9916541162203923,0.9916541162203923
classification,glass,4,3,40,80,5,5,knn,0.8372093023255814,0.8346202314125329,0.714887794198139,0.7277777777777779,0.9597960654114936,0.9597960654114936
classification,glass,4,3,40,80,10,10,lr,0.8372093023255814,0.8363584290609151,0.8191944071254417,0.8603174603174603,0.9711249856799176,0.9711249856799176
classification,glass,4,3,40,80,10,10,svm,0.8837209302325582,0.8830564784053156,0.8317460317460318,0.8666666666666667,0.9893687707641196,0.9893687707641196
classification,glass,4,3,40,80,10,10,knn,0.7906976744186046,0.7874793373668092,0.7385607224316901,0.7222222222222222,0.9682903834066624,0.9682903834066624
classification,glass,4,4,5,10,5,5,lr,0.8809523809523809,0.8850340136054422,0.853968253968254,0.9444444444444444,0.9938271604938272,0.9938271604938272
classification,glass,4,4,5,10,5,5,svm,0.8809523809523809,0.8850340136054422,0.853968253968254,0.9444444444444444,1.0,1.0
classification,glass,4,4,5,10,5,5,knn,0.9285714285714286,0.9290405817499414,0.9033935413245756,0.9222222222222222,0.996133496133496,0.996133496133496
classification,glass,4,4,5,10,10,10,lr,0.9047619047619048,0.9054994676915858,0.9031356574460024,0.9555555555555556,0.9894179894179894,0.9894179894179894
classification,glass,4,4,5,10,10,10,svm,0.9285714285714286,0.9250051535765822,0.861038961038961,0.85,0.9970153303486636,0.9970153303486636
classification,glass,4,4,5,10,10,10,knn,0.8809523809523809,0.8768374994181446,0.8123702462412138,0.7825396825396824,0.9739232658875516,0.9739232658875516
classification,glass,4,4,10,20,5,5,lr,0.8809523809523809,0.8850340136054422,0.853968253968254,0.9444444444444444,0.9938271604938272,0.9938271604938272
classification,glass,4,4,10,20,5,5,svm,0.8809523809523809,0.8850340136054422,0.853968253968254,0.9444444444444444,1.0,1.0
classification,glass,4,4,10,20,5,5,knn,0.9285714285714286,0.9290405817499414,0.9033935413245756,0.9222222222222222,0.996133496133496,0.996133496133496
classification,glass,4,4,10,20,10,10,lr,0.9047619047619048,0.9054994676915858,0.9031356574460024,0.9555555555555556,0.9894179894179894,0.9894179894179894
classification,glass,4,4,10,20,10,10,svm,0.9285714285714286,0.9250051535765822,0.861038961038961,0.85,0.9970153303486636,0.9970153303486636
classification,glass,4,4,10,20,10,10,knn,0.8809523809523809,0.8768374994181446,0.8123702462412138,0.7825396825396824,0.9739232658875516,0.9739232658875516
classification,glass,4,4,20,40,5,5,lr,0.8809523809523809,0.8850340136054422,0.853968253968254,0.9444444444444444,0.9938271604938272,0.9938271604938272
classification,glass,4,4,20,40,5,5,svm,0.8809523809523809,0.8850340136054422,0.853968253968254,0.9444444444444444,1.0,1.0
classification,glass,4,4,20,40,5,5,knn,0.9285714285714286,0.9290405817499414,0.9033935413245756,0.9222222222222222,0.996133496133496,0.996133496133496
classification,glass,4,4,20,40,10,10,lr,0.9047619047619048,0.9054994676915858,0.9031356574460024,0.9555555555555556,0.9894179894179894,0.9894179894179894
classification,glass,4,4,20,40,10,10,svm,0.9285714285714286,0.9250051535765822,0.861038961038961,0.85,0.9970153303486636,0.9970153303486636
classification,glass,4,4,20,40,10,10,knn,0.8809523809523809,0.8768374994181446,0.8123702462412138,0.7825396825396824,0.9739232658875516,0.9739232658875516
classification,glass,4,4,40,80,5,5,lr,0.8809523809523809,0.8850340136054422,0.853968253968254,0.9444444444444444,0.9938271604938272,0.9938271604938272
classification,glass,4,4,40,80,5,5,svm,0.8809523809523809,0.8850340136054422,0.853968253968254,0.9444444444444444,1.0,1.0
classification,glass,4,4,40,80,5,5,knn,0.9285714285714286,0.9290405817499414,0.9033935413245756,0.9222222222222222,0.996133496133496,0.996133496133496
classification,glass,4,4,40,80,10,10,lr,0.9047619047619048,0.9054994676915858,0.9031356574460024,0.9555555555555556,0.9894179894179894,0.9894179894179894
classification,glass,4,4,40,80,10,10,svm,0.9285714285714286,0.9250051535765822,0.861038961038961,0.85,0.9970153303486636,0.9970153303486636
classification,glass,4,4,40,80,10,10,knn,0.8809523809523809,0.8768374994181446,0.8123702462412138,0.7825396825396824,0.9739232658875516,0.9739232658875516
