task,n,k,threshold_test,stopping,nominal_alpha,effect,splits,replicates,n_shards,rate,ci_low,ci_high,study
classification,100,16,bonferroni,adaptive,0.02,0.0,10,1500,3,0.006666666666666667,0.00320141842259819,0.012225959357031082,stageb_only_pooled
classification,100,16,bonferroni,adaptive,0.02,0.05,15,600,3,0.025,0.014058299889782964,0.040898861299361045,stageb_only_pooled
classification,100,16,bonferroni,adaptive,0.02,0.1,71,600,3,0.11833333333333333,0.09358583418685677,0.1469082098685351,stageb_only_pooled
classification,100,16,bonferroni,adaptive,0.02,0.2,448,600,3,0.7466666666666667,0.7098709659122027,0.7810139500768732,stageb_only_pooled
classification,100,16,bonferroni,adaptive,0.05,0.0,20,1500,3,0.013333333333333334,0.008162854513771585,0.020517459360976174,stageb_only_pooled
classification,100,16,bonferroni,adaptive,0.05,0.05,22,600,3,0.03666666666666667,0.02311883142705228,0.05498936647261927,stageb_only_pooled
classification,100,16,bonferroni,adaptive,0.05,0.1,109,600,3,0.18166666666666667,0.1516113458813373,0.2148938179508368,stageb_only_pooled
classification,100,16,bonferroni,adaptive,0.05,0.2,491,600,3,0.8183333333333334,0.7851061820491632,0.8483886541186627,stageb_only_pooled
classification,100,16,bonferroni,adaptive,0.1,0.0,30,1500,3,0.02,0.013533598879597637,0.028428935227045832,stageb_only_pooled
classification,100,16,bonferroni,adaptive,0.1,0.05,34,600,3,0.056666666666666664,0.03955884856413025,0.07828885460414285,stageb_only_pooled
classification,100,16,bonferroni,adaptive,0.1,0.1,154,600,3,0.25666666666666665,0.22215343638837204,0.29359491816364136,stageb_only_pooled
classification,100,16,bonferroni,adaptive,0.1,0.2,531,600,3,0.885,0.8567241477569648,0.9094131561222372,stageb_only_pooled
classification,100,16,bonferroni,adaptive,0.2,0.0,60,1500,3,0.04,0.030660480693015465,0.05119043378561476,stageb_only_pooled
classification,100,16,bonferroni,adaptive,0.2,0.05,57,600,3,0.095,0.07274691001454957,0.12133062092934678,stageb_only_pooled
classification,100,16,bonferroni,adaptive,0.2,0.1,217,600,3,0.3616666666666667,0.32315002854754216,0.4015525091763372,stageb_only_pooled
classification,100,16,bonferroni,adaptive,0.2,0.2,550,600,3,0.9166666666666666,0.8916098542414705,0.9375175572699869,stageb_only_pooled
classification,100,16,bonferroni,adaptive,0.35,0.0,32,500,1,0.064,0.04418421094671325,0.08915062755086343,stageb_only_pooled
classification,100,16,bonferroni,adaptive,0.35,0.05,29,200,1,0.145,0.09930862255520753,0.20156149617317973,stageb_only_pooled
classification,100,16,bonferroni,adaptive,0.35,0.1,86,200,1,0.43,0.3603855918269887,0.501720847171578,stageb_only_pooled
classification,100,16,bonferroni,adaptive,0.35,0.2,190,200,1,0.95,0.9099724622986486,0.9757658345278915,stageb_only_pooled
classification,100,16,bonferroni,adaptive,0.5,0.0,41,500,1,0.082,0.05948546373558825,0.10959894311096288,stageb_only_pooled
classification,100,16,bonferroni,adaptive,0.5,0.05,35,200,1,0.175,0.12502441077371185,0.23488397063020916,stageb_only_pooled
classification,100,16,bonferroni,adaptive,0.5,0.1,85,200,1,0.425,0.3555611772587056,0.49669586816519024,stageb_only_pooled
classification,100,16,bonferroni,adaptive,0.5,0.2,192,200,1,0.96,0.922708031773984,0.9825751910055194,stageb_only_pooled
classification,100,16,bonferroni,exhaustive,0.02,0.0,11,1500,3,0.007333333333333333,0.0036662916256219864,0.013083394514575906,stageb_only_pooled
classification,100,16,bonferroni,exhaustive,0.02,0.05,15,600,3,0.025,0.014058299889782964,0.040898861299361045,stageb_only_pooled
classification,100,16,bonferroni,exhaustive,0.02,0.1,71,600,3,0.11833333333333333,0.09358583418685677,0.1469082098685351,stageb_only_pooled
classification,100,16,bonferroni,exhaustive,0.02,0.2,451,600,3,0.7516666666666667,0.7150748266460871,0.7857599631269095,stageb_only_pooled
classification,100,16,bonferroni,exhaustive,0.05,0.0,20,1500,3,0.013333333333333334,0.008162854513771585,0.020517459360976174,stageb_only_pooled
classification,100,16,bonferroni,exhaustive,0.05,0.05,21,600,3,0.035,0.021793621965507267,0.05300524321915099,stageb_only_pooled
classification,100,16,bonferroni,exhaustive,0.05,0.1,111,600,3,0.185,0.15471048970528364,0.21842739133879838,stageb_only_pooled
classification,100,16,bonferroni,exhaustive,0.05,0.2,491,600,3,0.8183333333333334,0.7851061820491632,0.8483886541186627,stageb_only_pooled
classification,100,16,bonferroni,exhaustive,0.1,0.0,30,1500,3,0.02,0.013533598879597637,0.028428935227045832,stageb_only_pooled
classification,100,16,bonferroni,exhaustive,0.1,0.05,34,600,3,0.056666666666666664,0.03955884856413025,0.07828885460414285,stageb_only_pooled
classification,100,16,bonferroni,exhaustive,0.1,0.1,155,600,3,0.25833333333333336,0.22373812984665106,0.29532686616094106,stageb_only_pooled
classification,100,16,bonferroni,exhaustive,0.1,0.2,531,600,3,0.885,0.8567241477569648,0.9094131561222372,stageb_only_pooled
classification,100,16,bonferroni,exhaustive,0.2,0.0,59,1500,3,0.03933333333333333,0.030074710968819165,0.05044616448541727,stageb_only_pooled
classification,100,16,bonferroni,exhaustive,0.2,0.05,57,600,3,0.095,0.07274691001454957,0.12133062092934678,stageb_only_pooled
classification,100,16,bonferroni,exhaustive,0.2,0.1,217,600,3,0.3616666666666667,0.32315002854754216,0.4015525091763372,stageb_only_pooled
classification,100,16,bonferroni,exhaustive,0.2,0.2,550,600,3,0.9166666666666666,0.8916098542414705,0.9375175572699869,stageb_only_pooled
classification,100,16,bonferroni,exhaustive,0.35,0.0,32,500,1,0.064,0.04418421094671325,0.08915062755086343,stageb_only_pooled
classification,100,16,bonferroni,exhaustive,0.35,0.05,29,200,1,0.145,0.09930862255520753,0.20156149617317973,stageb_only_pooled
classification,100,16,bonferroni,exhaustive,0.35,0.1,86,200,1,0.43,0.3603855918269887,0.501720847171578,stageb_only_pooled
classification,100,16,bonferroni,exhaustive,0.35,0.2,190,200,1,0.95,0.9099724622986486,0.9757658345278915,stageb_only_pooled
classification,100,16,bonferroni,exhaustive,0.5,0.0,41,500,1,0.082,0.05948546373558825,0.10959894311096288,stageb_only_pooled
classification,100,16,bonferroni,exhaustive,0.5,0.05,35,200,1,0.175,0.12502441077371185,0.23488397063020916,stageb_only_pooled
classification,100,16,bonferroni,exhaustive,0.5,0.1,85,200,1,0.425,0.3555611772587056,0.49669586816519024,stageb_only_pooled
classification,100,16,bonferroni,exhaustive,0.5,0.2,192,200,1,0.96,0.922708031773984,0.9825751910055194,stageb_only_pooled
classification,100,16,maxt,adaptive,0.02,0.0,21,1500,3,0.014,0.008686549836516655,0.02132123402357071,stageb_only_pooled
classification,100,16,maxt,adaptive,0.02,0.05,26,600,3,0.043333333333333335,0.028498904161072838,0.06285102821632312,stageb_only_pooled
classification,100,16,maxt,adaptive,0.02,0.1,120,600,3,0.2,0.1687024703711658,0.23428308492427813,stageb_only_pooled
classification,100,16,maxt,adaptive,0.02,0.2,500,600,3,0.8333333333333334,0.8010559384545214,0.8622856053324142,stageb_only_pooled
classification,100,16,maxt,adaptive,0.05,0.0,48,1500,3,0.032,0.023686581037512654,0.04220521154185407,stageb_only_pooled
classification,100,16,maxt,adaptive,0.05,0.05,47,600,3,0.07833333333333334,0.05812162409921535,0.10280693612376407,stageb_only_pooled
classification,100,16,maxt,adaptive,0.05,0.1,194,600,3,0.3233333333333333,0.286021611976731,0.36239497128901377,stageb_only_pooled
classification,100,16,maxt,adaptive,0.05,0.2,538,600,3,0.8966666666666666,0.8694921202073272,0.9198538767491116,stageb_only_pooled
classification,100,16,maxt,adaptive,0.1,0.0,105,1500,3,0.07,0.057606771292937786,0.08410694686062933,stageb_only_pooled
classification,100,16,maxt,adaptive,0.1,0.05,76,600,3,0.12666666666666668,0.10111166433092984,0.15596123216331245,stageb_only_pooled
classification,100,16,maxt,adaptive,0.1,0.1,265,600,3,0.44166666666666665,0.40147084555800694,0.4824393536883991,stageb_only_pooled
classification,100,16,maxt,adaptive,0.1,0.2,562,600,3,0.9366666666666666,0.914103398143291,0.9547954000559885,stageb_only_pooled
classification,100,16,maxt,adaptive,0.2,0.0,214,1500,3,0.14266666666666666,0.12534753904234935,0.16139750262442504,stageb_only_pooled
classification,100,16,maxt,adaptive,0.2,0.05,139,600,3,0.23166666666666666,0.19846543010181233,0.26753383788305624,stageb_only_pooled
classification,100,16,maxt,adaptive,0.2,0.1,323,600,3,0.5383333333333333,0.4975047512692048,0.5787828710341096,stageb_only_pooled
classification,100,16,maxt,adaptive,0.2,0.2,581,600,3,0.9683333333333334,0.9509890013859863,0.9808290997326679,stageb_only_pooled
classification,100,16,maxt,adaptive,0.35,0.0,111,500,1,0.222,0.18630734598641566,0.2610168116937048,stageb_only_pooled
classification,100,16,maxt,adaptive,0.35,0.05,78,200,1,0.39,0.32199106211524076,0.46132123254499857,stageb_only_pooled
classification,100,16,maxt,adaptive,0.35,0.1,120,200,1,0.6,0.528535672797046,0.6684537362643604,stageb_only_pooled
classification,100,16,maxt,adaptive,0.35,0.2,198,200,1,0.99,0.9643453316027603,0.998786650986264,stageb_only_pooled
classification,100,16,maxt,adaptive,0.5,0.0,146,500,1,0.292,0.25247733431644903,0.3340025438872843,stageb_only_pooled
classification,100,16,maxt,adaptive,0.5,0.05,91,200,1,0.455,0.38461304203891694,0.5267407524810116,stageb_only_pooled
classification,100,16,maxt,adaptive,0.5,0.1,133,200,1,0.665,0.5950033586505903,0.7300208448426304,stageb_only_pooled
classification,100,16,maxt,adaptive,0.5,0.2,198,200,1,0.99,0.9643453316027603,0.998786650986264,stageb_only_pooled
classification,100,16,maxt,exhaustive,0.02,0.0,22,1500,3,0.014666666666666666,0.009213741369787639,0.022121728073354073,stageb_only_pooled
classification,100,16,maxt,exhaustive,0.02,0.05,29,600,3,0.04833333333333333,0.03260510298859885,0.06867969714975303,stageb_only_pooled
classification,100,16,maxt,exhaustive,0.02,0.1,129,600,3,0.215,0.18276476735438016,0.25006909699843366,stageb_only_pooled
classification,100,16,maxt,exhaustive,0.02,0.2,512,600,3,0.8533333333333334,0.8224578456816298,0.8806777070328029,stageb_only_pooled
classification,100,16,maxt,exhaustive,0.05,0.0,49,1500,3,0.03266666666666666,0.024262695293828546,0.04295889359819709,stageb_only_pooled
classification,100,16,maxt,exhaustive,0.05,0.05,50,600,3,0.08333333333333333,0.06248244273001311,0.1083901457585295,stageb_only_pooled
classification,100,16,maxt,exhaustive,0.05,0.1,194,600,3,0.3233333333333333,0.286021611976731,0.36239497128901377,stageb_only_pooled
classification,100,16,maxt,exhaustive,0.05,0.2,549,600,3,0.915,0.8897540169486022,0.9360585801779702,stageb_only_pooled
classification,100,16,maxt,exhaustive,0.1,0.0,104,1500,3,0.06933333333333333,0.056998417402828384,0.08338486829501707,stageb_only_pooled
classification,100,16,maxt,exhaustive,0.1,0.05,76,600,3,0.12666666666666668,0.10111166433092984,0.15596123216331245,stageb_only_pooled
classification,100,16,maxt,exhaustive,0.1,0.1,264,600,3,0.44,0.3998282489179181,0.4807651051375853,stageb_only_pooled
classification,100,16,maxt,exhaustive,0.1,0.2,566,600,3,0.9433333333333334,0.9217111453958572,0.9604411514358697,stageb_only_pooled
classification,100,16,maxt,exhaustive,0.2,0.0,201,1500,3,0.134,0.11715698296790233,0.15228988241756117,stageb_only_pooled
classification,100,16,maxt,exhaustive,0.2,0.05,145,600,3,0.24166666666666667,0.20792166901224268,0.27797710588281854,stageb_only_pooled
classification,100,16,maxt,exhaustive,0.2,0.1,325,600,3,0.5416666666666666,0.500842918224961,0.5820784045549976,stageb_only_pooled
classification,100,16,maxt,exhaustive,0.2,0.2,578,600,3,0.9633333333333334,0.9450106335273807,0.9768811685729477,stageb_only_pooled
classification,100,16,maxt,exhaustive,0.35,0.0,105,500,1,0.21,0.17510222529285008,0.24836781048715337,stageb_only_pooled
classification,100,16,maxt,exhaustive,0.35,0.05,73,200,1,0.365,0.29823342636701194,0.43583402978999725,stageb_only_pooled
classification,100,16,maxt,exhaustive,0.35,0.1,123,200,1,0.615,0.5437613072168549,0.6827754746371324,stageb_only_pooled
classification,100,16,maxt,exhaustive,0.35,0.2,198,200,1,0.99,0.9643453316027603,0.998786650986264,stageb_only_pooled
classification,100,16,maxt,exhaustive,0.5,0.0,137,500,1,0.274,0.23534166201192516,0.315354454511171,stageb_only_pooled
classification,100,16,maxt,exhaustive,0.5,0.05,88,200,1,0.44,0.3700555793390437,0.511749730925303,stageb_only_pooled
classification,100,16,maxt,exhaustive,0.5,0.1,134,200,1,0.67,0.6001707396669453,0.7347017965274382,stageb_only_pooled
classification,100,16,maxt,exhaustive,0.5,0.2,198,200,1,0.99,0.9643453316027603,0.998786650986264,stageb_only_pooled
classification,100,64,bonferroni,adaptive,0.02,0.0,5,1500,3,0.0033333333333333335,0.0010831828329401054,0.007761609956732434,stageb_only_pooled
classification,100,64,bonferroni,adaptive,0.02,0.05,12,600,3,0.02,0.01037595348320725,0.0346751596860797,stageb_only_pooled
classification,100,64,bonferroni,adaptive,0.02,0.1,48,600,3,0.08,0.05957246901486141,0.1046706946656102,stageb_only_pooled
classification,100,64,bonferroni,adaptive,0.02,0.2,410,600,3,0.6833333333333333,0.6444434903262755,0.720406945067793,stageb_only_pooled
classification,100,64,bonferroni,adaptive,0.05,0.0,11,1500,3,0.007333333333333333,0.0036662916256219864,0.013083394514575906,stageb_only_pooled
classification,100,64,bonferroni,adaptive,0.05,0.05,21,600,3,0.035,0.021793621965507267,0.05300524321915099,stageb_only_pooled
classification,100,64,bonferroni,adaptive,0.05,0.1,84,600,3,0.14,0.11323034869896818,0.17036993286364222,stageb_only_pooled
classification,100,64,bonferroni,adaptive,0.05,0.2,467,600,3,0.7783333333333333,0.7429358363340277,0.8109642091552207,stageb_only_pooled
classification,100,64,bonferroni,adaptive,0.1,0.0,19,1500,3,0.012666666666666666,0.007642918539229586,0.019710167820817696,stageb_only_pooled
classification,100,64,bonferroni,adaptive,0.1,0.05,27,600,3,0.045,0.02986147642959005,0.0647997897504542,stageb_only_pooled
classification,100,64,bonferroni,adaptive,0.1,0.1,113,600,3,0.18833333333333332,0.15781342538870125,0.22195721083555153,stageb_only_pooled
classification,100,64,bonferroni,adaptive,0.1,0.2,500,600,3,0.8333333333333334,0.8010559384545214,0.8622856053324142,stageb_only_pooled
classification,100,64,bonferroni,adaptive,0.2,0.0,37,1500,3,0.024666666666666667,0.01742570656299864,0.033840644173436255,stageb_only_pooled
classification,100,64,bonferroni,adaptive,0.2,0.05,42,600,3,0.07,0.05091223702773054,0.0934445597091623,stageb_only_pooled
classification,100,64,bonferroni,adaptive,0.2,0.1,154,600,3,0.25666666666666665,0.22215343638837204,0.29359491816364136,stageb_only_pooled
classification,100,64,bonferroni,adaptive,0.2,0.2,525,600,3,0.875,0.8458462973488563,0.9003966281886743,stageb_only_pooled
classification,100,64,bonferroni,adaptive,0.35,0.0,16,500,1,0.032,0.01839918532363991,0.05144676829164562,stageb_only_pooled
classification,100,64,bonferroni,adaptive,0.35,0.05,23,200,1,0.115,0.07431337369229706,0.16754694448225396,stageb_only_pooled
classification,100,64,bonferroni,adaptive,0.35,0.1,65,200,1,0.325,0.2606255147536153,0.3946537063048076,stageb_only_pooled
classification,100,64,bonferroni,adaptive,0.35,0.2,183,200,1,0.915,0.8673948341704476,0.9497040813697427,stageb_only_pooled
classification,100,64,bonferroni,adaptive,0.5,0.0,22,500,1,0.044,0.027776767285571744,0.06586100032359485,stageb_only_pooled
classification,100,64,bonferroni,adaptive,0.5,0.05,26,200,1,0.13,0.08670835276857532,0.18465233052341257,stageb_only_pooled
classification,100,64,bonferroni,adaptive,0.5,0.1,77,200,1,0.385,0.3172245253628676,0.4562386927831451,stageb_only_pooled
classification,100,64,bonferroni,adaptive,0.5,0.2,189,200,1,0.945,0.9037223555660872,0.9722277454479935,stageb_only_pooled
classification,100,64,bonferroni,exhaustive,0.02,0.0,5,1500,3,0.0033333333333333335,0.0010831828329401054,0.007761609956732434,stageb_only_pooled
classification,100,64,bonferroni,exhaustive,0.02,0.05,12,600,3,0.02,0.01037595348320725,0.0346751596860797,stageb_only_pooled
classification,100,64,bonferroni,exhaustive,0.02,0.1,50,600,3,0.08333333333333333,0.06248244273001311,0.1083901457585295,stageb_only_pooled
classification,100,64,bonferroni,exhaustive,0.02,0.2,410,600,3,0.6833333333333333,0.6444434903262755,0.720406945067793,stageb_only_pooled
classification,100,64,bonferroni,exhaustive,0.05,0.0,11,1500,3,0.007333333333333333,0.0036662916256219864,0.013083394514575906,stageb_only_pooled
classification,100,64,bonferroni,exhaustive,0.05,0.05,22,600,3,0.03666666666666667,0.02311883142705228,0.05498936647261927,stageb_only_pooled
classification,100,64,bonferroni,exhaustive,0.05,0.1,87,600,3,0.145,0.11779737995620711,0.1757509994009586,stageb_only_pooled
classification,100,64,bonferroni,exhaustive,0.05,0.2,467,600,3,0.7783333333333333,0.7429358363340277,0.8109642091552207,stageb_only_pooled
classification,100,64,bonferroni,exhaustive,0.1,0.0,19,1500,3,0.012666666666666666,0.007642918539229586,0.019710167820817696,stageb_only_pooled
classification,100,64,bonferroni,exhaustive,0.1,0.05,28,600,3,0.04666666666666667,0.031230315570039663,0.06674258151340016,stageb_only_pooled
classification,100,64,bonferroni,exhaustive,0.1,0.1,113,600,3,0.18833333333333332,0.15781342538870125,0.22195721083555153,stageb_only_pooled
classification,100,64,bonferroni,exhaustive,0.1,0.2,502,600,3,0.8366666666666667,0.8046116851030521,0.8653623323256692,stageb_only_pooled
classification,100,64,bonferroni,exhaustive,0.2,0.0,38,1500,3,0.025333333333333333,0.017988323208082947,0.03460739720024799,stageb_only_pooled
classification,100,64,bonferroni,exhaustive,0.2,0.05,42,600,3,0.07,0.05091223702773054,0.0934445597091623,stageb_only_pooled
classification,100,64,bonferroni,exhaustive,0.2,0.1,156,600,3,0.26,0.22532348447466152,0.2970581570174931,stageb_only_pooled
classification,100,64,bonferroni,exhaustive,0.2,0.2,527,600,3,0.8783333333333333,0.8494659154483959,0.9034085785573798,stageb_only_pooled
classification,100,64,bonferroni,exhaustive,0.35,0.0,16,500,1,0.032,0.01839918532363991,0.05144676829164562,stageb_only_pooled
classification,100,64,bonferroni,exhaustive,0.35,0.05,24,200,1,0.12,0.07842024799636271,0.1732723511641222,stageb_only_pooled
classification,100,64,bonferroni,exhaustive,0.35,0.1,66,200,1,0.33,0.26529820347256183,0.3998292603330547,stageb_only_pooled
classification,100,64,bonferroni,exhaustive,0.35,0.2,183,200,1,0.915,0.8673948341704476,0.9497040813697427,stageb_only_pooled
classification,100,64,bonferroni,exhaustive,0.5,0.0,22,500,1,0.044,0.027776767285571744,0.06586100032359485,stageb_only_pooled
classification,100,64,bonferroni,exhaustive,0.5,0.05,27,200,1,0.135,0.09088710175489778,0.19030917268339836,stageb_only_pooled
classification,100,64,bonferroni,exhaustive,0.5,0.1,77,200,1,0.385,0.3172245253628676,0.4562386927831451,stageb_only_pooled
classification,100,64,bonferroni,exhaustive,0.5,0.2,189,200,1,0.945,0.9037223555660872,0.9722277454479935,stageb_only_pooled
classification,100,64,maxt,adaptive,0.02,0.0,25,1500,3,0.016666666666666666,0.010814080028313772,0.024505526819965057,stageb_only_pooled
classification,100,64,maxt,adaptive,0.02,0.05,31,600,3,0.051666666666666666,0.03537138076815319,0.07253795599311111,stageb_only_pooled
classification,100,64,maxt,adaptive,0.02,0.1,128,600,3,0.21333333333333335,0.18119899507811413,0.24831836267228263,stageb_only_pooled
classification,100,64,maxt,adaptive,0.02,0.2,511,600,3,0.8516666666666667,0.8206679281049849,0.8791515398311783,stageb_only_pooled
classification,100,64,maxt,adaptive,0.05,0.0,54,1500,3,0.036,0.027157771885032152,0.04671318686363429,stageb_only_pooled
classification,100,64,maxt,adaptive,0.05,0.05,51,600,3,0.085,0.06394141982202987,0.11024598305139778,stageb_only_pooled
classification,100,64,maxt,adaptive,0.05,0.1,200,600,3,0.3333333333333333,0.2956806515050697,0.37263652274520903,stageb_only_pooled
classification,100,64,maxt,adaptive,0.05,0.2,537,600,3,0.895,0.8676626346203813,0.9183679423144768,stageb_only_pooled
classification,100,64,maxt,adaptive,0.1,0.0,118,1500,3,0.07866666666666666,0.06554469198523782,0.09346500453157368,stageb_only_pooled
classification,100,64,maxt,adaptive,0.1,0.05,83,600,3,0.13833333333333334,0.11171063778012405,0.16857364824501392,stageb_only_pooled
classification,100,64,maxt,adaptive,0.1,0.1,267,600,3,0.445,0.40475739463918675,0.48578649653609496,stageb_only_pooled
classification,100,64,maxt,adaptive,0.1,0.2,566,600,3,0.9433333333333334,0.9217111453958572,0.9604411514358697,stageb_only_pooled
classification,100,64,maxt,adaptive,0.2,0.0,215,1500,3,0.14333333333333334,0.1259785241572363,0.16209715193001595,stageb_only_pooled
classification,100,64,maxt,adaptive,0.2,0.05,156,600,3,0.26,0.22532348447466152,0.2970581570174931,stageb_only_pooled
classification,100,64,maxt,adaptive,0.2,0.1,339,600,3,0.565,0.5242603554734708,0.6050968227579342,stageb_only_pooled
classification,100,64,maxt,adaptive,0.2,0.2,582,600,3,0.97,0.9530003895887207,0.9821251976421195,stageb_only_pooled
classification,100,64,maxt,adaptive,0.35,0.0,117,500,1,0.234,0.1975563648242704,0.27362232176422174,stageb_only_pooled
classification,100,64,maxt,adaptive,0.35,0.05,77,200,1,0.385,0.3172245253628676,0.4562386927831451,stageb_only_pooled
classification,100,64,maxt,adaptive,0.35,0.1,123,200,1,0.615,0.5437613072168549,0.6827754746371324,stageb_only_pooled
classification,100,64,maxt,adaptive,0.35,0.2,198,200,1,0.99,0.9643453316027603,0.998786650986264,stageb_only_pooled
classification,100,64,maxt,adaptive,0.5,0.0,151,500,1,0.302,0.26202997743310014,0.3443299633222477,stageb_only_pooled
classification,100,64,maxt,adaptive,0.5,0.05,96,200,1,0.48,0.4090139996380063,0.5515876013394261,stageb_only_pooled
classification,100,64,maxt,adaptive,0.5,0.1,138,200,1,0.69,0.6209229594796742,0.7533419625582742,stageb_only_pooled
classification,100,64,maxt,adaptive,0.5,0.2,198,200,1,0.99,0.9643453316027603,0.998786650986264,stageb_only_pooled
classification,100,64,maxt,exhaustive,0.02,0.0,28,1500,3,0.018666666666666668,0.012438806903276976,0.026866222449979358,stageb_only_pooled
classification,100,64,maxt,exhaustive,0.02,0.05,31,600,3,0.051666666666666666,0.03537138076815319,0.07253795599311111,stageb_only_pooled
classification,100,64,maxt,exhaustive,0.02,0.1,140,600,3,0.23333333333333334,0.20003965514632138,0.2692761844708373,stageb_only_pooled
classification,100,64,maxt,exhaustive,0.02,0.2,517,600,3,0.8616666666666667,0.831426351754986,0.888289362219876,stageb_only_pooled
classification,100,64,maxt,exhaustive,0.05,0.0,59,1500,3,0.03933333333333333,0.030074710968819165,0.05044616448541727,stageb_only_pooled
classification,100,64,maxt,exhaustive,0.05,0.05,58,600,3,0.09666666666666666,0.07422253828758428,0.12317019752529577,stageb_only_pooled
classification,100,64,maxt,exhaustive,0.05,0.1,211,600,3,0.3516666666666667,0.31343806131359925,0.391363705249615,stageb_only_pooled
classification,100,64,maxt,exhaustive,0.05,0.2,555,600,3,0.925,0.9009290373702229,0.9447713720512343,stageb_only_pooled
classification,100,64,maxt,exhaustive,0.1,0.0,120,1500,3,0.08,0.06677043503782351,0.09490023350365138,stageb_only_pooled
classification,100,64,maxt,exhaustive,0.1,0.05,88,600,3,0.14666666666666667,0.1193222929671971,0.17754215431837023,stageb_only_pooled
classification,100,64,maxt,exhaustive,0.1,0.1,273,600,3,0.455,0.4146278519444151,0.4958171262629382,stageb_only_pooled
classification,100,64,maxt,exhaustive,0.1,0.2,571,600,3,0.9516666666666667,0.931320302850247,0.9673948970114011,stageb_only_pooled
classification,100,64,maxt,exhaustive,0.2,0.0,205,1500,3,0.13666666666666666,0.11967468181845725,0.15509468470290944,stageb_only_pooled
classification,100,64,maxt,exhaustive,0.2,0.05,141,600,3,0.235,0.20161461323591578,0.271017803280984,stageb_only_pooled
classification,100,64,maxt,exhaustive,0.2,0.1,339,600,3,0.565,0.5242603554734708,0.6050968227579342,stageb_only_pooled
classification,100,64,maxt,exhaustive,0.2,0.2,582,600,3,0.97,0.9530003895887207,0.9821251976421195,stageb_only_pooled
classification,100,64,maxt,exhaustive,0.35,0.0,106,500,1,0.212,0.17696658536322568,0.2504791066504423,stageb_only_pooled
classification,100,64,maxt,exhaustive,0.35,0.05,73,200,1,0.365,0.29823342636701194,0.43583402978999725,stageb_only_pooled
classification,100,64,maxt,exhaustive,0.35,0.1,127,200,1,0.635,0.5641659702100028,0.7017665736329881,stageb_only_pooled
classification,100,64,maxt,exhaustive,0.35,0.2,197,200,1,0.985,0.9567917180822874,0.9968958923784464,stageb_only_pooled
classification,100,64,maxt,exhaustive,0.5,0.0,139,500,1,0.278,0.23914285744019717,0.3195051639752749,stageb_only_pooled
classification,100,64,maxt,exhaustive,0.5,0.05,89,200,1,0.445,0.37490109471850996,0.5167536888074262,stageb_only_pooled
classification,100,64,maxt,exhaustive,0.5,0.1,139,200,1,0.695,0.6261321954662298,0.7579805629764088,stageb_only_pooled
classification,100,64,maxt,exhaustive,0.5,0.2,198,200,1,0.99,0.9643453316027603,0.998786650986264,stageb_only_pooled
classification,100,256,bonferroni,adaptive,0.02,0.0,4,1500,3,0.0026666666666666666,0.0007270400447451259,0.006813531732916779,stageb_only_pooled
classification,100,256,bonferroni,adaptive,0.02,0.05,8,600,3,0.013333333333333334,0.00577349099473594,0.026102233624288766,stageb_only_pooled
classification,100,256,bonferroni,adaptive,0.02,0.1,40,600,3,0.06666666666666667,0.04805123703386055,0.08967753217090249,stageb_only_pooled
classification,100,256,bonferroni,adaptive,0.02,0.2,407,600,3,0.6783333333333333,0.6393138295359573,0.7155863451320618,stageb_only_pooled
classification,100,256,bonferroni,adaptive,0.05,0.0,11,1500,3,0.007333333333333333,0.0036662916256219864,0.013083394514575906,stageb_only_pooled
classification,100,256,bonferroni,adaptive,0.05,0.05,14,600,3,0.023333333333333334,0.012813903037115344,0.038839718601920356,stageb_only_pooled
classification,100,256,bonferroni,adaptive,0.05,0.1,68,600,3,0.11333333333333333,0.08908990023238993,0.14145716721271306,stageb_only_pooled
classification,100,256,bonferroni,adaptive,0.05,0.2,446,600,3,0.7433333333333333,0.7064050818363586,0.777846563611628,stageb_only_pooled
classification,100,256,bonferroni,adaptive,0.1,0.0,18,1500,3,0.012,0.007127040201040334,0.01889909294235668,stageb_only_pooled
classification,100,256,bonferroni,adaptive,0.1,0.05,25,600,3,0.041666666666666664,0.027142948166969643,0.06089597580343653,stageb_only_pooled
classification,100,256,bonferroni,adaptive,0.1,0.1,95,600,3,0.15833333333333333,0.13003085429515887,0.1900465156262837,stageb_only_pooled
classification,100,256,bonferroni,adaptive,0.1,0.2,487,600,3,0.8116666666666666,0.7780427891644485,0.8421865746112988,stageb_only_pooled
classification,100,256,bonferroni,adaptive,0.2,0.0,26,1500,3,0.017333333333333333,0.011353155017992727,0.02529480102106567,stageb_only_pooled
classification,100,256,bonferroni,adaptive,0.2,0.05,36,600,3,0.06,0.04237339679484932,0.08210075867241703,stageb_only_pooled
classification,100,256,bonferroni,adaptive,0.2,0.1,135,600,3,0.225,0.19217597252628632,0.2605570636156337,stageb_only_pooled
classification,100,256,bonferroni,adaptive,0.2,0.2,518,600,3,0.8633333333333333,0.8332239665560026,0.8898077235069592,stageb_only_pooled
classification,100,256,bonferroni,adaptive,0.35,0.0,15,500,1,0.03,0.016885984203873244,0.04899822570881894,stageb_only_pooled
classification,100,256,bonferroni,adaptive,0.35,0.05,22,200,1,0.11,0.07023316352921179,0.16179621556950016,stageb_only_pooled
classification,100,256,bonferroni,adaptive,0.35,0.1,56,200,1,0.28,0.21896115567003302,0.3476887372046082,stageb_only_pooled
classification,100,256,bonferroni,adaptive,0.35,0.2,178,200,1,0.89,0.8382037844304998,0.9297668364707882,stageb_only_pooled
classification,100,256,bonferroni,adaptive,0.5,0.0,17,500,1,0.034,0.019928600046206304,0.0538803507360769,stageb_only_pooled
classification,100,256,bonferroni,adaptive,0.5,0.05,22,200,1,0.11,0.07023316352921179,0.16179621556950016,stageb_only_pooled
classification,100,256,bonferroni,adaptive,0.5,0.1,67,200,1,0.335,0.26997915515736964,0.4049966413494097,stageb_only_pooled
classification,100,256,bonferroni,adaptive,0.5,0.2,182,200,1,0.91,0.8614917915261779,0.9457857455439036,stageb_only_pooled
classification,100,256,bonferroni,exhaustive,0.02,0.0,5,1500,3,0.0033333333333333335,0.0010831828329401054,0.007761609956732434,stageb_only_pooled
classification,100,256,bonferroni,exhaustive,0.02,0.05,9,600,3,0.015,0.006881294596788258,0.028283028358010703,stageb_only_pooled
classification,100,256,bonferroni,exhaustive,0.02,0.1,43,600,3,0.07166666666666667,0.05234782323673621,0.09532314344396939,stageb_only_pooled
classification,100,256,bonferroni,exhaustive,0.02,0.2,407,600,3,0.6783333333333333,0.6393138295359573,0.7155863451320618,stageb_only_pooled
classification,100,256,bonferroni,exhaustive,0.05,0.0,10,1500,3,0.006666666666666667,0.00320141842259819,0.012225959357031082,stageb_only_pooled
classification,100,256,bonferroni,exhaustive,0.05,0.05,14,600,3,0.023333333333333334,0.012813903037115344,0.038839718601920356,stageb_only_pooled
classification,100,256,bonferroni,exhaustive,0.05,0.1,70,600,3,0.11666666666666667,0.09208549915784404,0.14509285618411882,stageb_only_pooled
classification,100,256,bonferroni,exhaustive,0.05,0.2,446,600,3,0.7433333333333333,0.7064050818363586,0.777846563611628,stageb_only_pooled
classification,100,256,bonferroni,exhaustive,0.1,0.0,18,1500,3,0.012,0.007127040201040334,0.01889909294235668,stageb_only_pooled
classification,100,256,bonferroni,exhaustive,0.1,0.05,25,600,3,0.041666666666666664,0.027142948166969643,0.06089597580343653,stageb_only_pooled
classification,100,256,bonferroni,exhaustive,0.1,0.1,97,600,3,0.16166666666666665,0.13310094585467155,0.19360881912666686,stageb_only_pooled
classification,100,256,bonferroni,exhaustive,0.1,0.2,488,600,3,0.8133333333333334,0.7798072345050591,0.8437385115009475,stageb_only_pooled
classification,100,256,bonferroni,exhaustive,0.2,0.0,26,1500,3,0.017333333333333333,0.011353155017992727,0.02529480102106567,stageb_only_pooled
classification,100,256,bonferroni,exhaustive,0.2,0.05,36,600,3,0.06,0.04237339679484932,0.08210075867241703,stageb_only_pooled
classification,100,256,bonferroni,exhaustive,0.2,0.1,136,600,3,0.22666666666666666,0.19374720904735357,0.26230237664504047,stageb_only_pooled
classification,100,256,bonferroni,exhaustive,0.2,0.2,521,600,3,0.8683333333333333,0.8386249976597498,0.8943544979839544,stageb_only_pooled
classification,100,256,bonferroni,exhaustive,0.35,0.0,15,500,1,0.03,0.016885984203873244,0.04899822570881894,stageb_only_pooled
classification,100,256,bonferroni,exhaustive,0.35,0.05,22,200,1,0.11,0.07023316352921179,0.16179621556950016,stageb_only_pooled
classification,100,256,bonferroni,exhaustive,0.35,0.1,58,200,1,0.29,0.22815698936351195,0.35818745216229103,stageb_only_pooled
classification,100,256,bonferroni,exhaustive,0.35,0.2,178,200,1,0.89,0.8382037844304998,0.9297668364707882,stageb_only_pooled
classification,100,256,bonferroni,exhaustive,0.5,0.0,17,500,1,0.034,0.019928600046206304,0.0538803507360769,stageb_only_pooled
classification,100,256,bonferroni,exhaustive,0.5,0.05,23,200,1,0.115,0.07431337369229706,0.16754694448225396,stageb_only_pooled
classification,100,256,bonferroni,exhaustive,0.5,0.1,68,200,1,0.34,0.2746682758307553,0.4101559390887147,stageb_only_pooled
classification,100,256,bonferroni,exhaustive,0.5,0.2,182,200,1,0.91,0.8614917915261779,0.9457857455439036,stageb_only_pooled
classification,100,256,maxt,adaptive,0.02,0.0,29,1500,3,0.019333333333333334,0.012985119381084903,0.02764861294725804,stageb_only_pooled
classification,100,256,maxt,adaptive,0.02,0.05,31,600,3,0.051666666666666666,0.03537138076815319,0.07253795599311111,stageb_only_pooled
classification,100,256,maxt,adaptive,0.02,0.1,125,600,3,0.20833333333333334,0.17650654779551003,0.24306133046527423,stageb_only_pooled
classification,100,256,maxt,adaptive,0.02,0.2,515,600,3,0.8583333333333333,0.8278350930411581,0.8852486109718859,stageb_only_pooled
classification,100,256,maxt,adaptive,0.05,0.0,54,1500,3,0.036,0.027157771885032152,0.04671318686363429,stageb_only_pooled
classification,100,256,maxt,adaptive,0.05,0.05,49,600,3,0.08166666666666667,0.06102610114935034,0.10653173982107159,stageb_only_pooled
classification,100,256,maxt,adaptive,0.05,0.1,200,600,3,0.3333333333333333,0.2956806515050697,0.37263652274520903,stageb_only_pooled
classification,100,256,maxt,adaptive,0.05,0.2,540,600,3,0.9,0.8731569276351674,0.9228197888484697,stageb_only_pooled
classification,100,256,maxt,adaptive,0.1,0.0,120,1500,3,0.08,0.06677043503782351,0.09490023350365138,stageb_only_pooled
classification,100,256,maxt,adaptive,0.1,0.05,82,600,3,0.13666666666666666,0.11019227649304071,0.16677603344399744,stageb_only_pooled
classification,100,256,maxt,adaptive,0.1,0.1,273,600,3,0.455,0.4146278519444151,0.4958171262629382,stageb_only_pooled
classification,100,256,maxt,adaptive,0.1,0.2,566,600,3,0.9433333333333334,0.9217111453958572,0.9604411514358697,stageb_only_pooled
classification,100,256,maxt,adaptive,0.2,0.0,215,1500,3,0.14333333333333334,0.1259785241572363,0.16209715193001595,stageb_only_pooled
classification,100,256,maxt,adaptive,0.2,0.05,148,600,3,0.24666666666666667,0.21265940164968994,0.28318919282882654,stageb_only_pooled
classification,100,256,maxt,adaptive,0.2,0.1,339,600,3,0.565,0.5242603554734708,0.6050968227579342,stageb_only_pooled
classification,100,256,maxt,adaptive,0.2,0.2,582,600,3,0.97,0.9530003895887207,0.9821251976421195,stageb_only_pooled
classification,100,256,maxt,adaptive,0.35,0.0,120,500,1,0.24,0.20319657817464937,0.2799095090032706,stageb_only_pooled
classification,100,256,maxt,adaptive,0.35,0.05,75,200,1,0.375,0.3077138482176408,0.44605137418258545,stageb_only_pooled
classification,100,256,maxt,adaptive,0.35,0.1,124,200,1,0.62,0.5488512420834482,0.6875345648223293,stageb_only_pooled
classification,100,256,maxt,adaptive,0.35,0.2,198,200,1,0.99,0.9643453316027603,0.998786650986264,stageb_only_pooled
classification,100,256,maxt,adaptive,0.5,0.0,147,500,1,0.294,0.2543860253640221,0.33606985492897706,stageb_only_pooled
classification,100,256,maxt,adaptive,0.5,0.05,96,200,1,0.48,0.4090139996380063,0.5515876013394261,stageb_only_pooled
classification,100,256,maxt,adaptive,0.5,0.1,138,200,1,0.69,0.6209229594796742,0.7533419625582742,stageb_only_pooled
classification,100,256,maxt,adaptive,0.5,0.2,198,200,1,0.99,0.9643453316027603,0.998786650986264,stageb_only_pooled
classification,100,256,maxt,exhaustive,0.02,0.0,27,1500,3,0.018,0.0118947767536293,0.02608165720048088,stageb_only_pooled
classification,100,256,maxt,exhaustive,0.02,0.05,32,600,3,0.05333333333333334,0.036762357467991336,0.07445957566604727,stageb_only_pooled
classification,100,256,maxt,exhaustive,0.02,0.1,143,600,3,0.23833333333333334,0.20476670694679266,0.2744988787884566,stageb_only_pooled
classification,100,256,maxt,exhaustive,0.02,0.2,519,600,3,0.865,0.8350229317893758,0.8913247143261855,stageb_only_pooled
classification,100,256,maxt,exhaustive,0.05,0.0,63,1500,3,0.042,0.032422215141461055,0.05341891466270874,stageb_only_pooled
classification,100,256,maxt,exhaustive,0.05,0.05,53,600,3,0.08833333333333333,0.06686700244672375,0.11395021744332774,stageb_only_pooled
classification,100,256,maxt,exhaustive,0.05,0.1,215,600,3,0.35833333333333334,0.319910691919792,0.3981582493306574,stageb_only_pooled
classification,100,256,maxt,exhaustive,0.05,0.2,554,600,3,0.9233333333333333,0.8990596138307226,0.9433263517010204,stageb_only_pooled
classification,100,256,maxt,exhaustive,0.1,0.0,117,1500,3,0.078,0.06493225138498132,0.0927469639081017,stageb_only_pooled
classification,100,256,maxt,exhaustive,0.1,0.05,86,600,3,0.14333333333333334,0.1162737391357816,0.17395858962230182,stageb_only_pooled
classification,100,256,maxt,exhaustive,0.1,0.1,271,600,3,0.45166666666666666,0.4113359016459784,0.49247537913432193,stageb_only_pooled
classification,100,256,maxt,exhaustive,0.1,0.2,572,600,3,0.9533333333333334,0.9332574184865998,0.9687696844299604,stageb_only_pooled
classification,100,256,maxt,exhaustive,0.2,0.0,217,1500,3,0.14466666666666667,0.12724088561127922,0.16349606152085092,stageb_only_pooled
classification,100,256,maxt,exhaustive,0.2,0.05,144,600,3,0.24,0.20634383201368098,0.2762383458539969,stageb_only_pooled
classification,100,256,maxt,exhaustive,0.2,0.1,336,600,3,0.56,0.5192348948624147,0.6001717510820819,stageb_only_pooled
classification,100,256,maxt,exhaustive,0.2,0.2,581,600,3,0.9683333333333334,0.9509890013859863,0.9808290997326679,stageb_only_pooled
classification,100,256,maxt,exhaustive,0.35,0.0,110,500,1,0.22,0.18443670806164186,0.2589117328373836,stageb_only_pooled
classification,100,256,maxt,exhaustive,0.35,0.05,71,200,1,0.355,0.28878377771358443,0.4255861669265797,stageb_only_pooled
classification,100,256,maxt,exhaustive,0.35,0.1,125,200,1,0.625,0.5539486258174146,0.6922861517823592,stageb_only_pooled
classification,100,256,maxt,exhaustive,0.35,0.2,197,200,1,0.985,0.9567917180822874,0.9968958923784464,stageb_only_pooled
classification,100,256,maxt,exhaustive,0.5,0.0,140,500,1,0.28,0.24104491652216792,0.32157906673065645,stageb_only_pooled
classification,100,256,maxt,exhaustive,0.5,0.05,88,200,1,0.44,0.3700555793390437,0.511749730925303,stageb_only_pooled
classification,100,256,maxt,exhaustive,0.5,0.1,138,200,1,0.69,0.6209229594796742,0.7533419625582742,stageb_only_pooled
classification,100,256,maxt,exhaustive,0.5,0.2,198,200,1,0.99,0.9643453316027603,0.998786650986264,stageb_only_pooled
classification,200,16,bonferroni,adaptive,0.02,0.0,6,1500,3,0.004,0.0014693009117972876,0.008685842245365153,stageb_only_pooled
classification,200,16,bonferroni,adaptive,0.02,0.05,41,600,3,0.06833333333333333,0.04948000346230215,0.09156272540292816,stageb_only_pooled
classification,200,16,bonferroni,adaptive,0.02,0.1,205,600,3,0.3416666666666667,0.3037444183075429,0.38115663503798536,stageb_only_pooled
classification,200,16,bonferroni,adaptive,0.02,0.2,594,600,3,0.99,0.9783620442905984,0.9963215835543477,stageb_only_pooled
classification,200,16,bonferroni,adaptive,0.05,0.0,15,1500,3,0.01,0.0056074208232526025,0.016439920118288244,stageb_only_pooled
classification,200,16,bonferroni,adaptive,0.05,0.05,59,600,3,0.09833333333333333,0.07570032162277025,0.1250076656804646,stageb_only_pooled
classification,200,16,bonferroni,adaptive,0.05,0.1,264,600,3,0.44,0.3998282489179181,0.4807651051375853,stageb_only_pooled
classification,200,16,bonferroni,adaptive,0.05,0.2,597,600,3,0.995,0.9854579578604367,0.9989676904830049,stageb_only_pooled
classification,200,16,bonferroni,adaptive,0.1,0.0,39,1500,3,0.026,0.01855239568494881,0.03537274562808389,stageb_only_pooled
classification,200,16,bonferroni,adaptive,0.1,0.05,87,600,3,0.145,0.11779737995620711,0.1757509994009586,stageb_only_pooled
classification,200,16,bonferroni,adaptive,0.1,0.1,318,600,3,0.53,0.4891671409606527,0.5705362245360724,stageb_only_pooled
classification,200,16,bonferroni,adaptive,0.1,0.2,600,600,3,1.0,0.9938707286693308,1.0,stageb_only_pooled
classification,200,16,bonferroni,adaptive,0.2,0.0,81,1500,3,0.054,0.04311185852139755,0.0666729473163583,stageb_only_pooled
classification,200,16,bonferroni,adaptive,0.2,0.05,123,600,3,0.205,0.1733823791388963,0.23955254777436794,stageb_only_pooled
classification,200,16,bonferroni,adaptive,0.2,0.1,397,600,3,0.6616666666666666,0.6222498440436097,0.6994826597821628,stageb_only_pooled
classification,200,16,bonferroni,adaptive,0.2,0.2,600,600,3,1.0,0.9938707286693308,1.0,stageb_only_pooled
classification,200,16,bonferroni,adaptive,0.35,0.0,87,1000,2,0.087,0.07026848607137862,0.10620785795702123,stageb_only_pooled
classification,200,16,bonferroni,adaptive,0.35,0.05,110,400,2,0.275,0.2317982574298698,0.32156695908340494,stageb_only_pooled
classification,200,16,bonferroni,adaptive,0.35,0.1,284,400,2,0.71,0.6628405304967695,0.7540203650726719,stageb_only_pooled
classification,200,16,bonferroni,adaptive,0.35,0.2,400,400,2,1.0,0.9908201954163347,1.0,stageb_only_pooled
classification,200,16,bonferroni,adaptive,0.5,0.0,103,1000,2,0.103,0.08485136534991762,0.12352292640142576,stageb_only_pooled
classification,200,16,bonferroni,adaptive,0.5,0.05,121,400,2,0.3025,0.2578424935528615,0.35010851717579117,stageb_only_pooled
classification,200,16,bonferroni,adaptive,0.5,0.1,294,400,2,0.735,0.6888618789722711,0.7776218891234621,stageb_only_pooled
classification,200,16,bonferroni,adaptive,0.5,0.2,400,400,2,1.0,0.9908201954163347,1.0,stageb_only_pooled
classification,200,16,bonferroni,exhaustive,0.02,0.0,6,1500,3,0.004,0.0014693009117972876,0.008685842245365153,stageb_only_pooled
classification,200,16,bonferroni,exhaustive,0.02,0.05,41,600,3,0.06833333333333333,0.04948000346230215,0.09156272540292816,stageb_only_pooled
classification,200,16,bonferroni,exhaustive,0.02,0.1,207,600,3,0.345,0.30697357407162357,0.3845610435472933,stageb_only_pooled
classification,200,16,bonferroni,exhaustive,0.02,0.2,594,600,3,0.99,0.9783620442905984,0.9963215835543477,stageb_only_pooled
classification,200,16,bonferroni,exhaustive,0.05,0.0,16,1500,3,0.010666666666666666,0.006108868903649251,0.01726434063763466,stageb_only_pooled
classification,200,16,bonferroni,exhaustive,0.05,0.05,59,600,3,0.09833333333333333,0.07570032162277025,0.1250076656804646,stageb_only_pooled
classification,200,16,bonferroni,exhaustive,0.05,0.1,265,600,3,0.44166666666666665,0.40147084555800694,0.4824393536883991,stageb_only_pooled
classification,200,16,bonferroni,exhaustive,0.05,0.2,597,600,3,0.995,0.9854579578604367,0.9989676904830049,stageb_only_pooled
classification,200,16,bonferroni,exhaustive,0.1,0.0,39,1500,3,0.026,0.01855239568494881,0.03537274562808389,stageb_only_pooled
classification,200,16,bonferroni,exhaustive,0.1,0.05,89,600,3,0.14833333333333334,0.1208484601688217,0.1793320718950151,stageb_only_pooled
classification,200,16,bonferroni,exhaustive,0.1,0.1,319,600,3,0.5316666666666666,0.4908337720222056,0.5721864454178116,stageb_only_pooled
classification,200,16,bonferroni,exhaustive,0.1,0.2,600,600,3,1.0,0.9938707286693308,1.0,stageb_only_pooled
classification,200,16,bonferroni,exhaustive,0.2,0.0,81,1500,3,0.054,0.04311185852139755,0.0666729473163583,stageb_only_pooled
classification,200,16,bonferroni,exhaustive,0.2,0.05,124,600,3,0.20666666666666667,0.17494404561969695,0.241307353374262,stageb_only_pooled
classification,200,16,bonferroni,exhaustive,0.2,0.1,397,600,3,0.6616666666666666,0.6222498440436097,0.6994826597821628,stageb_only_pooled
classification,200,16,bonferroni,exhaustive,0.2,0.2,600,600,3,1.0,0.9938707286693308,1.0,stageb_only_pooled
classification,200,16,bonferroni,exhaustive,0.35,0.0,87,1000,2,0.087,0.07026848607137862,0.10620785795702123,stageb_only_pooled
classification,200,16,bonferroni,exhaustive,0.35,0.05,110,400,2,0.275,0.2317982574298698,0.32156695908340494,stageb_only_pooled
classification,200,16,bonferroni,exhaustive,0.35,0.1,285,400,2,0.7125,0.6654351555247282,0.7563880864633771,stageb_only_pooled
classification,200,16,bonferroni,exhaustive,0.35,0.2,400,400,2,1.0,0.9908201954163347,1.0,stageb_only_pooled
classification,200,16,bonferroni,exhaustive,0.5,0.0,103,1000,2,0.103,0.08485136534991762,0.12352292640142576,stageb_only_pooled
classification,200,16,bonferroni,exhaustive,0.5,0.05,121,400,2,0.3025,0.2578424935528615,0.35010851717579117,stageb_only_pooled
classification,200,16,bonferroni,exhaustive,0.5,0.1,294,400,2,0.735,0.6888618789722711,0.7776218891234621,stageb_only_pooled
classification,200,16,bonferroni,exhaustive,0.5,0.2,400,400,2,1.0,0.9908201954163347,1.0,stageb_only_pooled
classification,200,16,maxt,adaptive,0.02,0.0,17,1500,3,0.011333333333333334,0.006615559886822454,0.018083932361817392,stageb_only_pooled
classification,200,16,maxt,adaptive,0.02,0.05,61,600,3,0.10166666666666667,0.07866216001520317,0.12867646264539717,stageb_only_pooled
classification,200,16,maxt,adaptive,0.02,0.1,267,600,3,0.445,0.40475739463918675,0.48578649653609496,stageb_only_pooled
classification,200,16,maxt,adaptive,0.02,0.2,597,600,3,0.995,0.9854579578604367,0.9989676904830049,stageb_only_pooled
classification,200,16,maxt,adaptive,0.05,0.0,55,1500,3,0.03666666666666667,0.02773950351611336,0.047461398721799435,stageb_only_pooled
classification,200,16,maxt,adaptive,0.05,0.05,94,600,3,0.15666666666666668,0.12849751312972327,0.18826368002088878,stageb_only_pooled
classification,200,16,maxt,adaptive,0.05,0.1,351,600,3,0.585,0.5444032162274179,0.6247560339788891,stageb_only_pooled
classification,200,16,maxt,adaptive,0.05,0.2,600,600,3,1.0,0.9938707286693308,1.0,stageb_only_pooled
classification,200,16,maxt,adaptive,0.1,0.0,111,1500,3,0.074,0.06126385924816179,0.08843254013910927,stageb_only_pooled
classification,200,16,maxt,adaptive,0.1,0.05,140,600,3,0.23333333333333334,0.20003965514632138,0.2692761844708373,stageb_only_pooled
classification,200,16,maxt,adaptive,0.1,0.1,407,600,3,0.6783333333333333,0.6393138295359573,0.7155863451320618,stageb_only_pooled
classification,200,16,maxt,adaptive,0.1,0.2,600,600,3,1.0,0.9938707286693308,1.0,stageb_only_pooled
classification,200,16,maxt,adaptive,0.2,0.0,207,1500,3,0.138,0.12093436705517219,0.15649625505071688,stageb_only_pooled
classification,200,16,maxt,adaptive,0.2,0.05,207,600,3,0.345,0.30697357407162357,0.3845610435472933,stageb_only_pooled
classification,200,16,maxt,adaptive,0.2,0.1,461,600,3,0.7683333333333333,0.7324661621169437,0.8015345698981877,stageb_only_pooled
classification,200,16,maxt,adaptive,0.2,0.2,600,600,3,1.0,0.9938707286693308,1.0,stageb_only_pooled
classification,200,16,maxt,adaptive,0.35,0.0,216,1000,2,0.216,0.19086088726752576,0.24282293110399902,stageb_only_pooled
classification,200,16,maxt,adaptive,0.35,0.05,179,400,2,0.4475,0.39806824729452833,0.4977141476205652,stageb_only_pooled
classification,200,16,maxt,adaptive,0.35,0.1,331,400,2,0.8275,0.786836142763367,0.8632344149993469,stageb_only_pooled
classification,200,16,maxt,adaptive,0.35,0.2,400,400,2,1.0,0.9908201954163347,1.0,stageb_only_pooled
classification,200,16,maxt,adaptive,0.5,0.0,298,1000,2,0.298,0.2697813314145047,0.32741333854603977,stageb_only_pooled
classification,200,16,maxt,adaptive,0.5,0.05,211,400,2,0.5275,0.47727670488244056,0.5773135216501505,stageb_only_pooled
classification,200,16,maxt,adaptive,0.5,0.1,347,400,2,0.8675,0.8302931324205225,0.8991495353349429,stageb_only_pooled
classification,200,16,maxt,adaptive,0.5,0.2,400,400,2,1.0,0.9908201954163347,1.0,stageb_only_pooled
classification,200,16,maxt,exhaustive,0.02,0.0,19,1500,3,0.012666666666666666,0.007642918539229586,0.019710167820817696,stageb_only_pooled
classification,200,16,maxt,exhaustive,0.02,0.05,60,600,3,0.1,0.07718021115153023,0.1268430723648326,stageb_only_pooled
classification,200,16,maxt,exhaustive,0.02,0.1,275,600,3,0.4583333333333333,0.41792159544500246,0.4991570817750391,stageb_only_pooled
classification,200,16,maxt,exhaustive,0.02,0.2,597,600,3,0.995,0.9854579578604367,0.9989676904830049,stageb_only_pooled
classification,200,16,maxt,exhaustive,0.05,0.0,58,1500,3,0.03866666666666667,0.02948970879826135,0.049701145149419465,stageb_only_pooled
classification,200,16,maxt,exhaustive,0.05,0.05,102,600,3,0.17,0.14079541181637076,0.20249556724008794,stageb_only_pooled
classification,200,16,maxt,exhaustive,0.05,0.1,364,600,3,0.6066666666666667,0.5662998290555505,0.6459782029665044,stageb_only_pooled
classification,200,16,maxt,exhaustive,0.05,0.2,600,600,3,1.0,0.9938707286693308,1.0,stageb_only_pooled
classification,200,16,maxt,exhaustive,0.1,0.0,113,1500,3,0.07533333333333334,0.062485441871565135,0.08987188205407508,stageb_only_pooled
classification,200,16,maxt,exhaustive,0.1,0.05,152,600,3,0.25333333333333335,0.21898604992312673,0.2901290340877973,stageb_only_pooled
classification,200,16,maxt,exhaustive,0.1,0.1,418,600,3,0.6966666666666667,0.6581468873879719,0.7332374742914427,stageb_only_pooled
classification,200,16,maxt,exhaustive,0.1,0.2,600,600,3,1.0,0.9938707286693308,1.0,stageb_only_pooled
classification,200,16,maxt,exhaustive,0.2,0.0,204,1500,3,0.136,0.11904504685827356,0.1543936931098373,stageb_only_pooled
classification,200,16,maxt,exhaustive,0.2,0.05,208,600,3,0.3466666666666667,0.30858892654937653,0.38626247579778616,stageb_only_pooled
classification,200,16,maxt,exhaustive,0.2,0.1,469,600,3,0.7816666666666666,0.74643180850317,0.8141012945660941,stageb_only_pooled
classification,200,16,maxt,exhaustive,0.2,0.2,600,600,3,1.0,0.9938707286693308,1.0,stageb_only_pooled
classification,200,16,maxt,exhaustive,0.35,0.0,214,1000,2,0.214,0.18895263961063302,0.24074317855997246,stageb_only_pooled
classification,200,16,maxt,exhaustive,0.35,0.05,177,400,2,0.4425,0.39315940841387825,0.49269753068642236,stageb_only_pooled
classification,200,16,maxt,exhaustive,0.35,0.1,333,400,2,0.8325,0.7922245706674419,0.8677683189144295,stageb_only_pooled
classification,200,16,maxt,exhaustive,0.35,0.2,400,400,2,1.0,0.9908201954163347,1.0,stageb_only_pooled
classification,200,16,maxt,exhaustive,0.5,0.0,291,1000,2,0.291,0.2629972176857616,0.32023904389549707,stageb_only_pooled
classification,200,16,maxt,exhaustive,0.5,0.05,210,400,2,0.525,0.47478253293699013,0.5748449488377447,stageb_only_pooled
classification,200,16,maxt,exhaustive,0.5,0.1,349,400,2,0.8725,0.8357879415626545,0.9035749266956374,stageb_only_pooled
classification,200,16,maxt,exhaustive,0.5,0.2,400,400,2,1.0,0.9908201954163347,1.0,stageb_only_pooled
classification,200,64,bonferroni,adaptive,0.02,0.0,3,1500,3,0.002,0.0004126381429006493,0.005833621858616864,stageb_only_pooled
classification,200,64,bonferroni,adaptive,0.02,0.05,31,600,3,0.051666666666666666,0.03537138076815319,0.07253795599311111,stageb_only_pooled
classification,200,64,bonferroni,adaptive,0.02,0.1,167,600,3,0.2783333333333333,0.24280488644924242,0.3160601025498216,stageb_only_pooled
classification,200,64,bonferroni,adaptive,0.02,0.2,596,600,3,0.9933333333333333,0.9830192932606833,0.9981806583658572,stageb_only_pooled
classification,200,64,bonferroni,adaptive,0.05,0.0,12,1500,3,0.008,0.004140350842847095,0.013932651519892625,stageb_only_pooled
classification,200,64,bonferroni,adaptive,0.05,0.05,47,600,3,0.07833333333333334,0.05812162409921535,0.10280693612376407,stageb_only_pooled
classification,200,64,bonferroni,adaptive,0.05,0.1,230,600,3,0.38333333333333336,0.34425390364668235,0.4235671444699169,stageb_only_pooled
classification,200,64,bonferroni,adaptive,0.05,0.2,598,600,3,0.9966666666666667,0.9880111660413475,0.9995960626395574,stageb_only_pooled
classification,200,64,bonferroni,adaptive,0.1,0.0,22,1500,3,0.014666666666666666,0.009213741369787639,0.022121728073354073,stageb_only_pooled
classification,200,64,bonferroni,adaptive,0.1,0.05,57,600,3,0.095,0.07274691001454957,0.12133062092934678,stageb_only_pooled
classification,200,64,bonferroni,adaptive,0.1,0.1,279,600,3,0.465,0.42451444957383233,0.5058316299427627,stageb_only_pooled
classification,200,64,bonferroni,adaptive,0.1,0.2,599,600,3,0.9983333333333333,0.9907492277206255,0.9999578045436128,stageb_only_pooled
classification,200,64,bonferroni,adaptive,0.2,0.0,40,1500,3,0.02666666666666667,0.019117869613299917,0.0361367406976768,stageb_only_pooled
classification,200,64,bonferroni,adaptive,0.2,0.05,89,600,3,0.14833333333333334,0.1208484601688217,0.1793320718950151,stageb_only_pooled
classification,200,64,bonferroni,adaptive,0.2,0.1,334,600,3,0.5566666666666666,0.5158868493511698,0.596886105690546,stageb_only_pooled
classification,200,64,bonferroni,adaptive,0.2,0.2,599,600,3,0.9983333333333333,0.9907492277206255,0.9999578045436128,stageb_only_pooled
classification,200,64,bonferroni,adaptive,0.35,0.0,47,1000,2,0.047,0.03473506226679597,0.062012630693305155,stageb_only_pooled
classification,200,64,bonferroni,adaptive,0.35,0.05,71,400,2,0.1775,0.14131082852445898,0.2185411298668712,stageb_only_pooled
classification,200,64,bonferroni,adaptive,0.35,0.1,248,400,2,0.62,0.570436116464301,0.6677741634894266,stageb_only_pooled
classification,200,64,bonferroni,adaptive,0.35,0.2,400,400,2,1.0,0.9908201954163347,1.0,stageb_only_pooled
classification,200,64,bonferroni,adaptive,0.5,0.0,59,1000,2,0.059,0.04521335440279659,0.07544907308424077,stageb_only_pooled
classification,200,64,bonferroni,adaptive,0.5,0.05,78,400,2,0.195,0.15730325192352582,0.23727879294318618,stageb_only_pooled
classification,200,64,bonferroni,adaptive,0.5,0.1,264,400,2,0.66,0.6112739562844376,0.706337836679156,stageb_only_pooled
classification,200,64,bonferroni,adaptive,0.5,0.2,400,400,2,1.0,0.9908201954163347,1.0,stageb_only_pooled
classification,200,64,bonferroni,exhaustive,0.02,0.0,3,1500,3,0.002,0.0004126381429006493,0.005833621858616864,stageb_only_pooled
classification,200,64,bonferroni,exhaustive,0.02,0.05,31,600,3,0.051666666666666666,0.03537138076815319,0.07253795599311111,stageb_only_pooled
classification,200,64,bonferroni,exhaustive,0.02,0.1,169,600,3,0.2816666666666667,0.24599146847014813,0.3195069014418096,stageb_only_pooled
classification,200,64,bonferroni,exhaustive,0.02,0.2,597,600,3,0.995,0.9854579578604367,0.9989676904830049,stageb_only_pooled
classification,200,64,bonferroni,exhaustive,0.05,0.0,13,1500,3,0.008666666666666666,0.0046224727145726405,0.01477466666740575,stageb_only_pooled
classification,200,64,bonferroni,exhaustive,0.05,0.05,47,600,3,0.07833333333333334,0.05812162409921535,0.10280693612376407,stageb_only_pooled
classification,200,64,bonferroni,exhaustive,0.05,0.1,235,600,3,0.39166666666666666,0.3523926204975243,0.4320125248018608,stageb_only_pooled
classification,200,64,bonferroni,exhaustive,0.05,0.2,598,600,3,0.9966666666666667,0.9880111660413475,0.9995960626395574,stageb_only_pooled
classification,200,64,bonferroni,exhaustive,0.1,0.0,22,1500,3,0.014666666666666666,0.009213741369787639,0.022121728073354073,stageb_only_pooled
classification,200,64,bonferroni,exhaustive,0.1,0.05,56,600,3,0.09333333333333334,0.07127348780534473,0.11948888690486278,stageb_only_pooled
classification,200,64,bonferroni,exhaustive,0.1,0.1,279,600,3,0.465,0.42451444957383233,0.5058316299427627,stageb_only_pooled
classification,200,64,bonferroni,exhaustive,0.1,0.2,599,600,3,0.9983333333333333,0.9907492277206255,0.9999578045436128,stageb_only_pooled
classification,200,64,bonferroni,exhaustive,0.2,0.0,40,1500,3,0.02666666666666667,0.019117869613299917,0.0361367406976768,stageb_only_pooled
classification,200,64,bonferroni,exhaustive,0.2,0.05,89,600,3,0.14833333333333334,0.1208484601688217,0.1793320718950151,stageb_only_pooled
classification,200,64,bonferroni,exhaustive,0.2,0.1,337,600,3,0.5616666666666666,0.5209095955370662,0.6018138950614089,stageb_only_pooled
classification,200,64,bonferroni,exhaustive,0.2,0.2,599,600,3,0.9983333333333333,0.9907492277206255,0.9999578045436128,stageb_only_pooled
classification,200,64,bonferroni,exhaustive,0.35,0.0,47,1000,2,0.047,0.03473506226679597,0.062012630693305155,stageb_only_pooled
classification,200,64,bonferroni,exhaustive,0.35,0.05,72,400,2,0.18,0.1435875835189853,0.22122569809595713,stageb_only_pooled
classification,200,64,bonferroni,exhaustive,0.35,0.1,249,400,2,0.6225,0.5729782861394235,0.670194631328324,stageb_only_pooled
classification,200,64,bonferroni,exhaustive,0.35,0.2,400,400,2,1.0,0.9908201954163347,1.0,stageb_only_pooled
classification,200,64,bonferroni,exhaustive,0.5,0.0,58,1000,2,0.058,0.04433286025282071,0.0743364953823516,stageb_only_pooled
classification,200,64,bonferroni,exhaustive,0.5,0.05,79,400,2,0.1975,0.1595980154959599,0.2399456155850446,stageb_only_pooled
classification,200,64,bonferroni,exhaustive,0.5,0.1,264,400,2,0.66,0.6112739562844376,0.706337836679156,stageb_only_pooled
classification,200,64,bonferroni,exhaustive,0.5,0.2,400,400,2,1.0,0.9908201954163347,1.0,stageb_only_pooled
classification,200,64,maxt,adaptive,0.02,0.0,17,1500,3,0.011333333333333334,0.006615559886822454,0.018083932361817392,stageb_only_pooled
classification,200,64,maxt,adaptive,0.02,0.05,63,600,3,0.105,0.08163205768552313,0.13233736537961868,stageb_only_pooled
classification,200,64,maxt,adaptive,0.02,0.1,275,600,3,0.4583333333333333,0.41792159544500246,0.4991570817750391,stageb_only_pooled
classification,200,64,maxt,adaptive,0.02,0.2,599,600,3,0.9983333333333333,0.9907492277206255,0.9999578045436128,stageb_only_pooled
classification,200,64,maxt,adaptive,0.05,0.0,53,1500,3,0.035333333333333335,0.026576912587347023,0.04596412442008721,stageb_only_pooled
classification,200,64,maxt,adaptive,0.05,0.05,104,600,3,0.17333333333333334,0.1438806184335084,0.20604293031463616,stageb_only_pooled
classification,200,64,maxt,adaptive,0.05,0.1,344,600,3,0.5733333333333334,0.5326452079922596,0.6132961787903528,stageb_only_pooled
classification,200,64,maxt,adaptive,0.05,0.2,600,600,3,1.0,0.9938707286693308,1.0,stageb_only_pooled
classification,200,64,maxt,adaptive,0.1,0.0,115,1500,3,0.07666666666666666,0.06370824900582209,0.09131001375546896,stageb_only_pooled
classification,200,64,maxt,adaptive,0.1,0.05,140,600,3,0.23333333333333334,0.20003965514632138,0.2692761844708373,stageb_only_pooled
classification,200,64,maxt,adaptive,0.1,0.1,414,600,3,0.69,0.6512907257701388,0.7268266920744293,stageb_only_pooled
classification,200,64,maxt,adaptive,0.1,0.2,600,600,3,1.0,0.9938707286693308,1.0,stageb_only_pooled
classification,200,64,maxt,adaptive,0.2,0.0,216,1500,3,0.144,0.1266096399320322,0.16279667131313633,stageb_only_pooled
classification,200,64,maxt,adaptive,0.2,0.05,206,600,3,0.3433333333333333,0.3053587373941435,0.38285909721476485,stageb_only_pooled
classification,200,64,maxt,adaptive,0.2,0.1,475,600,3,0.7916666666666666,0.7569386695347258,0.82349345220449,stageb_only_pooled
classification,200,64,maxt,adaptive,0.2,0.2,600,600,3,1.0,0.9938707286693308,1.0,stageb_only_pooled
classification,200,64,maxt,adaptive,0.35,0.0,231,1000,2,0.231,0.20520047479036332,0.2583934768882578,stageb_only_pooled
classification,200,64,maxt,adaptive,0.35,0.05,184,400,2,0.46,0.4103619879788816,0.510234078224028,stageb_only_pooled
classification,200,64,maxt,adaptive,0.35,0.1,331,400,2,0.8275,0.786836142763367,0.8632344149993469,stageb_only_pooled
classification,200,64,maxt,adaptive,0.35,0.2,400,400,2,1.0,0.9908201954163347,1.0,stageb_only_pooled
classification,200,64,maxt,adaptive,0.5,0.0,310,1000,2,0.31,0.28142959036308085,0.3396938310373202,stageb_only_pooled
classification,200,64,maxt,adaptive,0.5,0.05,223,400,2,0.5575,0.5073024693135777,0.6068405915861217,stageb_only_pooled
classification,200,64,maxt,adaptive,0.5,0.1,349,400,2,0.8725,0.8357879415626545,0.9035749266956374,stageb_only_pooled
classification,200,64,maxt,adaptive,0.5,0.2,400,400,2,1.0,0.9908201954163347,1.0,stageb_only_pooled
classification,200,64,maxt,exhaustive,0.02,0.0,20,1500,3,0.013333333333333334,0.008162854513771585,0.020517459360976174,stageb_only_pooled
classification,200,64,maxt,exhaustive,0.02,0.05,66,600,3,0.11,0.08610128128108312,0.13781462493299237,stageb_only_pooled
classification,200,64,maxt,exhaustive,0.02,0.1,291,600,3,0.485,0.44433576864521396,0.5258125433442681,stageb_only_pooled
classification,200,64,maxt,exhaustive,0.02,0.2,599,600,3,0.9983333333333333,0.9907492277206255,0.9999578045436128,stageb_only_pooled
classification,200,64,maxt,exhaustive,0.05,0.0,59,1500,3,0.03933333333333333,0.030074710968819165,0.05044616448541727,stageb_only_pooled
classification,200,64,maxt,exhaustive,0.05,0.05,111,600,3,0.185,0.15471048970528364,0.21842739133879838,stageb_only_pooled
classification,200,64,maxt,exhaustive,0.05,0.1,353,600,3,0.5883333333333334,0.5477667949847653,0.6280261236462301,stageb_only_pooled
classification,200,64,maxt,exhaustive,0.05,0.2,600,600,3,1.0,0.9938707286693308,1.0,stageb_only_pooled
classification,200,64,maxt,exhaustive,0.1,0.0,112,1500,3,0.07466666666666667,0.06187449561659421,0.089152364213688,stageb_only_pooled
classification,200,64,maxt,exhaustive,0.1,0.05,150,600,3,0.25,0.21582135971662667,0.28666047073396517,stageb_only_pooled
classification,200,64,maxt,exhaustive,0.1,0.1,429,600,3,0.715,0.6770487235223702,0.7508195129272803,stageb_only_pooled
classification,200,64,maxt,exhaustive,0.1,0.2,600,600,3,1.0,0.9938707286693308,1.0,stageb_only_pooled
classification,200,64,maxt,exhaustive,0.2,0.0,217,1500,3,0.14466666666666667,0.12724088561127922,0.16349606152085092,stageb_only_pooled
classification,200,64,maxt,exhaustive,0.2,0.05,210,600,3,0.35,0.3118211718888055,0.3896638049579385,stageb_only_pooled
classification,200,64,maxt,exhaustive,0.2,0.1,471,600,3,0.785,0.7499309030015664,0.8172352326456198,stageb_only_pooled
classification,200,64,maxt,exhaustive,0.2,0.2,600,600,3,1.0,0.9938707286693308,1.0,stageb_only_pooled
classification,200,64,maxt,exhaustive,0.35,0.0,225,1000,2,0.225,0.1994588714511298,0.2521710001649436,stageb_only_pooled
classification,200,64,maxt,exhaustive,0.35,0.05,181,400,2,0.4525,0.4029820408160311,0.5027258175514026,stageb_only_pooled
classification,200,64,maxt,exhaustive,0.35,0.1,333,400,2,0.8325,0.7922245706674419,0.8677683189144295,stageb_only_pooled
classification,200,64,maxt,exhaustive,0.35,0.2,400,400,2,1.0,0.9908201954163347,1.0,stageb_only_pooled
classification,200,64,maxt,exhaustive,0.5,0.0,299,1000,2,0.299,0.27075114115338694,0.3284375890135825,stageb_only_pooled
classification,200,64,maxt,exhaustive,0.5,0.05,214,400,2,0.535,0.4847665590780569,0.5847118954828747,stageb_only_pooled
classification,200,64,maxt,exhaustive,0.5,0.1,349,400,2,0.8725,0.8357879415626545,0.9035749266956374,stageb_only_pooled
classification,200,64,maxt,exhaustive,0.5,0.2,400,400,2,1.0,0.9908201954163347,1.0,stageb_only_pooled
classification,200,256,bonferroni,adaptive,0.02,0.0,4,1500,3,0.0026666666666666666,0.0007270400447451259,0.006813531732916779,stageb_only_pooled
classification,200,256,bonferroni,adaptive,0.02,0.05,15,600,3,0.025,0.014058299889782964,0.040898861299361045,stageb_only_pooled
classification,200,256,bonferroni,adaptive,0.02,0.1,134,600,3,0.22333333333333333,0.1906054977657513,0.2588109946117602,stageb_only_pooled
classification,200,256,bonferroni,adaptive,0.02,0.2,589,600,3,0.9816666666666667,0.9674337997201626,0.9908134258475395,stageb_only_pooled
classification,200,256,bonferroni,adaptive,0.05,0.0,4,1500,3,0.0026666666666666666,0.0007270400447451259,0.006813531732916779,stageb_only_pooled
classification,200,256,bonferroni,adaptive,0.05,0.05,30,600,3,0.05,0.03398554721537548,0.07061140603267455,stageb_only_pooled
classification,200,256,bonferroni,adaptive,0.05,0.1,186,600,3,0.31,0.2731733079255707,0.34870927422986125,stageb_only_pooled
classification,200,256,bonferroni,adaptive,0.05,0.2,596,600,3,0.9933333333333333,0.9830192932606833,0.9981806583658572,stageb_only_pooled
classification,200,256,bonferroni,adaptive,0.1,0.0,10,1500,3,0.006666666666666667,0.00320141842259819,0.012225959357031082,stageb_only_pooled
classification,200,256,bonferroni,adaptive,0.1,0.05,42,600,3,0.07,0.05091223702773054,0.0934445597091623,stageb_only_pooled
classification,200,256,bonferroni,adaptive,0.1,0.1,222,600,3,0.37,0.3312570846039572,0.4100294693308388,stageb_only_pooled
classification,200,256,bonferroni,adaptive,0.1,0.2,597,600,3,0.995,0.9854579578604367,0.9989676904830049,stageb_only_pooled
classification,200,256,bonferroni,adaptive,0.2,0.0,14,1500,3,0.009333333333333334,0.005111746295002836,0.015610209157282038,stageb_only_pooled
classification,200,256,bonferroni,adaptive,0.2,0.05,54,600,3,0.09,0.06833347706018537,0.11579873977705123,stageb_only_pooled
classification,200,256,bonferroni,adaptive,0.2,0.1,270,600,3,0.45,0.4096906000104027,0.49080383268930045,stageb_only_pooled
classification,200,256,bonferroni,adaptive,0.2,0.2,599,600,3,0.9983333333333333,0.9907492277206255,0.9999578045436128,stageb_only_pooled
classification,200,256,bonferroni,adaptive,0.35,0.0,24,1000,2,0.024,0.015436383233508481,0.03550063853135918,stageb_only_pooled
classification,200,256,bonferroni,adaptive,0.35,0.05,38,400,2,0.095,0.06810671552310074,0.12806064599502015,stageb_only_pooled
classification,200,256,bonferroni,adaptive,0.35,0.1,207,400,2,0.5175,0.4673073426188135,0.5674318999013106,stageb_only_pooled
classification,200,256,bonferroni,adaptive,0.35,0.2,399,400,2,0.9975,0.9861502300379867,0.9999367074830952,stageb_only_pooled
classification,200,256,bonferroni,adaptive,0.5,0.0,31,1000,2,0.031,0.021158171970208632,0.043715085006238906,stageb_only_pooled
classification,200,256,bonferroni,adaptive,0.5,0.05,51,400,2,0.1275,0.09642507330436255,0.16421205843734557,stageb_only_pooled
classification,200,256,bonferroni,adaptive,0.5,0.1,225,400,2,0.5625,0.5123240493776353,0.6117444589258223,stageb_only_pooled
classification,200,256,bonferroni,adaptive,0.5,0.2,399,400,2,0.9975,0.9861502300379867,0.9999367074830952,stageb_only_pooled
classification,200,256,bonferroni,exhaustive,0.02,0.0,4,1500,3,0.0026666666666666666,0.0007270400447451259,0.006813531732916779,stageb_only_pooled
classification,200,256,bonferroni,exhaustive,0.02,0.05,14,600,3,0.023333333333333334,0.012813903037115344,0.038839718601920356,stageb_only_pooled
classification,200,256,bonferroni,exhaustive,0.02,0.1,135,600,3,0.225,0.19217597252628632,0.2605570636156337,stageb_only_pooled
classification,200,256,bonferroni,exhaustive,0.02,0.2,591,600,3,0.985,0.9717169716419893,0.9931187054032118,stageb_only_pooled
classification,200,256,bonferroni,exhaustive,0.05,0.0,4,1500,3,0.0026666666666666666,0.0007270400447451259,0.006813531732916779,stageb_only_pooled
classification,200,256,bonferroni,exhaustive,0.05,0.05,31,600,3,0.051666666666666666,0.03537138076815319,0.07253795599311111,stageb_only_pooled
classification,200,256,bonferroni,exhaustive,0.05,0.1,189,600,3,0.315,0.2779872863647098,0.3538455291426567,stageb_only_pooled
classification,200,256,bonferroni,exhaustive,0.05,0.2,596,600,3,0.9933333333333333,0.9830192932606833,0.9981806583658572,stageb_only_pooled
classification,200,256,bonferroni,exhaustive,0.1,0.0,10,1500,3,0.006666666666666667,0.00320141842259819,0.012225959357031082,stageb_only_pooled
classification,200,256,bonferroni,exhaustive,0.1,0.05,42,600,3,0.07,0.05091223702773054,0.0934445597091623,stageb_only_pooled
classification,200,256,bonferroni,exhaustive,0.1,0.1,224,600,3,0.37333333333333335,0.3345033625700917,0.4134168073567123,stageb_only_pooled
classification,200,256,bonferroni,exhaustive,0.1,0.2,597,600,3,0.995,0.9854579578604367,0.9989676904830049,stageb_only_pooled
classification,200,256,bonferroni,exhaustive,0.2,0.0,15,1500,3,0.01,0.0056074208232526025,0.016439920118288244,stageb_only_pooled
classification,200,256,bonferroni,exhaustive,0.2,0.05,53,600,3,0.08833333333333333,0.06686700244672375,0.11395021744332774,stageb_only_pooled
classification,200,256,bonferroni,exhaustive,0.2,0.1,270,600,3,0.45,0.4096906000104027,0.49080383268930045,stageb_only_pooled
classification,200,256,bonferroni,exhaustive,0.2,0.2,599,600,3,0.9983333333333333,0.9907492277206255,0.9999578045436128,stageb_only_pooled
classification,200,256,bonferroni,exhaustive,0.35,0.0,24,1000,2,0.024,0.015436383233508481,0.03550063853135918,stageb_only_pooled
classification,200,256,bonferroni,exhaustive,0.35,0.05,37,400,2,0.0925,0.06596594259068851,0.1252433130966568,stageb_only_pooled
classification,200,256,bonferroni,exhaustive,0.35,0.1,208,400,2,0.52,0.46979785258354284,0.5699041370951576,stageb_only_pooled
classification,200,256,bonferroni,exhaustive,0.35,0.2,399,400,2,0.9975,0.9861502300379867,0.9999367074830952,stageb_only_pooled
classification,200,256,bonferroni,exhaustive,0.5,0.0,31,1000,2,0.031,0.021158171970208632,0.043715085006238906,stageb_only_pooled
classification,200,256,bonferroni,exhaustive,0.5,0.05,51,400,2,0.1275,0.09642507330436255,0.16421205843734557,stageb_only_pooled
classification,200,256,bonferroni,exhaustive,0.5,0.1,226,400,2,0.565,0.5148367060596162,0.6141945225463443,stageb_only_pooled
classification,200,256,bonferroni,exhaustive,0.5,0.2,399,400,2,0.9975,0.9861502300379867,0.9999367074830952,stageb_only_pooled
classification,200,256,maxt,adaptive,0.02,0.0,23,1500,3,0.015333333333333332,0.009744195585338136,0.022919152169612367,stageb_only_pooled
classification,200,256,maxt,adaptive,0.02,0.05,57,600,3,0.095,0.07274691001454957,0.12133062092934678,stageb_only_pooled
classification,200,256,maxt,adaptive,0.02,0.1,274,600,3,0.45666666666666667,0.4162744997491568,0.4974873277739653,stageb_only_pooled
classification,200,256,maxt,adaptive,0.02,0.2,599,600,3,0.9983333333333333,0.9907492277206255,0.9999578045436128,stageb_only_pooled
classification,200,256,maxt,adaptive,0.05,0.0,59,1500,3,0.03933333333333333,0.030074710968819165,0.05044616448541727,stageb_only_pooled
classification,200,256,maxt,adaptive,0.05,0.05,99,600,3,0.165,0.13617548841079402,0.19716672467778915,stageb_only_pooled
classification,200,256,maxt,adaptive,0.05,0.1,349,600,3,0.5816666666666667,0.5410414860694442,0.6214840925557894,stageb_only_pooled
classification,200,256,maxt,adaptive,0.05,0.2,599,600,3,0.9983333333333333,0.9907492277206255,0.9999578045436128,stageb_only_pooled
classification,200,256,maxt,adaptive,0.1,0.0,109,1500,3,0.07266666666666667,0.06004353171342544,0.08699195807171385,stageb_only_pooled
classification,200,256,maxt,adaptive,0.1,0.05,145,600,3,0.24166666666666667,0.20792166901224268,0.27797710588281854,stageb_only_pooled
classification,200,256,maxt,adaptive,0.1,0.1,413,600,3,0.6883333333333334,0.6495780861999817,0.7252225895554743,stageb_only_pooled
classification,200,256,maxt,adaptive,0.1,0.2,600,600,3,1.0,0.9938707286693308,1.0,stageb_only_pooled
classification,200,256,maxt,adaptive,0.2,0.0,217,1500,3,0.14466666666666667,0.12724088561127922,0.16349606152085092,stageb_only_pooled
classification,200,256,maxt,adaptive,0.2,0.05,207,600,3,0.345,0.30697357407162357,0.3845610435472933,stageb_only_pooled
classification,200,256,maxt,adaptive,0.2,0.1,476,600,3,0.7933333333333333,0.758692646625738,0.8250559543803031,stageb_only_pooled
classification,200,256,maxt,adaptive,0.2,0.2,600,600,3,1.0,0.9938707286693308,1.0,stageb_only_pooled
classification,200,256,maxt,adaptive,0.35,0.0,233,1000,2,0.233,0.20711600666527022,0.2604659791245266,stageb_only_pooled
classification,200,256,maxt,adaptive,0.35,0.05,179,400,2,0.4475,0.39806824729452833,0.4977141476205652,stageb_only_pooled
classification,200,256,maxt,adaptive,0.35,0.1,331,400,2,0.8275,0.786836142763367,0.8632344149993469,stageb_only_pooled
classification,200,256,maxt,adaptive,0.35,0.2,400,400,2,1.0,0.9908201954163347,1.0,stageb_only_pooled
classification,200,256,maxt,adaptive,0.5,0.0,308,1000,2,0.308,0.2794866299005828,0.3376486619974949,stageb_only_pooled
classification,200,256,maxt,adaptive,0.5,0.05,211,400,2,0.5275,0.47727670488244056,0.5773135216501505,stageb_only_pooled
classification,200,256,maxt,adaptive,0.5,0.1,349,400,2,0.8725,0.8357879415626545,0.9035749266956374,stageb_only_pooled
classification,200,256,maxt,adaptive,0.5,0.2,400,400,2,1.0,0.9908201954163347,1.0,stageb_only_pooled
classification,200,256,maxt,exhaustive,0.02,0.0,23,1500,3,0.015333333333333332,0.009744195585338136,0.022919152169612367,stageb_only_pooled
classification,200,256,maxt,exhaustive,0.02,0.05,61,600,3,0.10166666666666667,0.07866216001520317,0.12867646264539717,stageb_only_pooled
classification,200,256,maxt,exhaustive,0.02,0.1,293,600,3,0.48833333333333334,0.4476455372385919,0.529136482659928,stageb_only_pooled
classification,200,256,maxt,exhaustive,0.02,0.2,599,600,3,0.9983333333333333,0.9907492277206255,0.9999578045436128,stageb_only_pooled
classification,200,256,maxt,exhaustive,0.05,0.0,59,1500,3,0.03933333333333333,0.030074710968819165,0.05044616448541727,stageb_only_pooled
classification,200,256,maxt,exhaustive,0.05,0.05,112,600,3,0.18666666666666668,0.15626148849905255,0.22019276549494096,stageb_only_pooled
classification,200,256,maxt,exhaustive,0.05,0.1,365,600,3,0.6083333333333333,0.5679874751981392,0.6476073795024757,stageb_only_pooled
classification,200,256,maxt,exhaustive,0.05,0.2,599,600,3,0.9983333333333333,0.9907492277206255,0.9999578045436128,stageb_only_pooled
classification,200,256,maxt,exhaustive,0.1,0.0,113,1500,3,0.07533333333333334,0.062485441871565135,0.08987188205407508,stageb_only_pooled
classification,200,256,maxt,exhaustive,0.1,0.05,149,600,3,0.24833333333333332,0.21424003687309048,0.2849251733539128,stageb_only_pooled
classification,200,256,maxt,exhaustive,0.1,0.1,431,600,3,0.7183333333333334,0.6804930985581904,0.7540085315298519,stageb_only_pooled
classification,200,256,maxt,exhaustive,0.1,0.2,600,600,3,1.0,0.9938707286693308,1.0,stageb_only_pooled
classification,200,256,maxt,exhaustive,0.2,0.0,217,1500,3,0.14466666666666667,0.12724088561127922,0.16349606152085092,stageb_only_pooled
classification,200,256,maxt,exhaustive,0.2,0.05,211,600,3,0.3516666666666667,0.31343806131359925,0.391363705249615,stageb_only_pooled
classification,200,256,maxt,exhaustive,0.2,0.1,470,600,3,0.7833333333333333,0.7481809622524143,0.8156686602924212,stageb_only_pooled
classification,200,256,maxt,exhaustive,0.2,0.2,600,600,3,1.0,0.9938707286693308,1.0,stageb_only_pooled
classification,200,256,maxt,exhaustive,0.35,0.0,231,1000,2,0.231,0.20520047479036332,0.2583934768882578,stageb_only_pooled
classification,200,256,maxt,exhaustive,0.35,0.05,179,400,2,0.4475,0.39806824729452833,0.4977141476205652,stageb_only_pooled
classification,200,256,maxt,exhaustive,0.35,0.1,334,400,2,0.835,0.7949230893668074,0.8700308927157041,stageb_only_pooled
classification,200,256,maxt,exhaustive,0.35,0.2,400,400,2,1.0,0.9908201954163347,1.0,stageb_only_pooled
classification,200,256,maxt,exhaustive,0.5,0.0,300,1000,2,0.3,0.27172111212914446,0.329461678697366,stageb_only_pooled
classification,200,256,maxt,exhaustive,0.5,0.05,213,400,2,0.5325,0.48226871689638046,0.5822469961201584,stageb_only_pooled
classification,200,256,maxt,exhaustive,0.5,0.1,349,400,2,0.8725,0.8357879415626545,0.9035749266956374,stageb_only_pooled
classification,200,256,maxt,exhaustive,0.5,0.2,400,400,2,1.0,0.9908201954163347,1.0,stageb_only_pooled
classification,500,16,bonferroni,adaptive,0.02,0.0,11,1500,3,0.007333333333333333,0.0036662916256219864,0.013083394514575906,stageb_only_pooled
classification,500,16,bonferroni,adaptive,0.02,0.05,116,600,3,0.19333333333333333,0.1624747697485779,0.2272450668401948,stageb_only_pooled
classification,500,16,bonferroni,adaptive,0.02,0.1,529,600,3,0.8816666666666667,0.853091790131465,0.9064141658131433,stageb_only_pooled
classification,500,16,bonferroni,adaptive,0.02,0.2,600,600,3,1.0,0.9938707286693308,1.0,stageb_only_pooled
classification,500,16,bonferroni,adaptive,0.05,0.0,22,1500,3,0.014666666666666666,0.009213741369787639,0.022121728073354073,stageb_only_pooled
classification,500,16,bonferroni,adaptive,0.05,0.05,160,600,3,0.26666666666666666,0.2316714328607357,0.3039768295023201,stageb_only_pooled
classification,500,16,bonferroni,adaptive,0.05,0.1,551,600,3,0.9183333333333333,0.8934682601789284,0.9389738988506496,stageb_only_pooled
classification,500,16,bonferroni,adaptive,0.05,0.2,600,600,3,1.0,0.9938707286693308,1.0,stageb_only_pooled
classification,500,16,bonferroni,adaptive,0.1,0.0,45,1500,3,0.03,0.021964578541777458,0.03993800527966427,stageb_only_pooled
classification,500,16,bonferroni,adaptive,0.1,0.05,221,600,3,0.36833333333333335,0.32963468328744683,0.40833506464163466,stageb_only_pooled
classification,500,16,bonferroni,adaptive,0.1,0.1,567,600,3,0.945,0.9236235234824541,0.9618417498704462,stageb_only_pooled
classification,500,16,bonferroni,adaptive,0.1,0.2,600,600,3,1.0,0.9938707286693308,1.0,stageb_only_pooled
classification,500,16,bonferroni,adaptive,0.2,0.0,97,1500,3,0.06466666666666666,0.05274982382813316,0.0783205634120557,stageb_only_pooled
classification,500,16,bonferroni,adaptive,0.2,0.05,276,600,3,0.46,0.41956913864203954,0.5008263886408952,stageb_only_pooled
classification,500,16,bonferroni,adaptive,0.2,0.1,581,600,3,0.9683333333333334,0.9509890013859863,0.9808290997326679,stageb_only_pooled
classification,500,16,bonferroni,adaptive,0.2,0.2,600,600,3,1.0,0.9938707286693308,1.0,stageb_only_pooled
classification,500,16,bonferroni,adaptive,0.35,0.0,121,1000,2,0.121,0.10142580723074808,0.14283576268156786,stageb_only_pooled
classification,500,16,bonferroni,adaptive,0.35,0.05,220,400,2,0.55,0.4997793999847325,0.5994754742808271,stageb_only_pooled
classification,500,16,bonferroni,adaptive,0.35,0.1,391,400,2,0.9775,0.9577189699633272,0.9896611490413162,stageb_only_pooled
classification,500,16,bonferroni,adaptive,0.35,0.2,400,400,2,1.0,0.9908201954163347,1.0,stageb_only_pooled
classification,500,16,bonferroni,adaptive,0.5,0.0,136,1000,2,0.136,0.11535017762388164,0.1588186309140217,stageb_only_pooled
classification,500,16,bonferroni,adaptive,0.5,0.05,238,400,2,0.595,0.5450866776101234,0.6434969779971256,stageb_only_pooled
classification,500,16,bonferroni,adaptive,0.5,0.1,391,400,2,0.9775,0.9577189699633272,0.9896611490413162,stageb_only_pooled
classification,500,16,bonferroni,adaptive,0.5,0.2,400,400,2,1.0,0.9908201954163347,1.0,stageb_only_pooled
classification,500,16,bonferroni,exhaustive,0.02,0.0,11,1500,3,0.007333333333333333,0.0036662916256219864,0.013083394514575906,stageb_only_pooled
classification,500,16,bonferroni,exhaustive,0.02,0.05,118,600,3,0.19666666666666666,0.16558685278387136,0.2307658268691407,stageb_only_pooled
classification,500,16,bonferroni,exhaustive,0.02,0.1,529,600,3,0.8816666666666667,0.853091790131465,0.9064141658131433,stageb_only_pooled
classification,500,16,bonferroni,exhaustive,0.02,0.2,600,600,3,1.0,0.9938707286693308,1.0,stageb_only_pooled
classification,500,16,bonferroni,exhaustive,0.05,0.0,22,1500,3,0.014666666666666666,0.009213741369787639,0.022121728073354073,stageb_only_pooled
classification,500,16,bonferroni,exhaustive,0.05,0.05,163,600,3,0.27166666666666667,0.23643914030699037,0.30915912677486374,stageb_only_pooled
classification,500,16,bonferroni,exhaustive,0.05,0.1,552,600,3,0.92,0.8953293053343898,0.9404275309851386,stageb_only_pooled
classification,500,16,bonferroni,exhaustive,0.05,0.2,600,600,3,1.0,0.9938707286693308,1.0,stageb_only_pooled
classification,500,16,bonferroni,exhaustive,0.1,0.0,46,1500,3,0.030666666666666665,0.022537489585146973,0.04069479887306154,stageb_only_pooled
classification,500,16,bonferroni,exhaustive,0.1,0.05,219,600,3,0.365,0.3263913629441394,0.40494477707103566,stageb_only_pooled
classification,500,16,bonferroni,exhaustive,0.1,0.1,567,600,3,0.945,0.9236235234824541,0.9618417498704462,stageb_only_pooled
classification,500,16,bonferroni,exhaustive,0.1,0.2,600,600,3,1.0,0.9938707286693308,1.0,stageb_only_pooled
classification,500,16,bonferroni,exhaustive,0.2,0.0,97,1500,3,0.06466666666666666,0.05274982382813316,0.0783205634120557,stageb_only_pooled
classification,500,16,bonferroni,exhaustive,0.2,0.05,277,600,3,0.46166666666666667,0.4212171289658904,0.5024952487307952,stageb_only_pooled
classification,500,16,bonferroni,exhaustive,0.2,0.1,581,600,3,0.9683333333333334,0.9509890013859863,0.9808290997326679,stageb_only_pooled
classification,500,16,bonferroni,exhaustive,0.2,0.2,600,600,3,1.0,0.9938707286693308,1.0,stageb_only_pooled
classification,500,16,bonferroni,exhaustive,0.35,0.0,121,1000,2,0.121,0.10142580723074808,0.14283576268156786,stageb_only_pooled
classification,500,16,bonferroni,exhaustive,0.35,0.05,221,400,2,0.5525,0.5022858523794348,0.6019317527054717,stageb_only_pooled
classification,500,16,bonferroni,exhaustive,0.35,0.1,391,400,2,0.9775,0.9577189699633272,0.9896611490413162,stageb_only_pooled
classification,500,16,bonferroni,exhaustive,0.35,0.2,400,400,2,1.0,0.9908201954163347,1.0,stageb_only_pooled
classification,500,16,bonferroni,exhaustive,0.5,0.0,136,1000,2,0.136,0.11535017762388164,0.1588186309140217,stageb_only_pooled
classification,500,16,bonferroni,exhaustive,0.5,0.05,238,400,2,0.595,0.5450866776101234,0.6434969779971256,stageb_only_pooled
classification,500,16,bonferroni,exhaustive,0.5,0.1,391,400,2,0.9775,0.9577189699633272,0.9896611490413162,stageb_only_pooled
classification,500,16,bonferroni,exhaustive,0.5,0.2,400,400,2,1.0,0.9908201954163347,1.0,stageb_only_pooled
classification,500,16,maxt,adaptive,0.02,0.0,14,1500,3,0.009333333333333334,0.005111746295002836,0.015610209157282038,stageb_only_pooled
classification,500,16,maxt,adaptive,0.02,0.05,151,600,3,0.25166666666666665,0.2174033655747595,0.2883950894960575,stageb_only_pooled
classification,500,16,maxt,adaptive,0.02,0.1,540,600,3,0.9,0.8731569276351674,0.9228197888484697,stageb_only_pooled
classification,500,16,maxt,adaptive,0.02,0.2,600,600,3,1.0,0.9938707286693308,1.0,stageb_only_pooled
classification,500,16,maxt,adaptive,0.05,0.0,48,1500,3,0.032,0.023686581037512654,0.04220521154185407,stageb_only_pooled
classification,500,16,maxt,adaptive,0.05,0.05,220,600,3,0.36666666666666664,0.3280127755956524,0.40664016768566563,stageb_only_pooled
classification,500,16,maxt,adaptive,0.05,0.1,566,600,3,0.9433333333333334,0.9217111453958572,0.9604411514358697,stageb_only_pooled
classification,500,16,maxt,adaptive,0.05,0.2,600,600,3,1.0,0.9938707286693308,1.0,stageb_only_pooled
classification,500,16,maxt,adaptive,0.1,0.0,108,1500,3,0.072,0.05943384853916973,0.08627119225676934,stageb_only_pooled
classification,500,16,maxt,adaptive,0.1,0.05,284,600,3,0.47333333333333333,0.43276555257047294,0.5141647865885817,stageb_only_pooled
classification,500,16,maxt,adaptive,0.1,0.1,579,600,3,0.965,0.946994756780849,0.9782063780344927,stageb_only_pooled
classification,500,16,maxt,adaptive,0.1,0.2,600,600,3,1.0,0.9938707286693308,1.0,stageb_only_pooled
classification,500,16,maxt,adaptive,0.2,0.0,204,1500,3,0.136,0.11904504685827356,0.1543936931098373,stageb_only_pooled
classification,500,16,maxt,adaptive,0.2,0.05,354,600,3,0.59,0.5494492796200301,0.6296604719950145,stageb_only_pooled
classification,500,16,maxt,adaptive,0.2,0.1,590,600,3,0.9833333333333333,0.9695635405010712,0.9919794929632011,stageb_only_pooled
classification,500,16,maxt,adaptive,0.2,0.2,600,600,3,1.0,0.9938707286693308,1.0,stageb_only_pooled
classification,500,16,maxt,adaptive,0.35,0.0,227,1000,2,0.227,0.20137189948541717,0.25424599502182854,stageb_only_pooled
classification,500,16,maxt,adaptive,0.35,0.05,268,400,2,0.67,0.6215394107701462,0.7159224913089008,stageb_only_pooled
classification,500,16,maxt,adaptive,0.35,0.1,393,400,2,0.9825,0.9642771264063807,0.9929358717792461,stageb_only_pooled
classification,500,16,maxt,adaptive,0.35,0.2,400,400,2,1.0,0.9908201954163347,1.0,stageb_only_pooled
classification,500,16,maxt,adaptive,0.5,0.0,307,1000,2,0.307,0.27851538530648984,0.33662584246127214,stageb_only_pooled
classification,500,16,maxt,adaptive,0.5,0.05,300,400,2,0.75,0.7045582813646833,0.7916984933180367,stageb_only_pooled
classification,500,16,maxt,adaptive,0.5,0.1,395,400,2,0.9875,0.9710716562147131,0.9959291641554002,stageb_only_pooled
classification,500,16,maxt,adaptive,0.5,0.2,400,400,2,1.0,0.9908201954163347,1.0,stageb_only_pooled
classification,500,16,maxt,exhaustive,0.02,0.0,19,1500,3,0.012666666666666666,0.007642918539229586,0.019710167820817696,stageb_only_pooled
classification,500,16,maxt,exhaustive,0.02,0.05,160,600,3,0.26666666666666666,0.2316714328607357,0.3039768295023201,stageb_only_pooled
classification,500,16,maxt,exhaustive,0.02,0.1,551,600,3,0.9183333333333333,0.8934682601789284,0.9389738988506496,stageb_only_pooled
classification,500,16,maxt,exhaustive,0.02,0.2,600,600,3,1.0,0.9938707286693308,1.0,stageb_only_pooled
classification,500,16,maxt,exhaustive,0.05,0.0,56,1500,3,0.037333333333333336,0.028322084619641044,0.048208781902508296,stageb_only_pooled
classification,500,16,maxt,exhaustive,0.05,0.05,231,600,3,0.385,0.3458806878021942,0.4252571775210377,stageb_only_pooled
classification,500,16,maxt,exhaustive,0.05,0.1,573,600,3,0.955,0.9352002102495458,0.97013852357041,stageb_only_pooled
classification,500,16,maxt,exhaustive,0.05,0.2,600,600,3,1.0,0.9938707286693308,1.0,stageb_only_pooled
classification,500,16,maxt,exhaustive,0.1,0.0,108,1500,3,0.072,0.05943384853916973,0.08627119225676934,stageb_only_pooled
classification,500,16,maxt,exhaustive,0.1,0.05,292,600,3,0.4866666666666667,0.445990431338928,0.5274747345474169,stageb_only_pooled
classification,500,16,maxt,exhaustive,0.1,0.1,585,600,3,0.975,0.959101138700639,0.9859417001102171,stageb_only_pooled
classification,500,16,maxt,exhaustive,0.1,0.2,600,600,3,1.0,0.9938707286693308,1.0,stageb_only_pooled
classification,500,16,maxt,exhaustive,0.2,0.0,201,1500,3,0.134,0.11715698296790233,0.15228988241756117,stageb_only_pooled
classification,500,16,maxt,exhaustive,0.2,0.05,353,600,3,0.5883333333333334,0.5477667949847653,0.6280261236462301,stageb_only_pooled
classification,500,16,maxt,exhaustive,0.2,0.1,590,600,3,0.9833333333333333,0.9695635405010712,0.9919794929632011,stageb_only_pooled
classification,500,16,maxt,exhaustive,0.2,0.2,600,600,3,1.0,0.9938707286693308,1.0,stageb_only_pooled
classification,500,16,maxt,exhaustive,0.35,0.0,224,1000,2,0.224,0.1985026757937927,0.2511331858385404,stageb_only_pooled
classification,500,16,maxt,exhaustive,0.35,0.05,273,400,2,0.6825,0.6344041186171916,0.7278702349564251,stageb_only_pooled
classification,500,16,maxt,exhaustive,0.35,0.1,395,400,2,0.9875,0.9710716562147131,0.9959291641554002,stageb_only_pooled
classification,500,16,maxt,exhaustive,0.35,0.2,400,400,2,1.0,0.9908201954163347,1.0,stageb_only_pooled
classification,500,16,maxt,exhaustive,0.5,0.0,299,1000,2,0.299,0.27075114115338694,0.3284375890135825,stageb_only_pooled
classification,500,16,maxt,exhaustive,0.5,0.05,301,400,2,0.7525,0.7071807630306682,0.7940381191299262,stageb_only_pooled
classification,500,16,maxt,exhaustive,0.5,0.1,395,400,2,0.9875,0.9710716562147131,0.9959291641554002,stageb_only_pooled
classification,500,16,maxt,exhaustive,0.5,0.2,400,400,2,1.0,0.9908201954163347,1.0,stageb_only_pooled
classification,500,64,bonferroni,adaptive,0.02,0.0,2,1500,3,0.0013333333333333333,0.00016151365956312076,0.0048080775763429204,stageb_only_pooled
classification,500,64,bonferroni,adaptive,0.02,0.05,94,600,3,0.15666666666666668,0.12849751312972327,0.18826368002088878,stageb_only_pooled
classification,500,64,bonferroni,adaptive,0.02,0.1,523,600,3,0.8716666666666667,0.8422327241731544,0.8973785331727736,stageb_only_pooled
classification,500,64,bonferroni,adaptive,0.02,0.2,600,600,3,1.0,0.9938707286693308,1.0,stageb_only_pooled
classification,500,64,bonferroni,adaptive,0.05,0.0,11,1500,3,0.007333333333333333,0.0036662916256219864,0.013083394514575906,stageb_only_pooled
classification,500,64,bonferroni,adaptive,0.05,0.05,143,600,3,0.23833333333333334,0.20476670694679266,0.2744988787884566,stageb_only_pooled
classification,500,64,bonferroni,adaptive,0.05,0.1,549,600,3,0.915,0.8897540169486022,0.9360585801779702,stageb_only_pooled
classification,500,64,bonferroni,adaptive,0.05,0.2,600,600,3,1.0,0.9938707286693308,1.0,stageb_only_pooled
classification,500,64,bonferroni,adaptive,0.1,0.0,16,1500,3,0.010666666666666666,0.006108868903649251,0.01726434063763466,stageb_only_pooled
classification,500,64,bonferroni,adaptive,0.1,0.05,181,600,3,0.3016666666666667,0.2651612500117566,0.34013765868134826,stageb_only_pooled
classification,500,64,bonferroni,adaptive,0.1,0.1,564,600,3,0.94,0.9178992413275829,0.9576266032051507,stageb_only_pooled
classification,500,64,bonferroni,adaptive,0.1,0.2,600,600,3,1.0,0.9938707286693308,1.0,stageb_only_pooled
classification,500,64,bonferroni,adaptive,0.2,0.0,50,1500,3,0.03333333333333333,0.024839813933980732,0.04371159884020647,stageb_only_pooled
classification,500,64,bonferroni,adaptive,0.2,0.05,232,600,3,0.38666666666666666,0.34750795271753365,0.4269467309480841,stageb_only_pooled
classification,500,64,bonferroni,adaptive,0.2,0.1,574,600,3,0.9566666666666667,0.9371489717836768,0.9715010958389272,stageb_only_pooled
classification,500,64,bonferroni,adaptive,0.2,0.2,600,600,3,1.0,0.9938707286693308,1.0,stageb_only_pooled
classification,500,64,bonferroni,adaptive,0.35,0.0,55,1000,2,0.055,0.041698795079536013,0.07099151554205749,stageb_only_pooled
classification,500,64,bonferroni,adaptive,0.35,0.05,181,400,2,0.4525,0.4029820408160311,0.5027258175514026,stageb_only_pooled
classification,500,64,bonferroni,adaptive,0.35,0.1,385,400,2,0.9625,0.9389030233760993,0.9788623252156511,stageb_only_pooled
classification,500,64,bonferroni,adaptive,0.35,0.2,400,400,2,1.0,0.9908201954163347,1.0,stageb_only_pooled
classification,500,64,bonferroni,adaptive,0.5,0.0,67,1000,2,0.067,0.052297836400045185,0.08431003710244145,stageb_only_pooled
classification,500,64,bonferroni,adaptive,0.5,0.05,194,400,2,0.485,0.4350415571706161,0.5351819480889384,stageb_only_pooled
classification,500,64,bonferroni,adaptive,0.5,0.1,387,400,2,0.9675,0.9450651832493072,0.9825838539157878,stageb_only_pooled
classification,500,64,bonferroni,adaptive,0.5,0.2,400,400,2,1.0,0.9908201954163347,1.0,stageb_only_pooled
classification,500,64,bonferroni,exhaustive,0.02,0.0,2,1500,3,0.0013333333333333333,0.00016151365956312076,0.0048080775763429204,stageb_only_pooled
classification,500,64,bonferroni,exhaustive,0.02,0.05,95,600,3,0.15833333333333333,0.13003085429515887,0.1900465156262837,stageb_only_pooled
classification,500,64,bonferroni,exhaustive,0.02,0.1,523,600,3,0.8716666666666667,0.8422327241731544,0.8973785331727736,stageb_only_pooled
classification,500,64,bonferroni,exhaustive,0.02,0.2,600,600,3,1.0,0.9938707286693308,1.0,stageb_only_pooled
classification,500,64,bonferroni,exhaustive,0.05,0.0,11,1500,3,0.007333333333333333,0.0036662916256219864,0.013083394514575906,stageb_only_pooled
classification,500,64,bonferroni,exhaustive,0.05,0.05,146,600,3,0.24333333333333335,0.20950021290239243,0.2797151638271759,stageb_only_pooled
classification,500,64,bonferroni,exhaustive,0.05,0.1,550,600,3,0.9166666666666666,0.8916098542414705,0.9375175572699869,stageb_only_pooled
classification,500,64,bonferroni,exhaustive,0.05,0.2,600,600,3,1.0,0.9938707286693308,1.0,stageb_only_pooled
classification,500,64,bonferroni,exhaustive,0.1,0.0,16,1500,3,0.010666666666666666,0.006108868903649251,0.01726434063763466,stageb_only_pooled
classification,500,64,bonferroni,exhaustive,0.1,0.05,182,600,3,0.30333333333333334,0.26676252570855735,0.34185311261202805,stageb_only_pooled
classification,500,64,bonferroni,exhaustive,0.1,0.1,564,600,3,0.94,0.9178992413275829,0.9576266032051507,stageb_only_pooled
classification,500,64,bonferroni,exhaustive,0.1,0.2,600,600,3,1.0,0.9938707286693308,1.0,stageb_only_pooled
classification,500,64,bonferroni,exhaustive,0.2,0.0,50,1500,3,0.03333333333333333,0.024839813933980732,0.04371159884020647,stageb_only_pooled
classification,500,64,bonferroni,exhaustive,0.2,0.05,233,600,3,0.3883333333333333,0.34913569722950283,0.42863580589335454,stageb_only_pooled
classification,500,64,bonferroni,exhaustive,0.2,0.1,574,600,3,0.9566666666666667,0.9371489717836768,0.9715010958389272,stageb_only_pooled
classification,500,64,bonferroni,exhaustive,0.2,0.2,600,600,3,1.0,0.9938707286693308,1.0,stageb_only_pooled
classification,500,64,bonferroni,exhaustive,0.35,0.0,57,1000,2,0.057,0.0434535819369586,0.07322272946066227,stageb_only_pooled
classification,500,64,bonferroni,exhaustive,0.35,0.05,180,400,2,0.45,0.40052452571917285,0.5002206000152676,stageb_only_pooled
classification,500,64,bonferroni,exhaustive,0.35,0.1,385,400,2,0.9625,0.9389030233760993,0.9788623252156511,stageb_only_pooled
classification,500,64,bonferroni,exhaustive,0.35,0.2,400,400,2,1.0,0.9908201954163347,1.0,stageb_only_pooled
classification,500,64,bonferroni,exhaustive,0.5,0.0,68,1000,2,0.068,0.05318809976040196,0.08541305019143101,stageb_only_pooled
classification,500,64,bonferroni,exhaustive,0.5,0.05,194,400,2,0.485,0.4350415571706161,0.5351819480889384,stageb_only_pooled
classification,500,64,bonferroni,exhaustive,0.5,0.1,387,400,2,0.9675,0.9450651832493072,0.9825838539157878,stageb_only_pooled
classification,500,64,bonferroni,exhaustive,0.5,0.2,400,400,2,1.0,0.9908201954163347,1.0,stageb_only_pooled
classification,500,64,maxt,adaptive,0.02,0.0,10,1500,3,0.006666666666666667,0.00320141842259819,0.012225959357031082,stageb_only_pooled
classification,500,64,maxt,adaptive,0.02,0.05,152,600,3,0.25333333333333335,0.21898604992312673,0.2901290340877973,stageb_only_pooled
classification,500,64,maxt,adaptive,0.02,0.1,545,600,3,0.9083333333333333,0.8823550556775772,0.9301976750721462,stageb_only_pooled
classification,500,64,maxt,adaptive,0.02,0.2,600,600,3,1.0,0.9938707286693308,1.0,stageb_only_pooled
classification,500,64,maxt,adaptive,0.05,0.0,43,1500,3,0.028666666666666667,0.020822205195245514,0.03842107306837108,stageb_only_pooled
classification,500,64,maxt,adaptive,0.05,0.05,219,600,3,0.365,0.3263913629441394,0.40494477707103566,stageb_only_pooled
classification,500,64,maxt,adaptive,0.05,0.1,570,600,3,0.95,0.9293885939673254,0.9660144527846245,stageb_only_pooled
classification,500,64,maxt,adaptive,0.05,0.2,600,600,3,1.0,0.9938707286693308,1.0,stageb_only_pooled
classification,500,64,maxt,adaptive,0.1,0.0,90,1500,3,0.06,0.0485198016888672,0.07323794246543332,stageb_only_pooled
classification,500,64,maxt,adaptive,0.1,0.05,287,600,3,0.47833333333333333,0.4377215528054267,0.519159345039551,stageb_only_pooled
classification,500,64,maxt,adaptive,0.1,0.1,582,600,3,0.97,0.9530003895887207,0.9821251976421195,stageb_only_pooled
classification,500,64,maxt,adaptive,0.1,0.2,600,600,3,1.0,0.9938707286693308,1.0,stageb_only_pooled
classification,500,64,maxt,adaptive,0.2,0.0,208,1500,3,0.13866666666666666,0.12156441564170566,0.1571968354758515,stageb_only_pooled
classification,500,64,maxt,adaptive,0.2,0.05,358,600,3,0.5966666666666667,0.5561838731360504,0.6361932018018848,stageb_only_pooled
classification,500,64,maxt,adaptive,0.2,0.1,590,600,3,0.9833333333333333,0.9695635405010712,0.9919794929632011,stageb_only_pooled
classification,500,64,maxt,adaptive,0.2,0.2,600,600,3,1.0,0.9938707286693308,1.0,stageb_only_pooled
classification,500,64,maxt,adaptive,0.35,0.0,231,1000,2,0.231,0.20520047479036332,0.2583934768882578,stageb_only_pooled
classification,500,64,maxt,adaptive,0.35,0.05,280,400,2,0.7,0.6524781209263503,0.7445332719046902,stageb_only_pooled
classification,500,64,maxt,adaptive,0.35,0.1,391,400,2,0.9775,0.9577189699633272,0.9896611490413162,stageb_only_pooled
classification,500,64,maxt,adaptive,0.35,0.2,400,400,2,1.0,0.9908201954163347,1.0,stageb_only_pooled
classification,500,64,maxt,adaptive,0.5,0.0,314,1000,2,0.314,0.2853173846649504,0.34378230059630527,stageb_only_pooled
classification,500,64,maxt,adaptive,0.5,0.05,301,400,2,0.7525,0.7071807630306682,0.7940381191299262,stageb_only_pooled
classification,500,64,maxt,adaptive,0.5,0.1,393,400,2,0.9825,0.9642771264063807,0.9929358717792461,stageb_only_pooled
classification,500,64,maxt,adaptive,0.5,0.2,400,400,2,1.0,0.9908201954163347,1.0,stageb_only_pooled
classification,500,64,maxt,exhaustive,0.02,0.0,17,1500,3,0.011333333333333334,0.006615559886822454,0.018083932361817392,stageb_only_pooled
classification,500,64,maxt,exhaustive,0.02,0.05,164,600,3,0.2733333333333333,0.23802964090534573,0.31088530152727234,stageb_only_pooled
classification,500,64,maxt,exhaustive,0.02,0.1,559,600,3,0.9316666666666666,0.9084372745970718,0.9505199965376978,stageb_only_pooled
classification,500,64,maxt,exhaustive,0.02,0.2,600,600,3,1.0,0.9938707286693308,1.0,stageb_only_pooled
classification,500,64,maxt,exhaustive,0.05,0.0,53,1500,3,0.035333333333333335,0.026576912587347023,0.04596412442008721,stageb_only_pooled
classification,500,64,maxt,exhaustive,0.05,0.05,242,600,3,0.4033333333333333,0.3638067981981153,0.4438161268639496,stageb_only_pooled
classification,500,64,maxt,exhaustive,0.05,0.1,577,600,3,0.9616666666666667,0.9430344466125399,0.9755475363874965,stageb_only_pooled
classification,500,64,maxt,exhaustive,0.05,0.2,600,600,3,1.0,0.9938707286693308,1.0,stageb_only_pooled
classification,500,64,maxt,exhaustive,0.1,0.0,107,1500,3,0.07133333333333333,0.05882449124125104,0.08555010455789111,stageb_only_pooled
classification,500,64,maxt,exhaustive,0.1,0.05,288,600,3,0.48,0.43937444120041885,0.5208233099352012,stageb_only_pooled
classification,500,64,maxt,exhaustive,0.1,0.1,587,600,3,0.9783333333333334,0.9632343115655067,0.9884141744311549,stageb_only_pooled
classification,500,64,maxt,exhaustive,0.1,0.2,600,600,3,1.0,0.9938707286693308,1.0,stageb_only_pooled
classification,500,64,maxt,exhaustive,0.2,0.0,209,1500,3,0.13933333333333334,0.12219460043049307,0.15789728049887305,stageb_only_pooled
classification,500,64,maxt,exhaustive,0.2,0.05,367,600,3,0.6116666666666667,0.5713641941066454,0.6508643027704972,stageb_only_pooled
classification,500,64,maxt,exhaustive,0.2,0.1,592,600,3,0.9866666666666667,0.9738977663757112,0.9942265090052641,stageb_only_pooled
classification,500,64,maxt,exhaustive,0.2,0.2,600,600,3,1.0,0.9938707286693308,1.0,stageb_only_pooled
classification,500,64,maxt,exhaustive,0.35,0.0,237,1000,2,0.237,0.2109495216531267,0.2646085430054242,stageb_only_pooled
classification,500,64,maxt,exhaustive,0.35,0.05,281,400,2,0.7025,0.6550663333593909,0.7469074521520876,stageb_only_pooled
classification,500,64,maxt,exhaustive,0.35,0.1,395,400,2,0.9875,0.9710716562147131,0.9959291641554002,stageb_only_pooled
classification,500,64,maxt,exhaustive,0.35,0.2,400,400,2,1.0,0.9908201954163347,1.0,stageb_only_pooled
classification,500,64,maxt,exhaustive,0.5,0.0,304,1000,2,0.304,0.2756025992190981,0.3335564386896888,stageb_only_pooled
classification,500,64,maxt,exhaustive,0.5,0.05,303,400,2,0.7575,0.7124313881178148,0.7987116531130092,stageb_only_pooled
classification,500,64,maxt,exhaustive,0.5,0.1,395,400,2,0.9875,0.9710716562147131,0.9959291641554002,stageb_only_pooled
classification,500,64,maxt,exhaustive,0.5,0.2,400,400,2,1.0,0.9908201954163347,1.0,stageb_only_pooled
classification,500,256,bonferroni,adaptive,0.02,0.0,0,1500,3,0.0,0.0,0.002456231484198528,stageb_only_pooled
classification,500,256,bonferroni,adaptive,0.02,0.05,70,600,3,0.11666666666666667,0.09208549915784404,0.14509285618411882,stageb_only_pooled
classification,500,256,bonferroni,adaptive,0.02,0.1,486,600,3,0.81,0.7762792632493126,0.8406337092196513,stageb_only_pooled
classification,500,256,bonferroni,adaptive,0.02,0.2,600,600,3,1.0,0.9938707286693308,1.0,stageb_only_pooled
classification,500,256,bonferroni,adaptive,0.05,0.0,0,1500,3,0.0,0.0,0.002456231484198528,stageb_only_pooled
classification,500,256,bonferroni,adaptive,0.05,0.05,98,600,3,0.16333333333333333,0.1346376676743308,0.19538831489694786,stageb_only_pooled
classification,500,256,bonferroni,adaptive,0.05,0.1,523,600,3,0.8716666666666667,0.8422327241731544,0.8973785331727736,stageb_only_pooled
classification,500,256,bonferroni,adaptive,0.05,0.2,600,600,3,1.0,0.9938707286693308,1.0,stageb_only_pooled
classification,500,256,bonferroni,adaptive,0.1,0.0,10,1500,3,0.006666666666666667,0.00320141842259819,0.012225959357031082,stageb_only_pooled
classification,500,256,bonferroni,adaptive,0.1,0.05,131,600,3,0.21833333333333332,0.18589870543390585,0.2535681914968299,stageb_only_pooled
classification,500,256,bonferroni,adaptive,0.1,0.1,544,600,3,0.9066666666666666,0.8805111130951372,0.9287265121946553,stageb_only_pooled
classification,500,256,bonferroni,adaptive,0.1,0.2,600,600,3,1.0,0.9938707286693308,1.0,stageb_only_pooled
classification,500,256,bonferroni,adaptive,0.2,0.0,16,1500,3,0.010666666666666666,0.006108868903649251,0.01726434063763466,stageb_only_pooled
classification,500,256,bonferroni,adaptive,0.2,0.05,168,600,3,0.28,0.24439787123225712,0.31778380660615235,stageb_only_pooled
classification,500,256,bonferroni,adaptive,0.2,0.1,560,600,3,0.9333333333333333,0.9103224678290975,0.9519487629661394,stageb_only_pooled
classification,500,256,bonferroni,adaptive,0.2,0.2,600,600,3,1.0,0.9938707286693308,1.0,stageb_only_pooled
classification,500,256,bonferroni,adaptive,0.35,0.0,19,1000,2,0.019,0.011477036993100948,0.0295124016250978,stageb_only_pooled
classification,500,256,bonferroni,adaptive,0.35,0.05,131,400,2,0.3275,0.2816849912893938,0.37589059923254814,stageb_only_pooled
classification,500,256,bonferroni,adaptive,0.35,0.1,380,400,2,0.95,0.9238330272448575,0.9691947588567341,stageb_only_pooled
classification,500,256,bonferroni,adaptive,0.35,0.2,400,400,2,1.0,0.9908201954163347,1.0,stageb_only_pooled
classification,500,256,bonferroni,adaptive,0.5,0.0,34,1000,2,0.034,0.02365864810759674,0.04718943861570743,stageb_only_pooled
classification,500,256,bonferroni,adaptive,0.5,0.05,150,400,2,0.375,0.3273862387295201,0.42447821133857494,stageb_only_pooled
classification,500,256,bonferroni,adaptive,0.5,0.1,383,400,2,0.9575,0.9328238855613031,0.9750503807978852,stageb_only_pooled
classification,500,256,bonferroni,adaptive,0.5,0.2,400,400,2,1.0,0.9908201954163347,1.0,stageb_only_pooled
classification,500,256,bonferroni,exhaustive,0.02,0.0,0,1500,3,0.0,0.0,0.002456231484198528,stageb_only_pooled
classification,500,256,bonferroni,exhaustive,0.02,0.05,71,600,3,0.11833333333333333,0.09358583418685677,0.1469082098685351,stageb_only_pooled
classification,500,256,bonferroni,exhaustive,0.02,0.1,483,600,3,0.805,0.7709941112118828,0.835969634826832,stageb_only_pooled
classification,500,256,bonferroni,exhaustive,0.02,0.2,600,600,3,1.0,0.9938707286693308,1.0,stageb_only_pooled
classification,500,256,bonferroni,exhaustive,0.05,0.0,1,1500,3,0.0006666666666666666,1.6878396214461085e-05,0.0037087735206347097,stageb_only_pooled
classification,500,256,bonferroni,exhaustive,0.05,0.05,98,600,3,0.16333333333333333,0.1346376676743308,0.19538831489694786,stageb_only_pooled
classification,500,256,bonferroni,exhaustive,0.05,0.1,525,600,3,0.875,0.8458462973488563,0.9003966281886743,stageb_only_pooled
classification,500,256,bonferroni,exhaustive,0.05,0.2,600,600,3,1.0,0.9938707286693308,1.0,stageb_only_pooled
classification,500,256,bonferroni,exhaustive,0.1,0.0,11,1500,3,0.007333333333333333,0.0036662916256219864,0.013083394514575906,stageb_only_pooled
classification,500,256,bonferroni,exhaustive,0.1,0.05,131,600,3,0.21833333333333332,0.18589870543390585,0.2535681914968299,stageb_only_pooled
classification,500,256,bonferroni,exhaustive,0.1,0.1,544,600,3,0.9066666666666666,0.8805111130951372,0.9287265121946553,stageb_only_pooled
classification,500,256,bonferroni,exhaustive,0.1,0.2,600,600,3,1.0,0.9938707286693308,1.0,stageb_only_pooled
classification,500,256,bonferroni,exhaustive,0.2,0.0,17,1500,3,0.011333333333333334,0.006615559886822454,0.018083932361817392,stageb_only_pooled
classification,500,256,bonferroni,exhaustive,0.2,0.05,174,600,3,0.29,0.253968527068018,0.3281133499014527,stageb_only_pooled
classification,500,256,bonferroni,exhaustive,0.2,0.1,560,600,3,0.9333333333333333,0.9103224678290975,0.9519487629661394,stageb_only_pooled
classification,500,256,bonferroni,exhaustive,0.2,0.2,600,600,3,1.0,0.9938707286693308,1.0,stageb_only_pooled
classification,500,256,bonferroni,exhaustive,0.35,0.0,17,1000,2,0.017,0.009933512592716534,0.027079496864851366,stageb_only_pooled
classification,500,256,bonferroni,exhaustive,0.35,0.05,131,400,2,0.3275,0.2816849912893938,0.37589059923254814,stageb_only_pooled
classification,500,256,bonferroni,exhaustive,0.35,0.1,379,400,2,0.9475,0.9208653695130558,0.9672115754228463,stageb_only_pooled
classification,500,256,bonferroni,exhaustive,0.35,0.2,400,400,2,1.0,0.9908201954163347,1.0,stageb_only_pooled
classification,500,256,bonferroni,exhaustive,0.5,0.0,34,1000,2,0.034,0.02365864810759674,0.04718943861570743,stageb_only_pooled
classification,500,256,bonferroni,exhaustive,0.5,0.05,149,400,2,0.3725,0.32496845202592706,0.4219333707645541,stageb_only_pooled
classification,500,256,bonferroni,exhaustive,0.5,0.1,382,400,2,0.955,0.9298112045046578,0.9731153743848582,stageb_only_pooled
classification,500,256,bonferroni,exhaustive,0.5,0.2,400,400,2,1.0,0.9908201954163347,1.0,stageb_only_pooled
classification,500,256,maxt,adaptive,0.02,0.0,14,1500,3,0.009333333333333334,0.005111746295002836,0.015610209157282038,stageb_only_pooled
classification,500,256,maxt,adaptive,0.02,0.05,150,600,3,0.25,0.21582135971662667,0.28666047073396517,stageb_only_pooled
classification,500,256,maxt,adaptive,0.02,0.1,547,600,3,0.9116666666666666,0.8860497825566722,0.9331329975532763,stageb_only_pooled
classification,500,256,maxt,adaptive,0.02,0.2,600,600,3,1.0,0.9938707286693308,1.0,stageb_only_pooled
classification,500,256,maxt,adaptive,0.05,0.0,34,1500,3,0.02266666666666667,0.01574719303712674,0.03153139214328787,stageb_only_pooled
classification,500,256,maxt,adaptive,0.05,0.05,218,600,3,0.36333333333333334,0.3247704467730768,0.40324889138153425,stageb_only_pooled
classification,500,256,maxt,adaptive,0.05,0.1,567,600,3,0.945,0.9236235234824541,0.9618417498704462,stageb_only_pooled
classification,500,256,maxt,adaptive,0.05,0.2,600,600,3,1.0,0.9938707286693308,1.0,stageb_only_pooled
classification,500,256,maxt,adaptive,0.1,0.0,91,1500,3,0.06066666666666667,0.0491228795951561,0.07396522470161129,stageb_only_pooled
classification,500,256,maxt,adaptive,0.1,0.05,287,600,3,0.47833333333333333,0.4377215528054267,0.519159345039551,stageb_only_pooled
classification,500,256,maxt,adaptive,0.1,0.1,581,600,3,0.9683333333333334,0.9509890013859863,0.9808290997326679,stageb_only_pooled
classification,500,256,maxt,adaptive,0.1,0.2,600,600,3,1.0,0.9938707286693308,1.0,stageb_only_pooled
classification,500,256,maxt,adaptive,0.2,0.0,204,1500,3,0.136,0.11904504685827356,0.1543936931098373,stageb_only_pooled
classification,500,256,maxt,adaptive,0.2,0.05,362,600,3,0.6033333333333334,0.5629259580999801,0.6427184254846514,stageb_only_pooled
classification,500,256,maxt,adaptive,0.2,0.1,591,600,3,0.985,0.9717169716419893,0.9931187054032118,stageb_only_pooled
classification,500,256,maxt,adaptive,0.2,0.2,600,600,3,1.0,0.9938707286693308,1.0,stageb_only_pooled
classification,500,256,maxt,adaptive,0.35,0.0,231,1000,2,0.231,0.20520047479036332,0.2583934768882578,stageb_only_pooled
classification,500,256,maxt,adaptive,0.35,0.05,274,400,2,0.685,0.6369815322234315,0.7302552849433459,stageb_only_pooled
classification,500,256,maxt,adaptive,0.35,0.1,392,400,2,0.98,0.9609737232883799,0.9913268296308817,stageb_only_pooled
classification,500,256,maxt,adaptive,0.35,0.2,400,400,2,1.0,0.9908201954163347,1.0,stageb_only_pooled
classification,500,256,maxt,adaptive,0.5,0.0,317,1000,2,0.317,0.28823485672585186,0.34684703055890015,stageb_only_pooled
classification,500,256,maxt,adaptive,0.5,0.05,303,400,2,0.7575,0.7124313881178148,0.7987116531130092,stageb_only_pooled
classification,500,256,maxt,adaptive,0.5,0.1,394,400,2,0.985,0.967638705519225,0.9944758904954193,stageb_only_pooled
classification,500,256,maxt,adaptive,0.5,0.2,400,400,2,1.0,0.9908201954163347,1.0,stageb_only_pooled
classification,500,256,maxt,exhaustive,0.02,0.0,19,1500,3,0.012666666666666666,0.007642918539229586,0.019710167820817696,stageb_only_pooled
classification,500,256,maxt,exhaustive,0.02,0.05,165,600,3,0.275,0.23962076782080186,0.3126108534196617,stageb_only_pooled
classification,500,256,maxt,exhaustive,0.02,0.1,561,600,3,0.935,0.9122111349558655,0.9533739406164318,stageb_only_pooled
classification,500,256,maxt,exhaustive,0.02,0.2,600,600,3,1.0,0.9938707286693308,1.0,stageb_only_pooled
classification,500,256,maxt,exhaustive,0.05,0.0,48,1500,3,0.032,0.023686581037512654,0.04220521154185407,stageb_only_pooled
classification,500,256,maxt,exhaustive,0.05,0.05,241,600,3,0.40166666666666667,0.36217478619439464,0.4421313102828629,stageb_only_pooled
classification,500,256,maxt,exhaustive,0.05,0.1,577,600,3,0.9616666666666667,0.9430344466125399,0.9755475363874965,stageb_only_pooled
classification,500,256,maxt,exhaustive,0.05,0.2,600,600,3,1.0,0.9938707286693308,1.0,stageb_only_pooled
classification,500,256,maxt,exhaustive,0.1,0.0,105,1500,3,0.07,0.057606771292937786,0.08410694686062933,stageb_only_pooled
classification,500,256,maxt,exhaustive,0.1,0.05,301,600,3,0.5016666666666667,0.4609023288128602,0.5424145256025061,stageb_only_pooled
classification,500,256,maxt,exhaustive,0.1,0.1,588,600,3,0.98,0.9653248403139203,0.9896240465167927,stageb_only_pooled
classification,500,256,maxt,exhaustive,0.1,0.2,600,600,3,1.0,0.9938707286693308,1.0,stageb_only_pooled
classification,500,256,maxt,exhaustive,0.2,0.0,218,1500,3,0.14533333333333334,0.12787226044816283,0.16419532329171208,stageb_only_pooled
classification,500,256,maxt,exhaustive,0.2,0.05,369,600,3,0.615,0.5747428224789624,0.6541193121978057,stageb_only_pooled
classification,500,256,maxt,exhaustive,0.2,0.1,592,600,3,0.9866666666666667,0.9738977663757112,0.9942265090052641,stageb_only_pooled
classification,500,256,maxt,exhaustive,0.2,0.2,600,600,3,1.0,0.9938707286693308,1.0,stageb_only_pooled
classification,500,256,maxt,exhaustive,0.35,0.0,231,1000,2,0.231,0.20520047479036332,0.2583934768882578,stageb_only_pooled
classification,500,256,maxt,exhaustive,0.35,0.05,282,400,2,0.705,0.657656131369051,0.7492800356764362,stageb_only_pooled
classification,500,256,maxt,exhaustive,0.35,0.1,395,400,2,0.9875,0.9710716562147131,0.9959291641554002,stageb_only_pooled
classification,500,256,maxt,exhaustive,0.35,0.2,400,400,2,1.0,0.9908201954163347,1.0,stageb_only_pooled
classification,500,256,maxt,exhaustive,0.5,0.0,308,1000,2,0.308,0.2794866299005828,0.3376486619974949,stageb_only_pooled
classification,500,256,maxt,exhaustive,0.5,0.05,305,400,2,0.7625,0.7176896924782317,0.8033774298938208,stageb_only_pooled
classification,500,256,maxt,exhaustive,0.5,0.1,395,400,2,0.9875,0.9710716562147131,0.9959291641554002,stageb_only_pooled
classification,500,256,maxt,exhaustive,0.5,0.2,400,400,2,1.0,0.9908201954163347,1.0,stageb_only_pooled
regression,100,16,bonferroni,adaptive,0.02,0.0,17,1500,3,0.011333333333333334,0.006615559886822454,0.018083932361817392,stageb_only_pooled
regression,100,16,bonferroni,adaptive,0.02,0.2,10,600,3,0.016666666666666666,0.008020507036798895,0.03043645949892882,stageb_only_pooled
regression,100,16,bonferroni,adaptive,0.02,0.4,71,600,3,0.11833333333333333,0.09358583418685677,0.1469082098685351,stageb_only_pooled
regression,100,16,bonferroni,adaptive,0.02,0.8,423,600,3,0.705,0.6667298904521008,0.7412380927819966,stageb_only_pooled
regression,100,16,bonferroni,adaptive,0.05,0.0,28,1500,3,0.018666666666666668,0.012438806903276976,0.026866222449979358,stageb_only_pooled
regression,100,16,bonferroni,adaptive,0.05,0.2,30,600,3,0.05,0.03398554721537548,0.07061140603267455,stageb_only_pooled
regression,100,16,bonferroni,adaptive,0.05,0.4,117,600,3,0.195,0.1640303651731681,0.22900588878811728,stageb_only_pooled
regression,100,16,bonferroni,adaptive,0.05,0.8,482,600,3,0.8033333333333333,0.7692341731308593,0.8344131472161287,stageb_only_pooled
regression,100,16,bonferroni,adaptive,0.1,0.0,63,1500,3,0.042,0.032422215141461055,0.05341891466270874,stageb_only_pooled
regression,100,16,bonferroni,adaptive,0.1,0.2,50,600,3,0.08333333333333333,0.06248244273001311,0.1083901457585295,stageb_only_pooled
regression,100,16,bonferroni,adaptive,0.1,0.4,166,600,3,0.27666666666666667,0.2412125175001078,0.31433578594792005,stageb_only_pooled
regression,100,16,bonferroni,adaptive,0.1,0.8,519,600,3,0.865,0.8350229317893758,0.8913247143261855,stageb_only_pooled
regression,100,16,bonferroni,adaptive,0.2,0.0,133,1500,3,0.08866666666666667,0.07476416364097763,0.10420310327849967,stageb_only_pooled
regression,100,16,bonferroni,adaptive,0.2,0.2,83,600,3,0.13833333333333334,0.11171063778012405,0.16857364824501392,stageb_only_pooled
regression,100,16,bonferroni,adaptive,0.2,0.4,218,600,3,0.36333333333333334,0.3247704467730768,0.40324889138153425,stageb_only_pooled
regression,100,16,bonferroni,adaptive,0.2,0.8,549,600,3,0.915,0.8897540169486022,0.9360585801779702,stageb_only_pooled
regression,100,16,bonferroni,adaptive,0.35,0.0,68,500,1,0.136,0.10718032585698824,0.16920335862136807,stageb_only_pooled
regression,100,16,bonferroni,adaptive,0.35,0.2,37,200,1,0.185,0.13372866017976162,0.24586346244867838,stageb_only_pooled
regression,100,16,bonferroni,adaptive,0.35,0.4,86,200,1,0.43,0.3603855918269887,0.501720847171578,stageb_only_pooled
regression,100,16,bonferroni,adaptive,0.35,0.8,181,200,1,0.905,0.8556233600231475,0.9418303902748797,stageb_only_pooled
regression,100,16,bonferroni,adaptive,0.5,0.0,86,500,1,0.172,0.13994294757041292,0.2079925119663506,stageb_only_pooled
regression,100,16,bonferroni,adaptive,0.5,0.2,53,200,1,0.265,0.2052390913859232,0.33187009220861813,stageb_only_pooled
regression,100,16,bonferroni,adaptive,0.5,0.4,95,200,1,0.475,0.4041200334249788,0.5466319825296759,stageb_only_pooled
regression,100,16,bonferroni,adaptive,0.5,0.8,184,200,1,0.92,0.8733351439779183,0.9535823916001774,stageb_only_pooled
regression,100,16,bonferroni,exhaustive,0.02,0.0,17,1500,3,0.011333333333333334,0.006615559886822454,0.018083932361817392,stageb_only_pooled
regression,100,16,bonferroni,exhaustive,0.02,0.2,10,600,3,0.016666666666666666,0.008020507036798895,0.03043645949892882,stageb_only_pooled
regression,100,16,bonferroni,exhaustive,0.02,0.4,73,600,3,0.12166666666666667,0.09659142144262026,0.1505340845516041,stageb_only_pooled
regression,100,16,bonferroni,exhaustive,0.02,0.8,426,600,3,0.71,0.6718866500985473,0.746031472931982,stageb_only_pooled
regression,100,16,bonferroni,exhaustive,0.05,0.0,28,1500,3,0.018666666666666668,0.012438806903276976,0.026866222449979358,stageb_only_pooled
regression,100,16,bonferroni,exhaustive,0.05,0.2,30,600,3,0.05,0.03398554721537548,0.07061140603267455,stageb_only_pooled
regression,100,16,bonferroni,exhaustive,0.05,0.4,117,600,3,0.195,0.1640303651731681,0.22900588878811728,stageb_only_pooled
regression,100,16,bonferroni,exhaustive,0.05,0.8,483,600,3,0.805,0.7709941112118828,0.835969634826832,stageb_only_pooled
regression,100,16,bonferroni,exhaustive,0.1,0.0,62,1500,3,0.04133333333333333,0.03183425005423214,0.052676792246684125,stageb_only_pooled
regression,100,16,bonferroni,exhaustive,0.1,0.2,51,600,3,0.085,0.06394141982202987,0.11024598305139778,stageb_only_pooled
regression,100,16,bonferroni,exhaustive,0.1,0.4,167,600,3,0.2783333333333333,0.24280488644924242,0.3160601025498216,stageb_only_pooled
regression,100,16,bonferroni,exhaustive,0.1,0.8,519,600,3,0.865,0.8350229317893758,0.8913247143261855,stageb_only_pooled
regression,100,16,bonferroni,exhaustive,0.2,0.0,134,1500,3,0.08933333333333333,0.07538085479035067,0.10491693783229523,stageb_only_pooled
regression,100,16,bonferroni,exhaustive,0.2,0.2,84,600,3,0.14,0.11323034869896818,0.17036993286364222,stageb_only_pooled
regression,100,16,bonferroni,exhaustive,0.2,0.4,218,600,3,0.36333333333333334,0.3247704467730768,0.40324889138153425,stageb_only_pooled
regression,100,16,bonferroni,exhaustive,0.2,0.8,549,600,3,0.915,0.8897540169486022,0.9360585801779702,stageb_only_pooled
regression,100,16,bonferroni,exhaustive,0.35,0.0,69,500,1,0.138,0.10898386246231187,0.17137465675598654,stageb_only_pooled
regression,100,16,bonferroni,exhaustive,0.35,0.2,37,200,1,0.185,0.13372866017976162,0.24586346244867838,stageb_only_pooled
regression,100,16,bonferroni,exhaustive,0.35,0.4,86,200,1,0.43,0.3603855918269887,0.501720847171578,stageb_only_pooled
regression,100,16,bonferroni,exhaustive,0.35,0.8,181,200,1,0.905,0.8556233600231475,0.9418303902748797,stageb_only_pooled
regression,100,16,bonferroni,exhaustive,0.5,0.0,86,500,1,0.172,0.13994294757041292,0.2079925119663506,stageb_only_pooled
regression,100,16,bonferroni,exhaustive,0.5,0.2,53,200,1,0.265,0.2052390913859232,0.33187009220861813,stageb_only_pooled
regression,100,16,bonferroni,exhaustive,0.5,0.4,95,200,1,0.475,0.4041200334249788,0.5466319825296759,stageb_only_pooled
regression,100,16,bonferroni,exhaustive,0.5,0.8,184,200,1,0.92,0.8733351439779183,0.9535823916001774,stageb_only_pooled
regression,100,16,maxt,adaptive,0.02,0.0,19,1500,3,0.012666666666666666,0.007642918539229586,0.019710167820817696,stageb_only_pooled
regression,100,16,maxt,adaptive,0.02,0.2,14,600,3,0.023333333333333334,0.012813903037115344,0.038839718601920356,stageb_only_pooled
regression,100,16,maxt,adaptive,0.02,0.4,73,600,3,0.12166666666666667,0.09659142144262026,0.1505340845516041,stageb_only_pooled
regression,100,16,maxt,adaptive,0.02,0.8,425,600,3,0.7083333333333334,0.6701671437627345,0.7444342688695584,stageb_only_pooled
regression,100,16,maxt,adaptive,0.05,0.0,35,1500,3,0.023333333333333334,0.016305077117125758,0.03230270204903645,stageb_only_pooled
regression,100,16,maxt,adaptive,0.05,0.2,41,600,3,0.06833333333333333,0.04948000346230215,0.09156272540292816,stageb_only_pooled
regression,100,16,maxt,adaptive,0.05,0.4,126,600,3,0.21,0.17806987825012063,0.24481448631894373,stageb_only_pooled
regression,100,16,maxt,adaptive,0.05,0.8,484,600,3,0.8066666666666666,0.7727549331598051,0.8375252302514221,stageb_only_pooled
regression,100,16,maxt,adaptive,0.1,0.0,99,1500,3,0.066,0.05396189365961604,0.07976929759143356,stageb_only_pooled
regression,100,16,maxt,adaptive,0.1,0.2,65,600,3,0.10833333333333334,0.08460967582501777,0.1359907002222708,stageb_only_pooled
regression,100,16,maxt,adaptive,0.1,0.4,194,600,3,0.3233333333333333,0.286021611976731,0.36239497128901377,stageb_only_pooled
regression,100,16,maxt,adaptive,0.1,0.8,530,600,3,0.8833333333333333,0.8549071438158812,0.907914500842156,stageb_only_pooled
regression,100,16,maxt,adaptive,0.2,0.0,214,1500,3,0.14266666666666666,0.12534753904234935,0.16139750262442504,stageb_only_pooled
regression,100,16,maxt,adaptive,0.2,0.2,122,600,3,0.20333333333333334,0.1718215559237464,0.23779690624361907,stageb_only_pooled
regression,100,16,maxt,adaptive,0.2,0.4,278,600,3,0.4633333333333333,0.4228655660576523,0.5041636623885866,stageb_only_pooled
regression,100,16,maxt,adaptive,0.2,0.8,559,600,3,0.9316666666666666,0.9084372745970718,0.9505199965376978,stageb_only_pooled
regression,100,16,maxt,adaptive,0.35,0.0,117,500,1,0.234,0.1975563648242704,0.27362232176422174,stageb_only_pooled
regression,100,16,maxt,adaptive,0.35,0.2,63,200,1,0.315,0.25130532565451774,0.3842776977254271,stageb_only_pooled
regression,100,16,maxt,adaptive,0.35,0.4,106,200,1,0.53,0.45833050041147505,0.6007670588028855,stageb_only_pooled
regression,100,16,maxt,adaptive,0.35,0.8,187,200,1,0.935,0.8914127634961848,0.9649392913430209,stageb_only_pooled
regression,100,16,maxt,adaptive,0.5,0.0,161,500,1,0.322,0.281202391463484,0.36491803195152994,stageb_only_pooled
regression,100,16,maxt,adaptive,0.5,0.2,88,200,1,0.44,0.3700555793390437,0.511749730925303,stageb_only_pooled
regression,100,16,maxt,adaptive,0.5,0.4,125,200,1,0.625,0.5539486258174146,0.6922861517823592,stageb_only_pooled
regression,100,16,maxt,adaptive,0.5,0.8,190,200,1,0.95,0.9099724622986486,0.9757658345278915,stageb_only_pooled
regression,100,16,maxt,exhaustive,0.02,0.0,24,1500,3,0.016,0.01027770409776163,0.023713695096128657,stageb_only_pooled
regression,100,16,maxt,exhaustive,0.02,0.2,17,600,3,0.028333333333333332,0.01658998713464002,0.04497772635255595,stageb_only_pooled
regression,100,16,maxt,exhaustive,0.02,0.4,86,600,3,0.14333333333333334,0.1162737391357816,0.17395858962230182,stageb_only_pooled
regression,100,16,maxt,exhaustive,0.02,0.8,458,600,3,0.7633333333333333,0.7272413003570726,0.7968097010552704,stageb_only_pooled
regression,100,16,maxt,exhaustive,0.05,0.0,47,1500,3,0.03133333333333333,0.023111501734855006,0.04145052352390676,stageb_only_pooled
regression,100,16,maxt,exhaustive,0.05,0.2,44,600,3,0.07333333333333333,0.05378665416692113,0.09719857887013991,stageb_only_pooled
regression,100,16,maxt,exhaustive,0.05,0.4,147,600,3,0.245,0.21107945873497427,0.28145252455038355,stageb_only_pooled
regression,100,16,maxt,exhaustive,0.05,0.8,504,600,3,0.84,0.8081717760442246,0.868434663305502,stageb_only_pooled
regression,100,16,maxt,exhaustive,0.1,0.0,104,1500,3,0.06933333333333333,0.056998417402828384,0.08338486829501707,stageb_only_pooled
regression,100,16,maxt,exhaustive,0.1,0.2,68,600,3,0.11333333333333333,0.08908990023238993,0.14145716721271306,stageb_only_pooled
regression,100,16,maxt,exhaustive,0.1,0.4,201,600,3,0.335,0.2972923547270843,0.3743415916132304,stageb_only_pooled
regression,100,16,maxt,exhaustive,0.1,0.8,541,600,3,0.9016666666666666,0.8749923343195354,0.9242996783772297,stageb_only_pooled
regression,100,16,maxt,exhaustive,0.2,0.0,210,1500,3,0.14,0.12282492060148899,0.15859759093042586,stageb_only_pooled
regression,100,16,maxt,exhaustive,0.2,0.2,134,600,3,0.22333333333333333,0.1906054977657513,0.2588109946117602,stageb_only_pooled
regression,100,16,maxt,exhaustive,0.2,0.4,284,600,3,0.47333333333333333,0.43276555257047294,0.5141647865885817,stageb_only_pooled
regression,100,16,maxt,exhaustive,0.2,0.8,560,600,3,0.9333333333333333,0.9103224678290975,0.9519487629661394,stageb_only_pooled
regression,100,16,maxt,exhaustive,0.35,0.0,111,500,1,0.222,0.18630734598641566,0.2610168116937048,stageb_only_pooled
regression,100,16,maxt,exhaustive,0.35,0.2,62,200,1,0.31,0.24665803744172576,0.37907704052032576,stageb_only_pooled
regression,100,16,maxt,exhaustive,0.35,0.4,108,200,1,0.54,0.4682761019919555,0.6105205699705166,stageb_only_pooled
regression,100,16,maxt,exhaustive,0.35,0.8,189,200,1,0.945,0.9037223555660872,0.9722277454479935,stageb_only_pooled
regression,100,16,maxt,exhaustive,0.5,0.0,165,500,1,0.33,0.28889559042122726,0.3731291441545266,stageb_only_pooled
regression,100,16,maxt,exhaustive,0.5,0.2,89,200,1,0.445,0.37490109471850996,0.5167536888074262,stageb_only_pooled
regression,100,16,maxt,exhaustive,0.5,0.4,128,200,1,0.64,0.5692860539812827,0.7064952791088333,stageb_only_pooled
regression,100,16,maxt,exhaustive,0.5,0.8,191,200,1,0.955,0.916297311924146,0.9792195777729956,stageb_only_pooled
regression,100,64,bonferroni,adaptive,0.02,0.0,6,1500,3,0.004,0.0014693009117972876,0.008685842245365153,stageb_only_pooled
regression,100,64,bonferroni,adaptive,0.02,0.2,7,600,3,0.011666666666666667,0.004703117270891804,0.02388932230979506,stageb_only_pooled
regression,100,64,bonferroni,adaptive,0.02,0.4,54,600,3,0.09,0.06833347706018537,0.11579873977705123,stageb_only_pooled
regression,100,64,bonferroni,adaptive,0.02,0.8,390,600,3,0.65,0.6103361950420615,0.6881788281111945,stageb_only_pooled
regression,100,64,bonferroni,adaptive,0.05,0.0,19,1500,3,0.012666666666666666,0.007642918539229586,0.019710167820817696,stageb_only_pooled
regression,100,64,bonferroni,adaptive,0.05,0.2,18,600,3,0.03,0.017874802357880564,0.04699961041127929,stageb_only_pooled
regression,100,64,bonferroni,adaptive,0.05,0.4,84,600,3,0.14,0.11323034869896818,0.17036993286364222,stageb_only_pooled
regression,100,64,bonferroni,adaptive,0.05,0.8,457,600,3,0.7616666666666667,0.7255011212115434,0.7952332930532073,stageb_only_pooled
regression,100,64,bonferroni,adaptive,0.1,0.0,28,1500,3,0.018666666666666668,0.012438806903276976,0.026866222449979358,stageb_only_pooled
regression,100,64,bonferroni,adaptive,0.1,0.2,28,600,3,0.04666666666666667,0.031230315570039663,0.06674258151340016,stageb_only_pooled
regression,100,64,bonferroni,adaptive,0.1,0.4,108,600,3,0.18,0.15006322116013457,0.2131255988500466,stageb_only_pooled
regression,100,64,bonferroni,adaptive,0.1,0.8,496,600,3,0.8266666666666667,0.7939570696853638,0.8561193815664916,stageb_only_pooled
regression,100,64,bonferroni,adaptive,0.2,0.0,50,1500,3,0.03333333333333333,0.024839813933980732,0.04371159884020647,stageb_only_pooled
regression,100,64,bonferroni,adaptive,0.2,0.2,50,600,3,0.08333333333333333,0.06248244273001311,0.1083901457585295,stageb_only_pooled
regression,100,64,bonferroni,adaptive,0.2,0.4,158,600,3,0.2633333333333333,0.22849616073450643,0.3005187835394663,stageb_only_pooled
regression,100,64,bonferroni,adaptive,0.2,0.8,518,600,3,0.8633333333333333,0.8332239665560026,0.8898077235069592,stageb_only_pooled
regression,100,64,bonferroni,adaptive,0.35,0.0,28,500,1,0.056,0.03753044447502219,0.0799213006043601,stageb_only_pooled
regression,100,64,bonferroni,adaptive,0.35,0.2,24,200,1,0.12,0.07842024799636271,0.1732723511641222,stageb_only_pooled
regression,100,64,bonferroni,adaptive,0.35,0.4,64,200,1,0.32,0.25596118763995773,0.38946988506165814,stageb_only_pooled
regression,100,64,bonferroni,adaptive,0.35,0.8,173,200,1,0.865,0.8096908273166017,0.9091128982451022,stageb_only_pooled
regression,100,64,bonferroni,adaptive,0.5,0.0,36,500,1,0.072,0.05093433312513294,0.09828743733685696,stageb_only_pooled
regression,100,64,bonferroni,adaptive,0.5,0.2,28,200,1,0.14,0.0950875173590198,0.19594526111961424,stageb_only_pooled
regression,100,64,bonferroni,adaptive,0.5,0.4,72,200,1,0.36,0.2935047208911668,0.43071394601871726,stageb_only_pooled
regression,100,64,bonferroni,adaptive,0.5,0.8,179,200,1,0.895,0.8439812944524971,0.9338187729712882,stageb_only_pooled
regression,100,64,bonferroni,exhaustive,0.02,0.0,6,1500,3,0.004,0.0014693009117972876,0.008685842245365153,stageb_only_pooled
regression,100,64,bonferroni,exhaustive,0.02,0.2,7,600,3,0.011666666666666667,0.004703117270891804,0.02388932230979506,stageb_only_pooled
regression,100,64,bonferroni,exhaustive,0.02,0.4,55,600,3,0.09166666666666666,0.06980232492785372,0.11764494432242274,stageb_only_pooled
regression,100,64,bonferroni,exhaustive,0.02,0.8,393,600,3,0.655,0.6154389564527067,0.6930264259283765,stageb_only_pooled
regression,100,64,bonferroni,exhaustive,0.05,0.0,20,1500,3,0.013333333333333334,0.008162854513771585,0.020517459360976174,stageb_only_pooled
regression,100,64,bonferroni,exhaustive,0.05,0.2,19,600,3,0.03166666666666667,0.01917090026733212,0.049010998614013694,stageb_only_pooled
regression,100,64,bonferroni,exhaustive,0.05,0.4,86,600,3,0.14333333333333334,0.1162737391357816,0.17395858962230182,stageb_only_pooled
regression,100,64,bonferroni,exhaustive,0.05,0.8,459,600,3,0.765,0.728982196719016,0.7983853867640842,stageb_only_pooled
regression,100,64,bonferroni,exhaustive,0.1,0.0,28,1500,3,0.018666666666666668,0.012438806903276976,0.026866222449979358,stageb_only_pooled
regression,100,64,bonferroni,exhaustive,0.1,0.2,28,600,3,0.04666666666666667,0.031230315570039663,0.06674258151340016,stageb_only_pooled
regression,100,64,bonferroni,exhaustive,0.1,0.4,111,600,3,0.185,0.15471048970528364,0.21842739133879838,stageb_only_pooled
regression,100,64,bonferroni,exhaustive,0.1,0.8,495,600,3,0.825,0.7921849121887271,0.854575237342696,stageb_only_pooled
regression,100,64,bonferroni,exhaustive,0.2,0.0,52,1500,3,0.034666666666666665,0.025996949563061672,0.04521418846678697,stageb_only_pooled
regression,100,64,bonferroni,exhaustive,0.2,0.2,50,600,3,0.08333333333333333,0.06248244273001311,0.1083901457585295,stageb_only_pooled
regression,100,64,bonferroni,exhaustive,0.2,0.4,159,600,3,0.265,0.2300834742902835,0.302248127147362,stageb_only_pooled
regression,100,64,bonferroni,exhaustive,0.2,0.8,518,600,3,0.8633333333333333,0.8332239665560026,0.8898077235069592,stageb_only_pooled
regression,100,64,bonferroni,exhaustive,0.35,0.0,29,500,1,0.058,0.03918386879718779,0.08223822089383528,stageb_only_pooled
regression,100,64,bonferroni,exhaustive,0.35,0.2,24,200,1,0.12,0.07842024799636271,0.1732723511641222,stageb_only_pooled
regression,100,64,bonferroni,exhaustive,0.35,0.4,64,200,1,0.32,0.25596118763995773,0.38946988506165814,stageb_only_pooled
regression,100,64,bonferroni,exhaustive,0.35,0.8,172,200,1,0.86,0.8040547388803858,0.9049124826409802,stageb_only_pooled
regression,100,64,bonferroni,exhaustive,0.5,0.0,37,500,1,0.074,0.05263510854899523,0.10055887474646992,stageb_only_pooled
regression,100,64,bonferroni,exhaustive,0.5,0.2,28,200,1,0.14,0.0950875173590198,0.19594526111961424,stageb_only_pooled
regression,100,64,bonferroni,exhaustive,0.5,0.4,72,200,1,0.36,0.2935047208911668,0.43071394601871726,stageb_only_pooled
regression,100,64,bonferroni,exhaustive,0.5,0.8,179,200,1,0.895,0.8439812944524971,0.9338187729712882,stageb_only_pooled
regression,100,64,maxt,adaptive,0.02,0.0,15,1500,3,0.01,0.0056074208232526025,0.016439920118288244,stageb_only_pooled
regression,100,64,maxt,adaptive,0.02,0.2,18,600,3,0.03,0.017874802357880564,0.04699961041127929,stageb_only_pooled
regression,100,64,maxt,adaptive,0.02,0.4,79,600,3,0.13166666666666665,0.10564550201604558,0.16137500234025012,stageb_only_pooled
regression,100,64,maxt,adaptive,0.02,0.8,437,600,3,0.7283333333333334,0.6908408732251363,0.7635608596930097,stageb_only_pooled
regression,100,64,maxt,adaptive,0.05,0.0,43,1500,3,0.028666666666666667,0.020822205195245514,0.03842107306837108,stageb_only_pooled
regression,100,64,maxt,adaptive,0.05,0.2,42,600,3,0.07,0.05091223702773054,0.0934445597091623,stageb_only_pooled
regression,100,64,maxt,adaptive,0.05,0.4,130,600,3,0.21666666666666667,0.18433133970757878,0.2518190377475857,stageb_only_pooled
regression,100,64,maxt,adaptive,0.05,0.8,495,600,3,0.825,0.7921849121887271,0.854575237342696,stageb_only_pooled
regression,100,64,maxt,adaptive,0.1,0.0,98,1500,3,0.06533333333333333,0.05335567221309825,0.07904511450039461,stageb_only_pooled
regression,100,64,maxt,adaptive,0.1,0.2,71,600,3,0.11833333333333333,0.09358583418685677,0.1469082098685351,stageb_only_pooled
regression,100,64,maxt,adaptive,0.1,0.4,200,600,3,0.3333333333333333,0.2956806515050697,0.37263652274520903,stageb_only_pooled
regression,100,64,maxt,adaptive,0.1,0.8,537,600,3,0.895,0.8676626346203813,0.9183679423144768,stageb_only_pooled
regression,100,64,maxt,adaptive,0.2,0.0,208,1500,3,0.13866666666666666,0.12156441564170566,0.1571968354758515,stageb_only_pooled
regression,100,64,maxt,adaptive,0.2,0.2,123,600,3,0.205,0.1733823791388963,0.23955254777436794,stageb_only_pooled
regression,100,64,maxt,adaptive,0.2,0.4,284,600,3,0.47333333333333333,0.43276555257047294,0.5141647865885817,stageb_only_pooled
regression,100,64,maxt,adaptive,0.2,0.8,567,600,3,0.945,0.9236235234824541,0.9618417498704462,stageb_only_pooled
regression,100,64,maxt,adaptive,0.35,0.0,111,500,1,0.222,0.18630734598641566,0.2610168116937048,stageb_only_pooled
regression,100,64,maxt,adaptive,0.35,0.2,60,200,1,0.3,0.23738964407544727,0.3686498754590013,stageb_only_pooled
regression,100,64,maxt,adaptive,0.35,0.4,111,200,1,0.555,0.4832463111925737,0.62509890528149,stageb_only_pooled
regression,100,64,maxt,adaptive,0.35,0.8,190,200,1,0.95,0.9099724622986486,0.9757658345278915,stageb_only_pooled
regression,100,64,maxt,adaptive,0.5,0.0,160,500,1,0.32,0.2792812227441578,0.3628631328181406,stageb_only_pooled
regression,100,64,maxt,adaptive,0.5,0.2,88,200,1,0.44,0.3700555793390437,0.511749730925303,stageb_only_pooled
regression,100,64,maxt,adaptive,0.5,0.4,127,200,1,0.635,0.5641659702100028,0.7017665736329881,stageb_only_pooled
regression,100,64,maxt,adaptive,0.5,0.8,191,200,1,0.955,0.916297311924146,0.9792195777729956,stageb_only_pooled
regression,100,64,maxt,exhaustive,0.02,0.0,21,1500,3,0.014,0.008686549836516655,0.02132123402357071,stageb_only_pooled
regression,100,64,maxt,exhaustive,0.02,0.2,24,600,3,0.04,0.02579399301364243,0.058934280187772574,stageb_only_pooled
regression,100,64,maxt,exhaustive,0.02,0.4,86,600,3,0.14333333333333334,0.1162737391357816,0.17395858962230182,stageb_only_pooled
regression,100,64,maxt,exhaustive,0.02,0.8,466,600,3,0.7766666666666666,0.7411890053882397,0.8093945022342487,stageb_only_pooled
regression,100,64,maxt,exhaustive,0.05,0.0,53,1500,3,0.035333333333333335,0.026576912587347023,0.04596412442008721,stageb_only_pooled
regression,100,64,maxt,exhaustive,0.05,0.2,50,600,3,0.08333333333333333,0.06248244273001311,0.1083901457585295,stageb_only_pooled
regression,100,64,maxt,exhaustive,0.05,0.4,155,600,3,0.25833333333333336,0.22373812984665106,0.29532686616094106,stageb_only_pooled
regression,100,64,maxt,exhaustive,0.05,0.8,513,600,3,0.855,0.8242490005990414,0.8822026200437929,stageb_only_pooled
regression,100,64,maxt,exhaustive,0.1,0.0,115,1500,3,0.07666666666666666,0.06370824900582209,0.09131001375546896,stageb_only_pooled
regression,100,64,maxt,exhaustive,0.1,0.2,78,600,3,0.13,0.10413275416747798,0.15957185801584498,stageb_only_pooled
regression,100,64,maxt,exhaustive,0.1,0.4,212,600,3,0.35333333333333333,0.31505545966411913,0.39306309822405416,stageb_only_pooled
regression,100,64,maxt,exhaustive,0.1,0.8,550,600,3,0.9166666666666666,0.8916098542414705,0.9375175572699869,stageb_only_pooled
regression,100,64,maxt,exhaustive,0.2,0.0,211,1500,3,0.14066666666666666,0.12345537534433336,0.15929776757162173,stageb_only_pooled
regression,100,64,maxt,exhaustive,0.2,0.2,124,600,3,0.20666666666666667,0.17494404561969695,0.241307353374262,stageb_only_pooled
regression,100,64,maxt,exhaustive,0.2,0.4,290,600,3,0.48333333333333334,0.44268154929009457,0.5241499089323107,stageb_only_pooled
regression,100,64,maxt,exhaustive,0.2,0.8,563,600,3,0.9383333333333334,0.9159993874044593,0.956213003340447,stageb_only_pooled
regression,100,64,maxt,exhaustive,0.35,0.0,115,500,1,0.23,0.19380196825952198,0.2694251668461727,stageb_only_pooled
regression,100,64,maxt,exhaustive,0.35,0.2,63,200,1,0.315,0.25130532565451774,0.3842776977254271,stageb_only_pooled
regression,100,64,maxt,exhaustive,0.35,0.4,109,200,1,0.545,0.4732592475189884,0.6153869579610831,stageb_only_pooled
regression,100,64,maxt,exhaustive,0.35,0.8,190,200,1,0.95,0.9099724622986486,0.9757658345278915,stageb_only_pooled
regression,100,64,maxt,exhaustive,0.5,0.0,158,500,1,0.316,0.275441471985156,0.3587507603440033,stageb_only_pooled
regression,100,64,maxt,exhaustive,0.5,0.2,83,200,1,0.415,0.3459336681807803,0.48662468561680267,stageb_only_pooled
regression,100,64,maxt,exhaustive,0.5,0.4,124,200,1,0.62,0.5488512420834482,0.6875345648223293,stageb_only_pooled
regression,100,64,maxt,exhaustive,0.5,0.8,191,200,1,0.955,0.916297311924146,0.9792195777729956,stageb_only_pooled
regression,100,256,bonferroni,adaptive,0.02,0.0,4,1500,3,0.0026666666666666666,0.0007270400447451259,0.006813531732916779,stageb_only_pooled
regression,100,256,bonferroni,adaptive,0.02,0.2,5,600,3,0.008333333333333333,0.002711187903856663,0.019339350208704958,stageb_only_pooled
regression,100,256,bonferroni,adaptive,0.02,0.4,47,600,3,0.07833333333333334,0.05812162409921535,0.10280693612376407,stageb_only_pooled
regression,100,256,bonferroni,adaptive,0.02,0.8,373,600,3,0.6216666666666667,0.5815058441740111,0.6606235523023951,stageb_only_pooled
regression,100,256,bonferroni,adaptive,0.05,0.0,16,1500,3,0.010666666666666666,0.006108868903649251,0.01726434063763466,stageb_only_pooled
regression,100,256,bonferroni,adaptive,0.05,0.2,10,600,3,0.016666666666666666,0.008020507036798895,0.03043645949892882,stageb_only_pooled
regression,100,256,bonferroni,adaptive,0.05,0.4,72,600,3,0.12,0.09508781818849606,0.1487219430695948,stageb_only_pooled
regression,100,256,bonferroni,adaptive,0.05,0.8,437,600,3,0.7283333333333334,0.6908408732251363,0.7635608596930097,stageb_only_pooled
regression,100,256,bonferroni,adaptive,0.1,0.0,24,1500,3,0.016,0.01027770409776163,0.023713695096128657,stageb_only_pooled
regression,100,256,bonferroni,adaptive,0.1,0.2,23,600,3,0.03833333333333333,0.024452463612503538,0.056965553387460115,stageb_only_pooled
regression,100,256,bonferroni,adaptive,0.1,0.4,97,600,3,0.16166666666666665,0.13310094585467155,0.19360881912666686,stageb_only_pooled
regression,100,256,bonferroni,adaptive,0.1,0.8,480,600,3,0.8,0.7657169150757219,0.8312975296288342,stageb_only_pooled
regression,100,256,bonferroni,adaptive,0.2,0.0,40,1500,3,0.02666666666666667,0.019117869613299917,0.0361367406976768,stageb_only_pooled
regression,100,256,bonferroni,adaptive,0.2,0.2,38,600,3,0.06333333333333334,0.045204599944011443,0.08589660185670903,stageb_only_pooled
regression,100,256,bonferroni,adaptive,0.2,0.4,139,600,3,0.23166666666666666,0.19846543010181233,0.26753383788305624,stageb_only_pooled
regression,100,256,bonferroni,adaptive,0.2,0.8,514,600,3,0.8566666666666667,0.8260414103776982,0.8837262608642185,stageb_only_pooled
regression,100,256,bonferroni,adaptive,0.35,0.0,19,500,1,0.038,0.02303077080624761,0.05870729046322855,stageb_only_pooled
regression,100,256,bonferroni,adaptive,0.35,0.2,20,200,1,0.1,0.062159366254066095,0.15021278786775577,stageb_only_pooled
regression,100,256,bonferroni,adaptive,0.35,0.4,60,200,1,0.3,0.23738964407544727,0.3686498754590013,stageb_only_pooled
regression,100,256,bonferroni,adaptive,0.35,0.8,170,200,1,0.85,0.7928412963314493,0.8964504764781374,stageb_only_pooled
regression,100,256,bonferroni,adaptive,0.5,0.0,26,500,1,0.052,0.034245698082767936,0.07526637103062216,stageb_only_pooled
regression,100,256,bonferroni,adaptive,0.5,0.2,20,200,1,0.1,0.062159366254066095,0.15021278786775577,stageb_only_pooled
regression,100,256,bonferroni,adaptive,0.5,0.4,64,200,1,0.32,0.25596118763995773,0.38946988506165814,stageb_only_pooled
regression,100,256,bonferroni,adaptive,0.5,0.8,171,200,1,0.855,0.7984385038268202,0.9006913774447924,stageb_only_pooled
regression,100,256,bonferroni,exhaustive,0.02,0.0,4,1500,3,0.0026666666666666666,0.0007270400447451259,0.006813531732916779,stageb_only_pooled
regression,100,256,bonferroni,exhaustive,0.02,0.2,5,600,3,0.008333333333333333,0.002711187903856663,0.019339350208704958,stageb_only_pooled
regression,100,256,bonferroni,exhaustive,0.02,0.4,47,600,3,0.07833333333333334,0.05812162409921535,0.10280693612376407,stageb_only_pooled
regression,100,256,bonferroni,exhaustive,0.02,0.8,377,600,3,0.6283333333333333,0.5882766168788476,0.6671200218460783,stageb_only_pooled
regression,100,256,bonferroni,exhaustive,0.05,0.0,15,1500,3,0.01,0.0056074208232526025,0.016439920118288244,stageb_only_pooled
regression,100,256,bonferroni,exhaustive,0.05,0.2,11,600,3,0.018333333333333333,0.00918657415246049,0.03256620027983733,stageb_only_pooled
regression,100,256,bonferroni,exhaustive,0.05,0.4,73,600,3,0.12166666666666667,0.09659142144262026,0.1505340845516041,stageb_only_pooled
regression,100,256,bonferroni,exhaustive,0.05,0.8,441,600,3,0.735,0.697751872852638,0.7699165257097165,stageb_only_pooled
regression,100,256,bonferroni,exhaustive,0.1,0.0,25,1500,3,0.016666666666666666,0.010814080028313772,0.024505526819965057,stageb_only_pooled
regression,100,256,bonferroni,exhaustive,0.1,0.2,23,600,3,0.03833333333333333,0.024452463612503538,0.056965553387460115,stageb_only_pooled
regression,100,256,bonferroni,exhaustive,0.1,0.4,100,600,3,0.16666666666666666,0.1377143946675859,0.19894406154547858,stageb_only_pooled
regression,100,256,bonferroni,exhaustive,0.1,0.8,478,600,3,0.7966666666666666,0.762203093756381,0.8281784440762536,stageb_only_pooled
regression,100,256,bonferroni,exhaustive,0.2,0.0,42,1500,3,0.028,0.020252820876314716,0.037660860443749895,stageb_only_pooled
regression,100,256,bonferroni,exhaustive,0.2,0.2,39,600,3,0.065,0.046626059383568265,0.08778886504413458,stageb_only_pooled
regression,100,256,bonferroni,exhaustive,0.2,0.4,140,600,3,0.23333333333333334,0.20003965514632138,0.2692761844708373,stageb_only_pooled
regression,100,256,bonferroni,exhaustive,0.2,0.8,517,600,3,0.8616666666666667,0.831426351754986,0.888289362219876,stageb_only_pooled
regression,100,256,bonferroni,exhaustive,0.35,0.0,20,500,1,0.04,0.0246013120855454,0.06110260938824469,stageb_only_pooled
regression,100,256,bonferroni,exhaustive,0.35,0.2,20,200,1,0.1,0.062159366254066095,0.15021278786775577,stageb_only_pooled
regression,100,256,bonferroni,exhaustive,0.35,0.4,59,200,1,0.295,0.2327687842231247,0.3634231333179104,stageb_only_pooled
regression,100,256,bonferroni,exhaustive,0.35,0.8,170,200,1,0.85,0.7928412963314493,0.8964504764781374,stageb_only_pooled
regression,100,256,bonferroni,exhaustive,0.5,0.0,26,500,1,0.052,0.034245698082767936,0.07526637103062216,stageb_only_pooled
regression,100,256,bonferroni,exhaustive,0.5,0.2,20,200,1,0.1,0.062159366254066095,0.15021278786775577,stageb_only_pooled
regression,100,256,bonferroni,exhaustive,0.5,0.4,64,200,1,0.32,0.25596118763995773,0.38946988506165814,stageb_only_pooled
regression,100,256,bonferroni,exhaustive,0.5,0.8,171,200,1,0.855,0.7984385038268202,0.9006913774447924,stageb_only_pooled
regression,100,256,maxt,adaptive,0.02,0.0,15,1500,3,0.01,0.0056074208232526025,0.016439920118288244,stageb_only_pooled
regression,100,256,maxt,adaptive,0.02,0.2,17,600,3,0.028333333333333332,0.01658998713464002,0.04497772635255595,stageb_only_pooled
regression,100,256,maxt,adaptive,0.02,0.4,82,600,3,0.13666666666666666,0.11019227649304071,0.16677603344399744,stageb_only_pooled
regression,100,256,maxt,adaptive,0.02,0.8,441,600,3,0.735,0.697751872852638,0.7699165257097165,stageb_only_pooled
regression,100,256,maxt,adaptive,0.05,0.0,46,1500,3,0.030666666666666665,0.022537489585146973,0.04069479887306154,stageb_only_pooled
regression,100,256,maxt,adaptive,0.05,0.2,43,600,3,0.07166666666666667,0.05234782323673621,0.09532314344396939,stageb_only_pooled
regression,100,256,maxt,adaptive,0.05,0.4,141,600,3,0.235,0.20161461323591578,0.271017803280984,stageb_only_pooled
regression,100,256,maxt,adaptive,0.05,0.8,495,600,3,0.825,0.7921849121887271,0.854575237342696,stageb_only_pooled
regression,100,256,maxt,adaptive,0.1,0.0,94,1500,3,0.06266666666666666,0.05093457162463002,0.0761446488919094,stageb_only_pooled
regression,100,256,maxt,adaptive,0.1,0.2,71,600,3,0.11833333333333333,0.09358583418685677,0.1469082098685351,stageb_only_pooled
regression,100,256,maxt,adaptive,0.1,0.4,205,600,3,0.3416666666666667,0.3037444183075429,0.38115663503798536,stageb_only_pooled
regression,100,256,maxt,adaptive,0.1,0.8,537,600,3,0.895,0.8676626346203813,0.9183679423144768,stageb_only_pooled
regression,100,256,maxt,adaptive,0.2,0.0,204,1500,3,0.136,0.11904504685827356,0.1543936931098373,stageb_only_pooled
regression,100,256,maxt,adaptive,0.2,0.2,129,600,3,0.215,0.18276476735438016,0.25006909699843366,stageb_only_pooled
regression,100,256,maxt,adaptive,0.2,0.4,286,600,3,0.4766666666666667,0.4360691084282149,0.5174949363140446,stageb_only_pooled
regression,100,256,maxt,adaptive,0.2,0.8,568,600,3,0.9466666666666667,0.9255404243339527,0.9632376425320086,stageb_only_pooled
regression,100,256,maxt,adaptive,0.35,0.0,111,500,1,0.222,0.18630734598641566,0.2610168116937048,stageb_only_pooled
regression,100,256,maxt,adaptive,0.35,0.2,63,200,1,0.315,0.25130532565451774,0.3842776977254271,stageb_only_pooled
regression,100,256,maxt,adaptive,0.35,0.4,111,200,1,0.555,0.4832463111925737,0.62509890528149,stageb_only_pooled
regression,100,256,maxt,adaptive,0.35,0.8,190,200,1,0.95,0.9099724622986486,0.9757658345278915,stageb_only_pooled
regression,100,256,maxt,adaptive,0.5,0.0,163,500,1,0.326,0.28504729434000237,0.3690252768581542,stageb_only_pooled
regression,100,256,maxt,adaptive,0.5,0.2,85,200,1,0.425,0.3555611772587056,0.49669586816519024,stageb_only_pooled
regression,100,256,maxt,adaptive,0.5,0.4,126,200,1,0.63,0.5590535152152594,0.6970301757287629,stageb_only_pooled
regression,100,256,maxt,adaptive,0.5,0.8,191,200,1,0.955,0.916297311924146,0.9792195777729956,stageb_only_pooled
regression,100,256,maxt,exhaustive,0.02,0.0,23,1500,3,0.015333333333333332,0.009744195585338136,0.022919152169612367,stageb_only_pooled
regression,100,256,maxt,exhaustive,0.02,0.2,22,600,3,0.03666666666666667,0.02311883142705228,0.05498936647261927,stageb_only_pooled
regression,100,256,maxt,exhaustive,0.02,0.4,88,600,3,0.14666666666666667,0.1193222929671971,0.17754215431837023,stageb_only_pooled
regression,100,256,maxt,exhaustive,0.02,0.8,469,600,3,0.7816666666666666,0.74643180850317,0.8141012945660941,stageb_only_pooled
regression,100,256,maxt,exhaustive,0.05,0.0,55,1500,3,0.03666666666666667,0.02773950351611336,0.047461398721799435,stageb_only_pooled
regression,100,256,maxt,exhaustive,0.05,0.2,48,600,3,0.08,0.05957246901486141,0.1046706946656102,stageb_only_pooled
regression,100,256,maxt,exhaustive,0.05,0.4,158,600,3,0.2633333333333333,0.22849616073450643,0.3005187835394663,stageb_only_pooled
regression,100,256,maxt,exhaustive,0.05,0.8,518,600,3,0.8633333333333333,0.8332239665560026,0.8898077235069592,stageb_only_pooled
regression,100,256,maxt,exhaustive,0.1,0.0,108,1500,3,0.072,0.05943384853916973,0.08627119225676934,stageb_only_pooled
regression,100,256,maxt,exhaustive,0.1,0.2,79,600,3,0.13166666666666665,0.10564550201604558,0.16137500234025012,stageb_only_pooled
regression,100,256,maxt,exhaustive,0.1,0.4,216,600,3,0.36,0.32153010975783386,0.39985562898970306,stageb_only_pooled
regression,100,256,maxt,exhaustive,0.1,0.8,547,600,3,0.9116666666666666,0.8860497825566722,0.9331329975532763,stageb_only_pooled
regression,100,256,maxt,exhaustive,0.2,0.0,205,1500,3,0.13666666666666666,0.11967468181845725,0.15509468470290944,stageb_only_pooled
regression,100,256,maxt,exhaustive,0.2,0.2,128,600,3,0.21333333333333335,0.18119899507811413,0.24831836267228263,stageb_only_pooled
regression,100,256,maxt,exhaustive,0.2,0.4,290,600,3,0.48333333333333334,0.44268154929009457,0.5241499089323107,stageb_only_pooled
regression,100,256,maxt,exhaustive,0.2,0.8,567,600,3,0.945,0.9236235234824541,0.9618417498704462,stageb_only_pooled
regression,100,256,maxt,exhaustive,0.35,0.0,116,500,1,0.232,0.1956785851135801,0.27152432069689725,stageb_only_pooled
regression,100,256,maxt,exhaustive,0.35,0.2,63,200,1,0.315,0.25130532565451774,0.3842776977254271,stageb_only_pooled
regression,100,256,maxt,exhaustive,0.35,0.4,108,200,1,0.54,0.4682761019919555,0.6105205699705166,stageb_only_pooled
regression,100,256,maxt,exhaustive,0.35,0.8,189,200,1,0.945,0.9037223555660872,0.9722277454479935,stageb_only_pooled
regression,100,256,maxt,exhaustive,0.5,0.0,158,500,1,0.316,0.275441471985156,0.3587507603440033,stageb_only_pooled
regression,100,256,maxt,exhaustive,0.5,0.2,83,200,1,0.415,0.3459336681807803,0.48662468561680267,stageb_only_pooled
regression,100,256,maxt,exhaustive,0.5,0.4,126,200,1,0.63,0.5590535152152594,0.6970301757287629,stageb_only_pooled
regression,100,256,maxt,exhaustive,0.5,0.8,191,200,1,0.955,0.916297311924146,0.9792195777729956,stageb_only_pooled
regression,200,16,bonferroni,adaptive,0.02,0.0,14,1500,3,0.009333333333333334,0.005111746295002836,0.015610209157282038,stageb_only_pooled
regression,200,16,bonferroni,adaptive,0.02,0.2,29,600,3,0.04833333333333333,0.03260510298859885,0.06867969714975303,stageb_only_pooled
regression,200,16,bonferroni,adaptive,0.02,0.4,233,600,3,0.3883333333333333,0.34913569722950283,0.42863580589335454,stageb_only_pooled
regression,200,16,bonferroni,adaptive,0.02,0.8,590,600,3,0.9833333333333333,0.9695635405010712,0.9919794929632011,stageb_only_pooled
regression,200,16,bonferroni,adaptive,0.05,0.0,40,1500,3,0.02666666666666667,0.019117869613299917,0.0361367406976768,stageb_only_pooled
regression,200,16,bonferroni,adaptive,0.05,0.2,65,600,3,0.10833333333333334,0.08460967582501777,0.1359907002222708,stageb_only_pooled
regression,200,16,bonferroni,adaptive,0.05,0.4,306,600,3,0.51,0.4692022122148216,0.5506989137736276,stageb_only_pooled
regression,200,16,bonferroni,adaptive,0.05,0.8,595,600,3,0.9916666666666667,0.9806606497912951,0.9972888120961433,stageb_only_pooled
regression,200,16,bonferroni,adaptive,0.1,0.0,78,1500,3,0.052,0.041317706792160895,0.06447625700489354,stageb_only_pooled
regression,200,16,bonferroni,adaptive,0.1,0.2,103,600,3,0.17166666666666666,0.14233749754189198,0.2042697606453679,stageb_only_pooled
regression,200,16,bonferroni,adaptive,0.1,0.4,359,600,3,0.5983333333333334,0.5578686897171371,0.6378252138056053,stageb_only_pooled
regression,200,16,bonferroni,adaptive,0.1,0.8,597,600,3,0.995,0.9854579578604367,0.9989676904830049,stageb_only_pooled
regression,200,16,bonferroni,adaptive,0.2,0.0,139,1500,3,0.09266666666666666,0.07846789943645417,0.10848255618265805,stageb_only_pooled
regression,200,16,bonferroni,adaptive,0.2,0.2,157,600,3,0.26166666666666666,0.22690949612824893,0.2987887948085288,stageb_only_pooled
regression,200,16,bonferroni,adaptive,0.2,0.4,424,600,3,0.7066666666666667,0.6684482248519121,0.7428364744993708,stageb_only_pooled
regression,200,16,bonferroni,adaptive,0.2,0.8,598,600,3,0.9966666666666667,0.9880111660413475,0.9995960626395574,stageb_only_pooled
regression,200,16,bonferroni,adaptive,0.35,0.0,148,1000,2,0.148,0.12655273282842236,0.17154243829517657,stageb_only_pooled
regression,200,16,bonferroni,adaptive,0.35,0.2,139,400,2,0.3475,0.3008657444106459,0.39641012273539245,stageb_only_pooled
regression,200,16,bonferroni,adaptive,0.35,0.4,308,400,2,0.77,0.7255919087673361,0.8103611795952969,stageb_only_pooled
regression,200,16,bonferroni,adaptive,0.35,0.8,399,400,2,0.9975,0.9861502300379867,0.9999367074830952,stageb_only_pooled
regression,200,16,bonferroni,adaptive,0.5,0.0,162,1000,2,0.162,0.13968511158457797,0.18632465492476885,stageb_only_pooled
regression,200,16,bonferroni,adaptive,0.5,0.2,153,400,2,0.3825,0.3346476370455121,0.43210472543024175,stageb_only_pooled
regression,200,16,bonferroni,adaptive,0.5,0.4,315,400,2,0.7875,0.7441024798147435,0.8265837153085639,stageb_only_pooled
regression,200,16,bonferroni,adaptive,0.5,0.8,399,400,2,0.9975,0.9861502300379867,0.9999367074830952,stageb_only_pooled
regression,200,16,bonferroni,exhaustive,0.02,0.0,15,1500,3,0.01,0.0056074208232526025,0.016439920118288244,stageb_only_pooled
regression,200,16,bonferroni,exhaustive,0.02,0.2,29,600,3,0.04833333333333333,0.03260510298859885,0.06867969714975303,stageb_only_pooled
regression,200,16,bonferroni,exhaustive,0.02,0.4,233,600,3,0.3883333333333333,0.34913569722950283,0.42863580589335454,stageb_only_pooled
regression,200,16,bonferroni,exhaustive,0.02,0.8,591,600,3,0.985,0.9717169716419893,0.9931187054032118,stageb_only_pooled
regression,200,16,bonferroni,exhaustive,0.05,0.0,39,1500,3,0.026,0.01855239568494881,0.03537274562808389,stageb_only_pooled
regression,200,16,bonferroni,exhaustive,0.05,0.2,66,600,3,0.11,0.08610128128108312,0.13781462493299237,stageb_only_pooled
regression,200,16,bonferroni,exhaustive,0.05,0.4,306,600,3,0.51,0.4692022122148216,0.5506989137736276,stageb_only_pooled
regression,200,16,bonferroni,exhaustive,0.05,0.8,595,600,3,0.9916666666666667,0.9806606497912951,0.9972888120961433,stageb_only_pooled
regression,200,16,bonferroni,exhaustive,0.1,0.0,77,1500,3,0.051333333333333335,0.04072067329326439,0.06374302717022859,stageb_only_pooled
regression,200,16,bonferroni,exhaustive,0.1,0.2,104,600,3,0.17333333333333334,0.1438806184335084,0.20604293031463616,stageb_only_pooled
regression,200,16,bonferroni,exhaustive,0.1,0.4,361,600,3,0.6016666666666667,0.561239731230513,0.641087826634779,stageb_only_pooled
regression,200,16,bonferroni,exhaustive,0.1,0.8,596,600,3,0.9933333333333333,0.9830192932606833,0.9981806583658572,stageb_only_pooled
regression,200,16,bonferroni,exhaustive,0.2,0.0,139,1500,3,0.09266666666666666,0.07846789943645417,0.10848255618265805,stageb_only_pooled
regression,200,16,bonferroni,exhaustive,0.2,0.2,155,600,3,0.25833333333333336,0.22373812984665106,0.29532686616094106,stageb_only_pooled
regression,200,16,bonferroni,exhaustive,0.2,0.4,424,600,3,0.7066666666666667,0.6684482248519121,0.7428364744993708,stageb_only_pooled
regression,200,16,bonferroni,exhaustive,0.2,0.8,598,600,3,0.9966666666666667,0.9880111660413475,0.9995960626395574,stageb_only_pooled
regression,200,16,bonferroni,exhaustive,0.35,0.0,150,1000,2,0.15,0.12842481111617282,0.17365812856703589,stageb_only_pooled
regression,200,16,bonferroni,exhaustive,0.35,0.2,141,400,2,0.3525,0.30567520460529113,0.40152580390120335,stageb_only_pooled
regression,200,16,bonferroni,exhaustive,0.35,0.4,309,400,2,0.7725,0.7282300039994403,0.8126850291466597,stageb_only_pooled
regression,200,16,bonferroni,exhaustive,0.35,0.8,399,400,2,0.9975,0.9861502300379867,0.9999367074830952,stageb_only_pooled
regression,200,16,bonferroni,exhaustive,0.5,0.0,162,1000,2,0.162,0.13968511158457797,0.18632465492476885,stageb_only_pooled
regression,200,16,bonferroni,exhaustive,0.5,0.2,153,400,2,0.3825,0.3346476370455121,0.43210472543024175,stageb_only_pooled
regression,200,16,bonferroni,exhaustive,0.5,0.4,315,400,2,0.7875,0.7441024798147435,0.8265837153085639,stageb_only_pooled
regression,200,16,bonferroni,exhaustive,0.5,0.8,399,400,2,0.9975,0.9861502300379867,0.9999367074830952,stageb_only_pooled
regression,200,16,maxt,adaptive,0.02,0.0,15,1500,3,0.01,0.0056074208232526025,0.016439920118288244,stageb_only_pooled
regression,200,16,maxt,adaptive,0.02,0.2,38,600,3,0.06333333333333334,0.045204599944011443,0.08589660185670903,stageb_only_pooled
regression,200,16,maxt,adaptive,0.02,0.4,237,600,3,0.395,0.35565144872549975,0.43538734296439274,stageb_only_pooled
regression,200,16,maxt,adaptive,0.02,0.8,587,600,3,0.9783333333333334,0.9632343115655067,0.9884141744311549,stageb_only_pooled
regression,200,16,maxt,adaptive,0.05,0.0,49,1500,3,0.03266666666666666,0.024262695293828546,0.04295889359819709,stageb_only_pooled
regression,200,16,maxt,adaptive,0.05,0.2,73,600,3,0.12166666666666667,0.09659142144262026,0.1505340845516041,stageb_only_pooled
regression,200,16,maxt,adaptive,0.05,0.4,320,600,3,0.5333333333333333,0.49250084829348395,0.5738362208137084,stageb_only_pooled
regression,200,16,maxt,adaptive,0.05,0.8,595,600,3,0.9916666666666667,0.9806606497912951,0.9972888120961433,stageb_only_pooled
regression,200,16,maxt,adaptive,0.1,0.0,108,1500,3,0.072,0.05943384853916973,0.08627119225676934,stageb_only_pooled
regression,200,16,maxt,adaptive,0.1,0.2,130,600,3,0.21666666666666667,0.18433133970757878,0.2518190377475857,stageb_only_pooled
regression,200,16,maxt,adaptive,0.1,0.4,385,600,3,0.6416666666666667,0.6018417506693425,0.680089308080208,stageb_only_pooled
regression,200,16,maxt,adaptive,0.1,0.8,598,600,3,0.9966666666666667,0.9880111660413475,0.9995960626395574,stageb_only_pooled
regression,200,16,maxt,adaptive,0.2,0.0,202,1500,3,0.13466666666666666,0.11778619655666137,0.15299129283319235,stageb_only_pooled
regression,200,16,maxt,adaptive,0.2,0.2,205,600,3,0.3416666666666667,0.3037444183075429,0.38115663503798536,stageb_only_pooled
regression,200,16,maxt,adaptive,0.2,0.4,463,600,3,0.7716666666666666,0.7359530604455305,0.8046807986343846,stageb_only_pooled
regression,200,16,maxt,adaptive,0.2,0.8,598,600,3,0.9966666666666667,0.9880111660413475,0.9995960626395574,stageb_only_pooled
regression,200,16,maxt,adaptive,0.35,0.0,226,1000,2,0.226,0.20041527968213338,0.2532086028959516,stageb_only_pooled
regression,200,16,maxt,adaptive,0.35,0.2,183,400,2,0.4575,0.4079007736646155,0.5077325550309512,stageb_only_pooled
regression,200,16,maxt,adaptive,0.35,0.4,335,400,2,0.8375,0.7976245463546972,0.872290476827031,stageb_only_pooled
regression,200,16,maxt,adaptive,0.35,0.8,399,400,2,0.9975,0.9861502300379867,0.9999367074830952,stageb_only_pooled
regression,200,16,maxt,adaptive,0.5,0.0,330,1000,2,0.33,0.3008930754190064,0.3601117256539737,stageb_only_pooled
regression,200,16,maxt,adaptive,0.5,0.2,219,400,2,0.5475,0.49727418244859745,0.5970179591839688,stageb_only_pooled
regression,200,16,maxt,adaptive,0.5,0.4,350,400,2,0.875,0.8385413405693943,0.9057814853134138,stageb_only_pooled
regression,200,16,maxt,adaptive,0.5,0.8,399,400,2,0.9975,0.9861502300379867,0.9999367074830952,stageb_only_pooled
regression,200,16,maxt,exhaustive,0.02,0.0,20,1500,3,0.013333333333333334,0.008162854513771585,0.020517459360976174,stageb_only_pooled
regression,200,16,maxt,exhaustive,0.02,0.2,45,600,3,0.075,0.05522862794876565,0.0990709626297771,stageb_only_pooled
regression,200,16,maxt,exhaustive,0.02,0.4,255,600,3,0.425,0.38506532028768536,0.46567645315701023,stageb_only_pooled
regression,200,16,maxt,exhaustive,0.02,0.8,591,600,3,0.985,0.9717169716419893,0.9931187054032118,stageb_only_pooled
regression,200,16,maxt,exhaustive,0.05,0.0,57,1500,3,0.038,0.028905493346632786,0.048955357359441655,stageb_only_pooled
regression,200,16,maxt,exhaustive,0.05,0.2,87,600,3,0.145,0.11779737995620711,0.1757509994009586,stageb_only_pooled
regression,200,16,maxt,exhaustive,0.05,0.4,343,600,3,0.5716666666666667,0.530967326129478,0.6116572202123358,stageb_only_pooled
regression,200,16,maxt,exhaustive,0.05,0.8,596,600,3,0.9933333333333333,0.9830192932606833,0.9981806583658572,stageb_only_pooled
regression,200,16,maxt,exhaustive,0.1,0.0,105,1500,3,0.07,0.057606771292937786,0.08410694686062933,stageb_only_pooled
regression,200,16,maxt,exhaustive,0.1,0.2,125,600,3,0.20833333333333334,0.17650654779551003,0.24306133046527423,stageb_only_pooled
regression,200,16,maxt,exhaustive,0.1,0.4,399,600,3,0.665,0.6256584083867696,0.7027076452729157,stageb_only_pooled
regression,200,16,maxt,exhaustive,0.1,0.8,597,600,3,0.995,0.9854579578604367,0.9989676904830049,stageb_only_pooled
regression,200,16,maxt,exhaustive,0.2,0.0,208,1500,3,0.13866666666666666,0.12156441564170566,0.1571968354758515,stageb_only_pooled
regression,200,16,maxt,exhaustive,0.2,0.2,211,600,3,0.3516666666666667,0.31343806131359925,0.391363705249615,stageb_only_pooled
regression,200,16,maxt,exhaustive,0.2,0.4,471,600,3,0.785,0.7499309030015664,0.8172352326456198,stageb_only_pooled
regression,200,16,maxt,exhaustive,0.2,0.8,598,600,3,0.9966666666666667,0.9880111660413475,0.9995960626395574,stageb_only_pooled
regression,200,16,maxt,exhaustive,0.35,0.0,225,1000,2,0.225,0.1994588714511298,0.2521710001649436,stageb_only_pooled
regression,200,16,maxt,exhaustive,0.35,0.2,190,400,2,0.475,0.4251550511622552,0.5252174670630099,stageb_only_pooled
regression,200,16,maxt,exhaustive,0.35,0.4,338,400,2,0.845,0.805747095458999,0.8790507223936429,stageb_only_pooled
regression,200,16,maxt,exhaustive,0.35,0.8,399,400,2,0.9975,0.9861502300379867,0.9999367074830952,stageb_only_pooled
regression,200,16,maxt,exhaustive,0.5,0.0,322,1000,2,0.322,0.2931003763420352,0.3519518552133705,stageb_only_pooled
regression,200,16,maxt,exhaustive,0.5,0.2,217,400,2,0.5425,0.49226744496904884,0.5920992263353845,stageb_only_pooled
regression,200,16,maxt,exhaustive,0.5,0.4,352,400,2,0.88,0.8440606367550166,0.9101817952664786,stageb_only_pooled
regression,200,16,maxt,exhaustive,0.5,0.8,399,400,2,0.9975,0.9861502300379867,0.9999367074830952,stageb_only_pooled
regression,200,64,bonferroni,adaptive,0.02,0.0,10,1500,3,0.006666666666666667,0.00320141842259819,0.012225959357031082,stageb_only_pooled
regression,200,64,bonferroni,adaptive,0.02,0.2,27,600,3,0.045,0.02986147642959005,0.0647997897504542,stageb_only_pooled
regression,200,64,bonferroni,adaptive,0.02,0.4,187,600,3,0.31166666666666665,0.2747774104445258,0.3504219138000183,stageb_only_pooled
regression,200,64,bonferroni,adaptive,0.02,0.8,587,600,3,0.9783333333333334,0.9632343115655067,0.9884141744311549,stageb_only_pooled
regression,200,64,bonferroni,adaptive,0.05,0.0,25,1500,3,0.016666666666666666,0.010814080028313772,0.024505526819965057,stageb_only_pooled
regression,200,64,bonferroni,adaptive,0.05,0.2,42,600,3,0.07,0.05091223702773054,0.0934445597091623,stageb_only_pooled
regression,200,64,bonferroni,adaptive,0.05,0.4,271,600,3,0.45166666666666666,0.4113359016459784,0.49247537913432193,stageb_only_pooled
regression,200,64,bonferroni,adaptive,0.05,0.8,593,600,3,0.9883333333333333,0.976110677690205,0.9952968827291082,stageb_only_pooled
regression,200,64,bonferroni,adaptive,0.1,0.0,42,1500,3,0.028,0.020252820876314716,0.037660860443749895,stageb_only_pooled
regression,200,64,bonferroni,adaptive,0.1,0.2,66,600,3,0.11,0.08610128128108312,0.13781462493299237,stageb_only_pooled
regression,200,64,bonferroni,adaptive,0.1,0.4,319,600,3,0.5316666666666666,0.4908337720222056,0.5721864454178116,stageb_only_pooled
regression,200,64,bonferroni,adaptive,0.1,0.8,595,600,3,0.9916666666666667,0.9806606497912951,0.9972888120961433,stageb_only_pooled
regression,200,64,bonferroni,adaptive,0.2,0.0,72,1500,3,0.048,0.03774357001046964,0.060068956978351254,stageb_only_pooled
regression,200,64,bonferroni,adaptive,0.2,0.2,98,600,3,0.16333333333333333,0.1346376676743308,0.19538831489694786,stageb_only_pooled
regression,200,64,bonferroni,adaptive,0.2,0.4,368,600,3,0.6133333333333333,0.5730532690519159,0.6524920472824663,stageb_only_pooled
regression,200,64,bonferroni,adaptive,0.2,0.8,598,600,3,0.9966666666666667,0.9880111660413475,0.9995960626395574,stageb_only_pooled
regression,200,64,bonferroni,adaptive,0.35,0.0,72,1000,2,0.072,0.056758687554561725,0.08981574917535083,stageb_only_pooled
regression,200,64,bonferroni,adaptive,0.35,0.2,93,400,2,0.2325,0.19196471880938645,0.27704415995789333,stageb_only_pooled
regression,200,64,bonferroni,adaptive,0.35,0.4,271,400,2,0.6775,0.6292537905732669,0.7230956084675007,stageb_only_pooled
regression,200,64,bonferroni,adaptive,0.35,0.8,399,400,2,0.9975,0.9861502300379867,0.9999367074830952,stageb_only_pooled
regression,200,64,bonferroni,adaptive,0.5,0.0,96,1000,2,0.096,0.07845203624742243,0.11596664336287678,stageb_only_pooled
regression,200,64,bonferroni,adaptive,0.5,0.2,106,400,2,0.265,0.22237811087653786,0.31113812102772886,stageb_only_pooled
regression,200,64,bonferroni,adaptive,0.5,0.4,289,400,2,0.7225,0.675830118479378,0.765842383184516,stageb_only_pooled
regression,200,64,bonferroni,adaptive,0.5,0.8,399,400,2,0.9975,0.9861502300379867,0.9999367074830952,stageb_only_pooled
regression,200,64,bonferroni,exhaustive,0.02,0.0,10,1500,3,0.006666666666666667,0.00320141842259819,0.012225959357031082,stageb_only_pooled
regression,200,64,bonferroni,exhaustive,0.02,0.2,27,600,3,0.045,0.02986147642959005,0.0647997897504542,stageb_only_pooled
regression,200,64,bonferroni,exhaustive,0.02,0.4,190,600,3,0.31666666666666665,0.27959305493220704,0.3555565096737245,stageb_only_pooled
regression,200,64,bonferroni,exhaustive,0.02,0.8,587,600,3,0.9783333333333334,0.9632343115655067,0.9884141744311549,stageb_only_pooled
regression,200,64,bonferroni,exhaustive,0.05,0.0,26,1500,3,0.017333333333333333,0.011353155017992727,0.02529480102106567,stageb_only_pooled
regression,200,64,bonferroni,exhaustive,0.05,0.2,44,600,3,0.07333333333333333,0.05378665416692113,0.09719857887013991,stageb_only_pooled
regression,200,64,bonferroni,exhaustive,0.05,0.4,272,600,3,0.4533333333333333,0.41298165243629315,0.49414647685168345,stageb_only_pooled
regression,200,64,bonferroni,exhaustive,0.05,0.8,594,600,3,0.99,0.9783620442905984,0.9963215835543477,stageb_only_pooled
regression,200,64,bonferroni,exhaustive,0.1,0.0,42,1500,3,0.028,0.020252820876314716,0.037660860443749895,stageb_only_pooled
regression,200,64,bonferroni,exhaustive,0.1,0.2,66,600,3,0.11,0.08610128128108312,0.13781462493299237,stageb_only_pooled
regression,200,64,bonferroni,exhaustive,0.1,0.4,320,600,3,0.5333333333333333,0.49250084829348395,0.5738362208137084,stageb_only_pooled
regression,200,64,bonferroni,exhaustive,0.1,0.8,595,600,3,0.9916666666666667,0.9806606497912951,0.9972888120961433,stageb_only_pooled
regression,200,64,bonferroni,exhaustive,0.2,0.0,71,1500,3,0.04733333333333333,0.03714983582675189,0.05933248738708986,stageb_only_pooled
regression,200,64,bonferroni,exhaustive,0.2,0.2,98,600,3,0.16333333333333333,0.1346376676743308,0.19538831489694786,stageb_only_pooled
regression,200,64,bonferroni,exhaustive,0.2,0.4,372,600,3,0.62,0.5798143651812209,0.6589982176234677,stageb_only_pooled
regression,200,64,bonferroni,exhaustive,0.2,0.8,598,600,3,0.9966666666666667,0.9880111660413475,0.9995960626395574,stageb_only_pooled
regression,200,64,bonferroni,exhaustive,0.35,0.0,72,1000,2,0.072,0.056758687554561725,0.08981574917535083,stageb_only_pooled
regression,200,64,bonferroni,exhaustive,0.35,0.2,93,400,2,0.2325,0.19196471880938645,0.27704415995789333,stageb_only_pooled
regression,200,64,bonferroni,exhaustive,0.35,0.4,271,400,2,0.6775,0.6292537905732669,0.7230956084675007,stageb_only_pooled
regression,200,64,bonferroni,exhaustive,0.35,0.8,399,400,2,0.9975,0.9861502300379867,0.9999367074830952,stageb_only_pooled
regression,200,64,bonferroni,exhaustive,0.5,0.0,96,1000,2,0.096,0.07845203624742243,0.11596664336287678,stageb_only_pooled
regression,200,64,bonferroni,exhaustive,0.5,0.2,105,400,2,0.2625,0.2200274736330943,0.30852654963696446,stageb_only_pooled
regression,200,64,bonferroni,exhaustive,0.5,0.4,289,400,2,0.7225,0.675830118479378,0.765842383184516,stageb_only_pooled
regression,200,64,bonferroni,exhaustive,0.5,0.8,399,400,2,0.9975,0.9861502300379867,0.9999367074830952,stageb_only_pooled
regression,200,64,maxt,adaptive,0.02,0.0,21,1500,3,0.014,0.008686549836516655,0.02132123402357071,stageb_only_pooled
regression,200,64,maxt,adaptive,0.02,0.2,40,600,3,0.06666666666666667,0.04805123703386055,0.08967753217090249,stageb_only_pooled
regression,200,64,maxt,adaptive,0.02,0.4,239,600,3,0.3983333333333333,0.358912173365221,0.43876026876948704,stageb_only_pooled
regression,200,64,maxt,adaptive,0.02,0.8,589,600,3,0.9816666666666667,0.9674337997201626,0.9908134258475395,stageb_only_pooled
regression,200,64,maxt,adaptive,0.05,0.0,50,1500,3,0.03333333333333333,0.024839813933980732,0.04371159884020647,stageb_only_pooled
regression,200,64,maxt,adaptive,0.05,0.2,75,600,3,0.125,0.09960337181132568,0.15415370265114364,stageb_only_pooled
regression,200,64,maxt,adaptive,0.05,0.4,327,600,3,0.545,0.5041828737370617,0.5853721480555849,stageb_only_pooled
regression,200,64,maxt,adaptive,0.05,0.8,596,600,3,0.9933333333333333,0.9830192932606833,0.9981806583658572,stageb_only_pooled
regression,200,64,maxt,adaptive,0.1,0.0,108,1500,3,0.072,0.05943384853916973,0.08627119225676934,stageb_only_pooled
regression,200,64,maxt,adaptive,0.1,0.2,119,600,3,0.19833333333333333,0.16714422398684453,0.23252488950119948,stageb_only_pooled
regression,200,64,maxt,adaptive,0.1,0.4,401,600,3,0.6683333333333333,0.6290690731684312,0.7059305227456117,stageb_only_pooled
regression,200,64,maxt,adaptive,0.1,0.8,597,600,3,0.995,0.9854579578604367,0.9989676904830049,stageb_only_pooled
regression,200,64,maxt,adaptive,0.2,0.0,213,1500,3,0.142,0.12471668535161301,0.16069772264065135,stageb_only_pooled
regression,200,64,maxt,adaptive,0.2,0.2,212,600,3,0.35333333333333333,0.31505545966411913,0.39306309822405416,stageb_only_pooled
regression,200,64,maxt,adaptive,0.2,0.4,474,600,3,0.79,0.7551855136810562,0.8219301217498793,stageb_only_pooled
regression,200,64,maxt,adaptive,0.2,0.8,598,600,3,0.9966666666666667,0.9880111660413475,0.9995960626395574,stageb_only_pooled
regression,200,64,maxt,adaptive,0.35,0.0,228,1000,2,0.228,0.202328729871031,0.2552831775215669,stageb_only_pooled
regression,200,64,maxt,adaptive,0.35,0.2,193,400,2,0.4825,0.4325681000986894,0.5326926573811865,stageb_only_pooled
regression,200,64,maxt,adaptive,0.35,0.4,340,400,2,0.85,0.8111778635180942,0.8835415213926012,stageb_only_pooled
regression,200,64,maxt,adaptive,0.35,0.8,399,400,2,0.9975,0.9861502300379867,0.9999367074830952,stageb_only_pooled
regression,200,64,maxt,adaptive,0.5,0.0,318,1000,2,0.318,0.28920765506392876,0.3478683003282046,stageb_only_pooled
regression,200,64,maxt,adaptive,0.5,0.2,230,400,2,0.575,0.5248998335723469,0.6239822512451508,stageb_only_pooled
regression,200,64,maxt,adaptive,0.5,0.4,353,400,2,0.8825,0.8468267531509192,0.9123753168148571,stageb_only_pooled
regression,200,64,maxt,adaptive,0.5,0.8,399,400,2,0.9975,0.9861502300379867,0.9999367074830952,stageb_only_pooled
regression,200,64,maxt,exhaustive,0.02,0.0,22,1500,3,0.014666666666666666,0.009213741369787639,0.022121728073354073,stageb_only_pooled
regression,200,64,maxt,exhaustive,0.02,0.2,46,600,3,0.07666666666666666,0.056673648298979626,0.10094038616927739,stageb_only_pooled
regression,200,64,maxt,exhaustive,0.02,0.4,264,600,3,0.44,0.3998282489179181,0.4807651051375853,stageb_only_pooled
regression,200,64,maxt,exhaustive,0.02,0.8,594,600,3,0.99,0.9783620442905984,0.9963215835543477,stageb_only_pooled
regression,200,64,maxt,exhaustive,0.05,0.0,65,1500,3,0.043333333333333335,0.03360022480794258,0.05490112420897526,stageb_only_pooled
regression,200,64,maxt,exhaustive,0.05,0.2,91,600,3,0.15166666666666667,0.12390448763515287,0.18290826270731622,stageb_only_pooled
regression,200,64,maxt,exhaustive,0.05,0.4,351,600,3,0.585,0.5444032162274179,0.6247560339788891,stageb_only_pooled
regression,200,64,maxt,exhaustive,0.05,0.8,597,600,3,0.995,0.9854579578604367,0.9989676904830049,stageb_only_pooled
regression,200,64,maxt,exhaustive,0.1,0.0,112,1500,3,0.07466666666666667,0.06187449561659421,0.089152364213688,stageb_only_pooled
regression,200,64,maxt,exhaustive,0.1,0.2,132,600,3,0.22,0.18746685796104262,0.2553165646950065,stageb_only_pooled
regression,200,64,maxt,exhaustive,0.1,0.4,417,600,3,0.695,0.6564320014473584,0.7316356280312347,stageb_only_pooled
regression,200,64,maxt,exhaustive,0.1,0.8,598,600,3,0.9966666666666667,0.9880111660413475,0.9995960626395574,stageb_only_pooled
regression,200,64,maxt,exhaustive,0.2,0.0,215,1500,3,0.14333333333333334,0.1259785241572363,0.16209715193001595,stageb_only_pooled
regression,200,64,maxt,exhaustive,0.2,0.2,207,600,3,0.345,0.30697357407162357,0.3845610435472933,stageb_only_pooled
regression,200,64,maxt,exhaustive,0.2,0.4,474,600,3,0.79,0.7551855136810562,0.8219301217498793,stageb_only_pooled
regression,200,64,maxt,exhaustive,0.2,0.8,598,600,3,0.9966666666666667,0.9880111660413475,0.9995960626395574,stageb_only_pooled
regression,200,64,maxt,exhaustive,0.35,0.0,237,1000,2,0.237,0.2109495216531267,0.2646085430054242,stageb_only_pooled
regression,200,64,maxt,exhaustive,0.35,0.2,202,400,2,0.505,0.45487307205092786,0.5550524271401411,stageb_only_pooled
regression,200,64,maxt,exhaustive,0.35,0.4,340,400,2,0.85,0.8111778635180942,0.8835415213926012,stageb_only_pooled
regression,200,64,maxt,exhaustive,0.35,0.8,399,400,2,0.9975,0.9861502300379867,0.9999367074830952,stageb_only_pooled
regression,200,64,maxt,exhaustive,0.5,0.0,307,1000,2,0.307,0.27851538530648984,0.33662584246127214,stageb_only_pooled
regression,200,64,maxt,exhaustive,0.5,0.2,229,400,2,0.5725,0.5223821714280462,0.6215372032894608,stageb_only_pooled
regression,200,64,maxt,exhaustive,0.5,0.4,353,400,2,0.8825,0.8468267531509192,0.9123753168148571,stageb_only_pooled
regression,200,64,maxt,exhaustive,0.5,0.8,399,400,2,0.9975,0.9861502300379867,0.9999367074830952,stageb_only_pooled
regression,200,256,bonferroni,adaptive,0.02,0.0,5,1500,3,0.0033333333333333335,0.0010831828329401054,0.007761609956732434,stageb_only_pooled
regression,200,256,bonferroni,adaptive,0.02,0.2,18,600,3,0.03,0.017874802357880564,0.04699961041127929,stageb_only_pooled
regression,200,256,bonferroni,adaptive,0.02,0.4,143,600,3,0.23833333333333334,0.20476670694679266,0.2744988787884566,stageb_only_pooled
regression,200,256,bonferroni,adaptive,0.02,0.8,584,600,3,0.9733333333333334,0.9570555231544781,0.9846825606659874,stageb_only_pooled
regression,200,256,bonferroni,adaptive,0.05,0.0,12,1500,3,0.008,0.004140350842847095,0.013932651519892625,stageb_only_pooled
regression,200,256,bonferroni,adaptive,0.05,0.2,29,600,3,0.04833333333333333,0.03260510298859885,0.06867969714975303,stageb_only_pooled
regression,200,256,bonferroni,adaptive,0.05,0.4,202,600,3,0.33666666666666667,0.29890458494565736,0.3760461353794695,stageb_only_pooled
regression,200,256,bonferroni,adaptive,0.05,0.8,591,600,3,0.985,0.9717169716419893,0.9931187054032118,stageb_only_pooled
regression,200,256,bonferroni,adaptive,0.1,0.0,19,1500,3,0.012666666666666666,0.007642918539229586,0.019710167820817696,stageb_only_pooled
regression,200,256,bonferroni,adaptive,0.1,0.2,37,600,3,0.06166666666666667,0.04378699665955303,0.08400061259554074,stageb_only_pooled
regression,200,256,bonferroni,adaptive,0.1,0.4,254,600,3,0.42333333333333334,0.38342727772285484,0.4639976566341518,stageb_only_pooled
regression,200,256,bonferroni,adaptive,0.1,0.8,593,600,3,0.9883333333333333,0.976110677690205,0.9952968827291082,stageb_only_pooled
regression,200,256,bonferroni,adaptive,0.2,0.0,34,1500,3,0.02266666666666667,0.01574719303712674,0.03153139214328787,stageb_only_pooled
regression,200,256,bonferroni,adaptive,0.2,0.2,59,600,3,0.09833333333333333,0.07570032162277025,0.1250076656804646,stageb_only_pooled
regression,200,256,bonferroni,adaptive,0.2,0.4,305,600,3,0.5083333333333333,0.46754134998823144,0.5490429218007701,stageb_only_pooled
regression,200,256,bonferroni,adaptive,0.2,0.8,593,600,3,0.9883333333333333,0.976110677690205,0.9952968827291082,stageb_only_pooled
regression,200,256,bonferroni,adaptive,0.35,0.0,38,1000,2,0.038,0.027028815982983945,0.05178710362196412,stageb_only_pooled
regression,200,256,bonferroni,adaptive,0.35,0.2,62,400,2,0.155,0.1209492776063571,0.19425290454100094,stageb_only_pooled
regression,200,256,bonferroni,adaptive,0.35,0.4,239,400,2,0.5975,0.5476157756295733,0.6459305609376008,stageb_only_pooled
regression,200,256,bonferroni,adaptive,0.35,0.8,399,400,2,0.9975,0.9861502300379867,0.9999367074830952,stageb_only_pooled
regression,200,256,bonferroni,adaptive,0.5,0.0,50,1000,2,0.05,0.037335397604661764,0.06539048791549364,stageb_only_pooled
regression,200,256,bonferroni,adaptive,0.5,0.2,70,400,2,0.175,0.13903681356349204,0.21585386452401903,stageb_only_pooled
regression,200,256,bonferroni,adaptive,0.5,0.4,253,400,2,0.6325,0.5831603460686677,0.6798630695778273,stageb_only_pooled
regression,200,256,bonferroni,adaptive,0.5,0.8,399,400,2,0.9975,0.9861502300379867,0.9999367074830952,stageb_only_pooled
regression,200,256,bonferroni,exhaustive,0.02,0.0,4,1500,3,0.0026666666666666666,0.0007270400447451259,0.006813531732916779,stageb_only_pooled
regression,200,256,bonferroni,exhaustive,0.02,0.2,18,600,3,0.03,0.017874802357880564,0.04699961041127929,stageb_only_pooled
regression,200,256,bonferroni,exhaustive,0.02,0.4,142,600,3,0.23666666666666666,0.20319029894472967,0.2727586996429274,stageb_only_pooled
regression,200,256,bonferroni,exhaustive,0.02,0.8,584,600,3,0.9733333333333334,0.9570555231544781,0.9846825606659874,stageb_only_pooled
regression,200,256,bonferroni,exhaustive,0.05,0.0,13,1500,3,0.008666666666666666,0.0046224727145726405,0.01477466666740575,stageb_only_pooled
regression,200,256,bonferroni,exhaustive,0.05,0.2,29,600,3,0.04833333333333333,0.03260510298859885,0.06867969714975303,stageb_only_pooled
regression,200,256,bonferroni,exhaustive,0.05,0.4,206,600,3,0.3433333333333333,0.3053587373941435,0.38285909721476485,stageb_only_pooled
regression,200,256,bonferroni,exhaustive,0.05,0.8,590,600,3,0.9833333333333333,0.9695635405010712,0.9919794929632011,stageb_only_pooled
regression,200,256,bonferroni,exhaustive,0.1,0.0,19,1500,3,0.012666666666666666,0.007642918539229586,0.019710167820817696,stageb_only_pooled
regression,200,256,bonferroni,exhaustive,0.1,0.2,38,600,3,0.06333333333333334,0.045204599944011443,0.08589660185670903,stageb_only_pooled
regression,200,256,bonferroni,exhaustive,0.1,0.4,254,600,3,0.42333333333333334,0.38342727772285484,0.4639976566341518,stageb_only_pooled
regression,200,256,bonferroni,exhaustive,0.1,0.8,594,600,3,0.99,0.9783620442905984,0.9963215835543477,stageb_only_pooled
regression,200,256,bonferroni,exhaustive,0.2,0.0,34,1500,3,0.02266666666666667,0.01574719303712674,0.03153139214328787,stageb_only_pooled
regression,200,256,bonferroni,exhaustive,0.2,0.2,60,600,3,0.1,0.07718021115153023,0.1268430723648326,stageb_only_pooled
regression,200,256,bonferroni,exhaustive,0.2,0.4,308,600,3,0.5133333333333333,0.4725252654525831,0.554009568661072,stageb_only_pooled
regression,200,256,bonferroni,exhaustive,0.2,0.8,594,600,3,0.99,0.9783620442905984,0.9963215835543477,stageb_only_pooled
regression,200,256,bonferroni,exhaustive,0.35,0.0,38,1000,2,0.038,0.027028815982983945,0.05178710362196412,stageb_only_pooled
regression,200,256,bonferroni,exhaustive,0.35,0.2,62,400,2,0.155,0.1209492776063571,0.19425290454100094,stageb_only_pooled
regression,200,256,bonferroni,exhaustive,0.35,0.4,240,400,2,0.6,0.5501461617271668,0.6483628520036337,stageb_only_pooled
regression,200,256,bonferroni,exhaustive,0.35,0.8,399,400,2,0.9975,0.9861502300379867,0.9999367074830952,stageb_only_pooled
regression,200,256,bonferroni,exhaustive,0.5,0.0,51,1000,2,0.051,0.038205236774686166,0.06651346159493483,stageb_only_pooled
regression,200,256,bonferroni,exhaustive,0.5,0.2,72,400,2,0.18,0.1435875835189853,0.22122569809595713,stageb_only_pooled
regression,200,256,bonferroni,exhaustive,0.5,0.4,255,400,2,0.6375,0.5882594811495423,0.6846891504869104,stageb_only_pooled
regression,200,256,bonferroni,exhaustive,0.5,0.8,399,400,2,0.9975,0.9861502300379867,0.9999367074830952,stageb_only_pooled
regression,200,256,maxt,adaptive,0.02,0.0,19,1500,3,0.012666666666666666,0.007642918539229586,0.019710167820817696,stageb_only_pooled
regression,200,256,maxt,adaptive,0.02,0.2,43,600,3,0.07166666666666667,0.05234782323673621,0.09532314344396939,stageb_only_pooled
regression,200,256,maxt,adaptive,0.02,0.4,241,600,3,0.40166666666666667,0.36217478619439464,0.4421313102828629,stageb_only_pooled
regression,200,256,maxt,adaptive,0.02,0.8,589,600,3,0.9816666666666667,0.9674337997201626,0.9908134258475395,stageb_only_pooled
regression,200,256,maxt,adaptive,0.05,0.0,62,1500,3,0.04133333333333333,0.03183425005423214,0.052676792246684125,stageb_only_pooled
regression,200,256,maxt,adaptive,0.05,0.2,80,600,3,0.13333333333333333,0.10715968679952224,0.1631767316788755,stageb_only_pooled
regression,200,256,maxt,adaptive,0.05,0.4,328,600,3,0.5466666666666666,0.5058535231483166,0.5870183475637069,stageb_only_pooled
regression,200,256,maxt,adaptive,0.05,0.8,596,600,3,0.9933333333333333,0.9830192932606833,0.9981806583658572,stageb_only_pooled
regression,200,256,maxt,adaptive,0.1,0.0,114,1500,3,0.076,0.06309669423376421,0.09059109736096418,stageb_only_pooled
regression,200,256,maxt,adaptive,0.1,0.2,125,600,3,0.20833333333333334,0.17650654779551003,0.24306133046527423,stageb_only_pooled
regression,200,256,maxt,adaptive,0.1,0.4,405,600,3,0.675,0.6358967672803866,0.7123698893986955,stageb_only_pooled
regression,200,256,maxt,adaptive,0.1,0.8,597,600,3,0.995,0.9854579578604367,0.9989676904830049,stageb_only_pooled
regression,200,256,maxt,adaptive,0.2,0.0,217,1500,3,0.14466666666666667,0.12724088561127922,0.16349606152085092,stageb_only_pooled
regression,200,256,maxt,adaptive,0.2,0.2,213,600,3,0.355,0.31667336529174783,0.39476198550334674,stageb_only_pooled
regression,200,256,maxt,adaptive,0.2,0.4,480,600,3,0.8,0.7657169150757219,0.8312975296288342,stageb_only_pooled
regression,200,256,maxt,adaptive,0.2,0.8,598,600,3,0.9966666666666667,0.9880111660413475,0.9995960626395574,stageb_only_pooled
regression,200,256,maxt,adaptive,0.35,0.0,238,1000,2,0.238,0.21190840581377104,0.26564368072325606,stageb_only_pooled
regression,200,256,maxt,adaptive,0.35,0.2,191,400,2,0.4775,0.4276248463187327,0.5277104175544793,stageb_only_pooled
regression,200,256,maxt,adaptive,0.35,0.4,340,400,2,0.85,0.8111778635180942,0.8835415213926012,stageb_only_pooled
regression,200,256,maxt,adaptive,0.35,0.8,399,400,2,0.9975,0.9861502300379867,0.9999367074830952,stageb_only_pooled
regression,200,256,maxt,adaptive,0.5,0.0,324,1000,2,0.324,0.2950476484431728,0.3539927233842261,stageb_only_pooled
regression,200,256,maxt,adaptive,0.5,0.2,232,400,2,0.58,0.529938934941564,0.6288685615497802,stageb_only_pooled
regression,200,256,maxt,adaptive,0.5,0.4,354,400,2,0.885,0.8495973373768843,0.9145642527566114,stageb_only_pooled
regression,200,256,maxt,adaptive,0.5,0.8,399,400,2,0.9975,0.9861502300379867,0.9999367074830952,stageb_only_pooled
regression,200,256,maxt,exhaustive,0.02,0.0,24,1500,3,0.016,0.01027770409776163,0.023713695096128657,stageb_only_pooled
regression,200,256,maxt,exhaustive,0.02,0.2,48,600,3,0.08,0.05957246901486141,0.1046706946656102,stageb_only_pooled
regression,200,256,maxt,exhaustive,0.02,0.4,268,600,3,0.44666666666666666,0.4064013460303702,0.48745939185125775,stageb_only_pooled
regression,200,256,maxt,exhaustive,0.02,0.8,592,600,3,0.9866666666666667,0.9738977663757112,0.9942265090052641,stageb_only_pooled
regression,200,256,maxt,exhaustive,0.05,0.0,66,1500,3,0.044,0.034190238727712034,0.05564124090117087,stageb_only_pooled
regression,200,256,maxt,exhaustive,0.05,0.2,90,600,3,0.15,0.12237586406317694,0.18112076916758274,stageb_only_pooled
regression,200,256,maxt,exhaustive,0.05,0.4,355,600,3,0.5916666666666667,0.5511322288799934,0.6312943548761252,stageb_only_pooled
regression,200,256,maxt,exhaustive,0.05,0.8,598,600,3,0.9966666666666667,0.9880111660413475,0.9995960626395574,stageb_only_pooled
regression,200,256,maxt,exhaustive,0.1,0.0,120,1500,3,0.08,0.06677043503782351,0.09490023350365138,stageb_only_pooled
regression,200,256,maxt,exhaustive,0.1,0.2,129,600,3,0.215,0.18276476735438016,0.25006909699843366,stageb_only_pooled
regression,200,256,maxt,exhaustive,0.1,0.4,425,600,3,0.7083333333333334,0.6701671437627345,0.7444342688695584,stageb_only_pooled
regression,200,256,maxt,exhaustive,0.1,0.8,598,600,3,0.9966666666666667,0.9880111660413475,0.9995960626395574,stageb_only_pooled
regression,200,256,maxt,exhaustive,0.2,0.0,218,1500,3,0.14533333333333334,0.12787226044816283,0.16419532329171208,stageb_only_pooled
regression,200,256,maxt,exhaustive,0.2,0.2,210,600,3,0.35,0.3118211718888055,0.3896638049579385,stageb_only_pooled
regression,200,256,maxt,exhaustive,0.2,0.4,479,600,3,0.7983333333333333,0.7639595787945688,0.8297384162963686,stageb_only_pooled
regression,200,256,maxt,exhaustive,0.2,0.8,598,600,3,0.9966666666666667,0.9880111660413475,0.9995960626395574,stageb_only_pooled
regression,200,256,maxt,exhaustive,0.35,0.0,236,1000,2,0.236,0.2099908387686158,0.2635732048664238,stageb_only_pooled
regression,200,256,maxt,exhaustive,0.35,0.2,200,400,2,0.5,0.4499078877410119,0.5500921122589881,stageb_only_pooled
regression,200,256,maxt,exhaustive,0.35,0.4,341,400,2,0.8525,0.8138981567866328,0.8857819155110285,stageb_only_pooled
regression,200,256,maxt,exhaustive,0.35,0.8,399,400,2,0.9975,0.9861502300379867,0.9999367074830952,stageb_only_pooled
regression,200,256,maxt,exhaustive,0.5,0.0,317,1000,2,0.317,0.28823485672585186,0.34684703055890015,stageb_only_pooled
regression,200,256,maxt,exhaustive,0.5,0.2,228,400,2,0.57,0.5198657645627314,0.6190908973513103,stageb_only_pooled
regression,200,256,maxt,exhaustive,0.5,0.4,358,400,2,0.895,0.8607269465681882,0.9232714126691962,stageb_only_pooled
regression,200,256,maxt,exhaustive,0.5,0.8,399,400,2,0.9975,0.9861502300379867,0.9999367074830952,stageb_only_pooled
regression,500,16,bonferroni,adaptive,0.02,0.0,15,1500,3,0.01,0.0056074208232526025,0.016439920118288244,stageb_only_pooled
regression,500,16,bonferroni,adaptive,0.02,0.2,101,600,3,0.16833333333333333,0.13925437338252997,0.2007203382528294,stageb_only_pooled
regression,500,16,bonferroni,adaptive,0.02,0.4,503,600,3,0.8383333333333334,0.8063911808733332,0.8668990541453284,stageb_only_pooled
regression,500,16,bonferroni,adaptive,0.02,0.8,600,600,3,1.0,0.9938707286693308,1.0,stageb_only_pooled
regression,500,16,bonferroni,adaptive,0.05,0.0,39,1500,3,0.026,0.01855239568494881,0.03537274562808389,stageb_only_pooled
regression,500,16,bonferroni,adaptive,0.05,0.2,150,600,3,0.25,0.21582135971662667,0.28666047073396517,stageb_only_pooled
regression,500,16,bonferroni,adaptive,0.05,0.4,542,600,3,0.9033333333333333,0.8768298024747042,0.9257774617124157,stageb_only_pooled
regression,500,16,bonferroni,adaptive,0.05,0.8,600,600,3,1.0,0.9938707286693308,1.0,stageb_only_pooled
regression,500,16,bonferroni,adaptive,0.1,0.0,69,1500,3,0.046,0.03596414474063997,0.057857804740534126,stageb_only_pooled
regression,500,16,bonferroni,adaptive,0.1,0.2,195,600,3,0.325,0.2876301106013045,0.36410323271961337,stageb_only_pooled
regression,500,16,bonferroni,adaptive,0.1,0.4,567,600,3,0.945,0.9236235234824541,0.9618417498704462,stageb_only_pooled
regression,500,16,bonferroni,adaptive,0.1,0.8,600,600,3,1.0,0.9938707286693308,1.0,stageb_only_pooled
regression,500,16,bonferroni,adaptive,0.2,0.0,138,1500,3,0.092,0.07785001986543447,0.10776989869333763,stageb_only_pooled
regression,500,16,bonferroni,adaptive,0.2,0.2,265,600,3,0.44166666666666665,0.40147084555800694,0.4824393536883991,stageb_only_pooled
regression,500,16,bonferroni,adaptive,0.2,0.4,580,600,3,0.9666666666666667,0.9489873475634752,0.9795225760997937,stageb_only_pooled
regression,500,16,bonferroni,adaptive,0.2,0.8,600,600,3,1.0,0.9938707286693308,1.0,stageb_only_pooled
regression,500,16,bonferroni,adaptive,0.35,0.0,144,1000,2,0.144,0.12281275110751591,0.16730691681579113,stageb_only_pooled
regression,500,16,bonferroni,adaptive,0.35,0.2,215,400,2,0.5375,0.4872656269408889,0.5871755679108789,stageb_only_pooled
regression,500,16,bonferroni,adaptive,0.35,0.4,391,400,2,0.9775,0.9577189699633272,0.9896611490413162,stageb_only_pooled
regression,500,16,bonferroni,adaptive,0.35,0.8,400,400,2,1.0,0.9908201954163347,1.0,stageb_only_pooled
regression,500,16,bonferroni,adaptive,0.5,0.0,180,1000,2,0.18,0.15665810167101404,0.2052424940277865,stageb_only_pooled
regression,500,16,bonferroni,adaptive,0.5,0.2,226,400,2,0.565,0.5148367060596162,0.6141945225463443,stageb_only_pooled
regression,500,16,bonferroni,adaptive,0.5,0.4,394,400,2,0.985,0.967638705519225,0.9944758904954193,stageb_only_pooled
regression,500,16,bonferroni,adaptive,0.5,0.8,400,400,2,1.0,0.9908201954163347,1.0,stageb_only_pooled
regression,500,16,bonferroni,exhaustive,0.02,0.0,16,1500,3,0.010666666666666666,0.006108868903649251,0.01726434063763466,stageb_only_pooled
regression,500,16,bonferroni,exhaustive,0.02,0.2,102,600,3,0.17,0.14079541181637076,0.20249556724008794,stageb_only_pooled
regression,500,16,bonferroni,exhaustive,0.02,0.4,505,600,3,0.8416666666666667,0.8099534843737163,0.8699691457048411,stageb_only_pooled
regression,500,16,bonferroni,exhaustive,0.02,0.8,600,600,3,1.0,0.9938707286693308,1.0,stageb_only_pooled
regression,500,16,bonferroni,exhaustive,0.05,0.0,39,1500,3,0.026,0.01855239568494881,0.03537274562808389,stageb_only_pooled
regression,500,16,bonferroni,exhaustive,0.05,0.2,152,600,3,0.25333333333333335,0.21898604992312673,0.2901290340877973,stageb_only_pooled
regression,500,16,bonferroni,exhaustive,0.05,0.4,542,600,3,0.9033333333333333,0.8768298024747042,0.9257774617124157,stageb_only_pooled
regression,500,16,bonferroni,exhaustive,0.05,0.8,600,600,3,1.0,0.9938707286693308,1.0,stageb_only_pooled
regression,500,16,bonferroni,exhaustive,0.1,0.0,71,1500,3,0.04733333333333333,0.03714983582675189,0.05933248738708986,stageb_only_pooled
regression,500,16,bonferroni,exhaustive,0.1,0.2,197,600,3,0.3283333333333333,0.29084872372810844,0.3675181459324119,stageb_only_pooled
regression,500,16,bonferroni,exhaustive,0.1,0.4,567,600,3,0.945,0.9236235234824541,0.9618417498704462,stageb_only_pooled
regression,500,16,bonferroni,exhaustive,0.1,0.8,600,600,3,1.0,0.9938707286693308,1.0,stageb_only_pooled
regression,500,16,bonferroni,exhaustive,0.2,0.0,140,1500,3,0.09333333333333334,0.07908600974903801,0.10919498508265041,stageb_only_pooled
regression,500,16,bonferroni,exhaustive,0.2,0.2,264,600,3,0.44,0.3998282489179181,0.4807651051375853,stageb_only_pooled
regression,500,16,bonferroni,exhaustive,0.2,0.4,580,600,3,0.9666666666666667,0.9489873475634752,0.9795225760997937,stageb_only_pooled
regression,500,16,bonferroni,exhaustive,0.2,0.8,600,600,3,1.0,0.9938707286693308,1.0,stageb_only_pooled
regression,500,16,bonferroni,exhaustive,0.35,0.0,144,1000,2,0.144,0.12281275110751591,0.16730691681579113,stageb_only_pooled
regression,500,16,bonferroni,exhaustive,0.35,0.2,215,400,2,0.5375,0.4872656269408889,0.5871755679108789,stageb_only_pooled
regression,500,16,bonferroni,exhaustive,0.35,0.4,391,400,2,0.9775,0.9577189699633272,0.9896611490413162,stageb_only_pooled
regression,500,16,bonferroni,exhaustive,0.35,0.8,400,400,2,1.0,0.9908201954163347,1.0,stageb_only_pooled
regression,500,16,bonferroni,exhaustive,0.5,0.0,180,1000,2,0.18,0.15665810167101404,0.2052424940277865,stageb_only_pooled
regression,500,16,bonferroni,exhaustive,0.5,0.2,226,400,2,0.565,0.5148367060596162,0.6141945225463443,stageb_only_pooled
regression,500,16,bonferroni,exhaustive,0.5,0.4,394,400,2,0.985,0.967638705519225,0.9944758904954193,stageb_only_pooled
regression,500,16,bonferroni,exhaustive,0.5,0.8,400,400,2,1.0,0.9908201954163347,1.0,stageb_only_pooled
regression,500,16,maxt,adaptive,0.02,0.0,20,1500,3,0.013333333333333334,0.008162854513771585,0.020517459360976174,stageb_only_pooled
regression,500,16,maxt,adaptive,0.02,0.2,90,600,3,0.15,0.12237586406317694,0.18112076916758274,stageb_only_pooled
regression,500,16,maxt,adaptive,0.02,0.4,495,600,3,0.825,0.7921849121887271,0.854575237342696,stageb_only_pooled
regression,500,16,maxt,adaptive,0.02,0.8,600,600,3,1.0,0.9938707286693308,1.0,stageb_only_pooled
regression,500,16,maxt,adaptive,0.05,0.0,47,1500,3,0.03133333333333333,0.023111501734855006,0.04145052352390676,stageb_only_pooled
regression,500,16,maxt,adaptive,0.05,0.2,153,600,3,0.255,0.2205694083167629,0.2918623088790544,stageb_only_pooled
regression,500,16,maxt,adaptive,0.05,0.4,551,600,3,0.9183333333333333,0.8934682601789284,0.9389738988506496,stageb_only_pooled
regression,500,16,maxt,adaptive,0.05,0.8,600,600,3,1.0,0.9938707286693308,1.0,stageb_only_pooled
regression,500,16,maxt,adaptive,0.1,0.0,98,1500,3,0.06533333333333333,0.05335567221309825,0.07904511450039461,stageb_only_pooled
regression,500,16,maxt,adaptive,0.1,0.2,219,600,3,0.365,0.3263913629441394,0.40494477707103566,stageb_only_pooled
regression,500,16,maxt,adaptive,0.1,0.4,577,600,3,0.9616666666666667,0.9430344466125399,0.9755475363874965,stageb_only_pooled
regression,500,16,maxt,adaptive,0.1,0.8,600,600,3,1.0,0.9938707286693308,1.0,stageb_only_pooled
regression,500,16,maxt,adaptive,0.2,0.0,204,1500,3,0.136,0.11904504685827356,0.1543936931098373,stageb_only_pooled
regression,500,16,maxt,adaptive,0.2,0.2,301,600,3,0.5016666666666667,0.4609023288128602,0.5424145256025061,stageb_only_pooled
regression,500,16,maxt,adaptive,0.2,0.4,586,600,3,0.9766666666666667,0.9611602813980796,0.9871860969628846,stageb_only_pooled
regression,500,16,maxt,adaptive,0.2,0.8,600,600,3,1.0,0.9938707286693308,1.0,stageb_only_pooled
regression,500,16,maxt,adaptive,0.35,0.0,235,1000,2,0.235,0.2090323580446215,0.26253766543135415,stageb_only_pooled
regression,500,16,maxt,adaptive,0.35,0.2,254,400,2,0.635,0.5857092334541838,0.6822767930661617,stageb_only_pooled
regression,500,16,maxt,adaptive,0.35,0.4,397,400,2,0.9925,0.978239331485583,0.9984506410500943,stageb_only_pooled
regression,500,16,maxt,adaptive,0.35,0.8,400,400,2,1.0,0.9908201954163347,1.0,stageb_only_pooled
regression,500,16,maxt,adaptive,0.5,0.0,301,1000,2,0.301,0.272691243879332,0.33048560805544913,stageb_only_pooled
regression,500,16,maxt,adaptive,0.5,0.2,285,400,2,0.7125,0.6654351555247282,0.7563880864633771,stageb_only_pooled
regression,500,16,maxt,adaptive,0.5,0.4,398,400,2,0.995,0.9820558553944145,0.9993939021906778,stageb_only_pooled
regression,500,16,maxt,adaptive,0.5,0.8,400,400,2,1.0,0.9908201954163347,1.0,stageb_only_pooled
regression,500,16,maxt,exhaustive,0.02,0.0,21,1500,3,0.014,0.008686549836516655,0.02132123402357071,stageb_only_pooled
regression,500,16,maxt,exhaustive,0.02,0.2,111,600,3,0.185,0.15471048970528364,0.21842739133879838,stageb_only_pooled
regression,500,16,maxt,exhaustive,0.02,0.4,515,600,3,0.8583333333333333,0.8278350930411581,0.8852486109718859,stageb_only_pooled
regression,500,16,maxt,exhaustive,0.02,0.8,600,600,3,1.0,0.9938707286693308,1.0,stageb_only_pooled
regression,500,16,maxt,exhaustive,0.05,0.0,48,1500,3,0.032,0.023686581037512654,0.04220521154185407,stageb_only_pooled
regression,500,16,maxt,exhaustive,0.05,0.2,170,600,3,0.2833333333333333,0.2475856748397604,0.32122939032686965,stageb_only_pooled
regression,500,16,maxt,exhaustive,0.05,0.4,554,600,3,0.9233333333333333,0.8990596138307226,0.9433263517010204,stageb_only_pooled
regression,500,16,maxt,exhaustive,0.05,0.8,600,600,3,1.0,0.9938707286693308,1.0,stageb_only_pooled
regression,500,16,maxt,exhaustive,0.1,0.0,99,1500,3,0.066,0.05396189365961604,0.07976929759143356,stageb_only_pooled
regression,500,16,maxt,exhaustive,0.1,0.2,230,600,3,0.38333333333333336,0.34425390364668235,0.4235671444699169,stageb_only_pooled
regression,500,16,maxt,exhaustive,0.1,0.4,576,600,3,0.96,0.9410657198122274,0.9742060069863576,stageb_only_pooled
regression,500,16,maxt,exhaustive,0.1,0.8,600,600,3,1.0,0.9938707286693308,1.0,stageb_only_pooled
regression,500,16,maxt,exhaustive,0.2,0.0,201,1500,3,0.134,0.11715698296790233,0.15228988241756117,stageb_only_pooled
regression,500,16,maxt,exhaustive,0.2,0.2,308,600,3,0.5133333333333333,0.4725252654525831,0.554009568661072,stageb_only_pooled
regression,500,16,maxt,exhaustive,0.2,0.4,587,600,3,0.9783333333333334,0.9632343115655067,0.9884141744311549,stageb_only_pooled
regression,500,16,maxt,exhaustive,0.2,0.8,600,600,3,1.0,0.9938707286693308,1.0,stageb_only_pooled
regression,500,16,maxt,exhaustive,0.35,0.0,223,1000,2,0.223,0.1975466937231171,0.25009515891503503,stageb_only_pooled
regression,500,16,maxt,exhaustive,0.35,0.2,256,400,2,0.64,0.590811095091498,0.6871001357539597,stageb_only_pooled
regression,500,16,maxt,exhaustive,0.35,0.4,396,400,2,0.99,0.9745951990926638,0.9972688040287571,stageb_only_pooled
regression,500,16,maxt,exhaustive,0.35,0.8,400,400,2,1.0,0.9908201954163347,1.0,stageb_only_pooled
regression,500,16,maxt,exhaustive,0.5,0.0,302,1000,2,0.302,0.2736615359459944,0.3315093775414458,stageb_only_pooled
regression,500,16,maxt,exhaustive,0.5,0.2,292,400,2,0.73,0.6836440009316515,0.7729153041183727,stageb_only_pooled
regression,500,16,maxt,exhaustive,0.5,0.4,398,400,2,0.995,0.9820558553944145,0.9993939021906778,stageb_only_pooled
regression,500,16,maxt,exhaustive,0.5,0.8,400,400,2,1.0,0.9908201954163347,1.0,stageb_only_pooled
regression,500,64,bonferroni,adaptive,0.02,0.0,8,1500,3,0.005333333333333333,0.00230528246677165,0.010481612626419612,stageb_only_pooled
regression,500,64,bonferroni,adaptive,0.02,0.2,81,600,3,0.135,0.1086752856738144,0.1649770682106242,stageb_only_pooled
regression,500,64,bonferroni,adaptive,0.02,0.4,506,600,3,0.8433333333333334,0.8117363199791112,0.8715024868702768,stageb_only_pooled
regression,500,64,bonferroni,adaptive,0.02,0.8,600,600,3,1.0,0.9938707286693308,1.0,stageb_only_pooled
regression,500,64,bonferroni,adaptive,0.05,0.0,23,1500,3,0.015333333333333332,0.009744195585338136,0.022919152169612367,stageb_only_pooled
regression,500,64,bonferroni,adaptive,0.05,0.2,119,600,3,0.19833333333333333,0.16714422398684453,0.23252488950119948,stageb_only_pooled
regression,500,64,bonferroni,adaptive,0.05,0.4,543,600,3,0.905,0.8786693790706532,0.9272530899854504,stageb_only_pooled
regression,500,64,bonferroni,adaptive,0.05,0.8,600,600,3,1.0,0.9938707286693308,1.0,stageb_only_pooled
regression,500,64,bonferroni,adaptive,0.1,0.0,38,1500,3,0.025333333333333333,0.017988323208082947,0.03460739720024799,stageb_only_pooled
regression,500,64,bonferroni,adaptive,0.1,0.2,158,600,3,0.2633333333333333,0.22849616073450643,0.3005187835394663,stageb_only_pooled
regression,500,64,bonferroni,adaptive,0.1,0.4,560,600,3,0.9333333333333333,0.9103224678290975,0.9519487629661394,stageb_only_pooled
regression,500,64,bonferroni,adaptive,0.1,0.8,600,600,3,1.0,0.9938707286693308,1.0,stageb_only_pooled
regression,500,64,bonferroni,adaptive,0.2,0.0,72,1500,3,0.048,0.03774357001046964,0.060068956978351254,stageb_only_pooled
regression,500,64,bonferroni,adaptive,0.2,0.2,210,600,3,0.35,0.3118211718888055,0.3896638049579385,stageb_only_pooled
regression,500,64,bonferroni,adaptive,0.2,0.4,579,600,3,0.965,0.946994756780849,0.9782063780344927,stageb_only_pooled
regression,500,64,bonferroni,adaptive,0.2,0.8,600,600,3,1.0,0.9938707286693308,1.0,stageb_only_pooled
regression,500,64,bonferroni,adaptive,0.35,0.0,72,1000,2,0.072,0.056758687554561725,0.08981574917535083,stageb_only_pooled
regression,500,64,bonferroni,adaptive,0.35,0.2,173,400,2,0.4325,0.38335666378820826,0.4826493897021147,stageb_only_pooled
regression,500,64,bonferroni,adaptive,0.35,0.4,389,400,2,0.9725,0.9513284510919109,0.9861938697657968,stageb_only_pooled
regression,500,64,bonferroni,adaptive,0.35,0.8,400,400,2,1.0,0.9908201954163347,1.0,stageb_only_pooled
regression,500,64,bonferroni,adaptive,0.5,0.0,91,1000,2,0.091,0.07389912994247977,0.11055149410186921,stageb_only_pooled
regression,500,64,bonferroni,adaptive,0.5,0.2,183,400,2,0.4575,0.4079007736646155,0.5077325550309512,stageb_only_pooled
regression,500,64,bonferroni,adaptive,0.5,0.4,391,400,2,0.9775,0.9577189699633272,0.9896611490413162,stageb_only_pooled
regression,500,64,bonferroni,adaptive,0.5,0.8,400,400,2,1.0,0.9908201954163347,1.0,stageb_only_pooled
regression,500,64,bonferroni,exhaustive,0.02,0.0,10,1500,3,0.006666666666666667,0.00320141842259819,0.012225959357031082,stageb_only_pooled
regression,500,64,bonferroni,exhaustive,0.02,0.2,81,600,3,0.135,0.1086752856738144,0.1649770682106242,stageb_only_pooled
regression,500,64,bonferroni,exhaustive,0.02,0.4,508,600,3,0.8466666666666667,0.815305431362537,0.874565685665855,stageb_only_pooled
regression,500,64,bonferroni,exhaustive,0.02,0.8,600,600,3,1.0,0.9938707286693308,1.0,stageb_only_pooled
regression,500,64,bonferroni,exhaustive,0.05,0.0,24,1500,3,0.016,0.01027770409776163,0.023713695096128657,stageb_only_pooled
regression,500,64,bonferroni,exhaustive,0.05,0.2,121,600,3,0.20166666666666666,0.17026158370363145,0.2360404212054312,stageb_only_pooled
regression,500,64,bonferroni,exhaustive,0.05,0.4,545,600,3,0.9083333333333333,0.8823550556775772,0.9301976750721462,stageb_only_pooled
regression,500,64,bonferroni,exhaustive,0.05,0.8,600,600,3,1.0,0.9938707286693308,1.0,stageb_only_pooled
regression,500,64,bonferroni,exhaustive,0.1,0.0,39,1500,3,0.026,0.01855239568494881,0.03537274562808389,stageb_only_pooled
regression,500,64,bonferroni,exhaustive,0.1,0.2,160,600,3,0.26666666666666666,0.2316714328607357,0.3039768295023201,stageb_only_pooled
regression,500,64,bonferroni,exhaustive,0.1,0.4,559,600,3,0.9316666666666666,0.9084372745970718,0.9505199965376978,stageb_only_pooled
regression,500,64,bonferroni,exhaustive,0.1,0.8,600,600,3,1.0,0.9938707286693308,1.0,stageb_only_pooled
regression,500,64,bonferroni,exhaustive,0.2,0.0,72,1500,3,0.048,0.03774357001046964,0.060068956978351254,stageb_only_pooled
regression,500,64,bonferroni,exhaustive,0.2,0.2,210,600,3,0.35,0.3118211718888055,0.3896638049579385,stageb_only_pooled
regression,500,64,bonferroni,exhaustive,0.2,0.4,579,600,3,0.965,0.946994756780849,0.9782063780344927,stageb_only_pooled
regression,500,64,bonferroni,exhaustive,0.2,0.8,600,600,3,1.0,0.9938707286693308,1.0,stageb_only_pooled
regression,500,64,bonferroni,exhaustive,0.35,0.0,74,1000,2,0.074,0.05854944426065261,0.0920117360142491,stageb_only_pooled
regression,500,64,bonferroni,exhaustive,0.35,0.2,174,400,2,0.435,0.3858054774536557,0.4851632939403838,stageb_only_pooled
regression,500,64,bonferroni,exhaustive,0.35,0.4,390,400,2,0.975,0.95450572070122,0.9879478798868141,stageb_only_pooled
regression,500,64,bonferroni,exhaustive,0.35,0.8,400,400,2,1.0,0.9908201954163347,1.0,stageb_only_pooled
regression,500,64,bonferroni,exhaustive,0.5,0.0,92,1000,2,0.092,0.07480844517785545,0.11163577251831969,stageb_only_pooled
regression,500,64,bonferroni,exhaustive,0.5,0.2,184,400,2,0.46,0.4103619879788816,0.510234078224028,stageb_only_pooled
regression,500,64,bonferroni,exhaustive,0.5,0.4,391,400,2,0.9775,0.9577189699633272,0.9896611490413162,stageb_only_pooled
regression,500,64,bonferroni,exhaustive,0.5,0.8,400,400,2,1.0,0.9908201954163347,1.0,stageb_only_pooled
regression,500,64,maxt,adaptive,0.02,0.0,24,1500,3,0.016,0.01027770409776163,0.023713695096128657,stageb_only_pooled
regression,500,64,maxt,adaptive,0.02,0.2,97,600,3,0.16166666666666665,0.13310094585467155,0.19360881912666686,stageb_only_pooled
regression,500,64,maxt,adaptive,0.02,0.4,525,600,3,0.875,0.8458462973488563,0.9003966281886743,stageb_only_pooled
regression,500,64,maxt,adaptive,0.02,0.8,600,600,3,1.0,0.9938707286693308,1.0,stageb_only_pooled
regression,500,64,maxt,adaptive,0.05,0.0,44,1500,3,0.029333333333333333,0.02139280444940406,0.039180108670076284,stageb_only_pooled
regression,500,64,maxt,adaptive,0.05,0.2,156,600,3,0.26,0.22532348447466152,0.2970581570174931,stageb_only_pooled
regression,500,64,maxt,adaptive,0.05,0.4,562,600,3,0.9366666666666666,0.914103398143291,0.9547954000559885,stageb_only_pooled
regression,500,64,maxt,adaptive,0.05,0.8,600,600,3,1.0,0.9938707286693308,1.0,stageb_only_pooled
regression,500,64,maxt,adaptive,0.1,0.0,94,1500,3,0.06266666666666666,0.05093457162463002,0.0761446488919094,stageb_only_pooled
regression,500,64,maxt,adaptive,0.1,0.2,222,600,3,0.37,0.3312570846039572,0.4100294693308388,stageb_only_pooled
regression,500,64,maxt,adaptive,0.1,0.4,577,600,3,0.9616666666666667,0.9430344466125399,0.9755475363874965,stageb_only_pooled
regression,500,64,maxt,adaptive,0.1,0.8,600,600,3,1.0,0.9938707286693308,1.0,stageb_only_pooled
regression,500,64,maxt,adaptive,0.2,0.0,202,1500,3,0.13466666666666666,0.11778619655666137,0.15299129283319235,stageb_only_pooled
regression,500,64,maxt,adaptive,0.2,0.2,307,600,3,0.5116666666666667,0.47086351734007204,0.5523544627614081,stageb_only_pooled
regression,500,64,maxt,adaptive,0.2,0.4,587,600,3,0.9783333333333334,0.9632343115655067,0.9884141744311549,stageb_only_pooled
regression,500,64,maxt,adaptive,0.2,0.8,600,600,3,1.0,0.9938707286693308,1.0,stageb_only_pooled
regression,500,64,maxt,adaptive,0.35,0.0,224,1000,2,0.224,0.1985026757937927,0.2511331858385404,stageb_only_pooled
regression,500,64,maxt,adaptive,0.35,0.2,264,400,2,0.66,0.6112739562844376,0.706337836679156,stageb_only_pooled
regression,500,64,maxt,adaptive,0.35,0.4,397,400,2,0.9925,0.978239331485583,0.9984506410500943,stageb_only_pooled
regression,500,64,maxt,adaptive,0.35,0.8,400,400,2,1.0,0.9908201954163347,1.0,stageb_only_pooled
regression,500,64,maxt,adaptive,0.5,0.0,311,1000,2,0.311,0.28240130538824093,0.34071618137621124,stageb_only_pooled
regression,500,64,maxt,adaptive,0.5,0.2,293,400,2,0.7325,0.6862520676736651,0.7752694763999539,stageb_only_pooled
regression,500,64,maxt,adaptive,0.5,0.4,399,400,2,0.9975,0.9861502300379867,0.9999367074830952,stageb_only_pooled
regression,500,64,maxt,adaptive,0.5,0.8,400,400,2,1.0,0.9908201954163347,1.0,stageb_only_pooled
regression,500,64,maxt,exhaustive,0.02,0.0,23,1500,3,0.015333333333333332,0.009744195585338136,0.022919152169612367,stageb_only_pooled
regression,500,64,maxt,exhaustive,0.02,0.2,111,600,3,0.185,0.15471048970528364,0.21842739133879838,stageb_only_pooled
regression,500,64,maxt,exhaustive,0.02,0.4,539,600,3,0.8983333333333333,0.8713235373546029,0.9213378399847968,stageb_only_pooled
regression,500,64,maxt,exhaustive,0.02,0.8,600,600,3,1.0,0.9938707286693308,1.0,stageb_only_pooled
regression,500,64,maxt,exhaustive,0.05,0.0,50,1500,3,0.03333333333333333,0.024839813933980732,0.04371159884020647,stageb_only_pooled
regression,500,64,maxt,exhaustive,0.05,0.2,180,600,3,0.3,0.2635605475631344,0.33842163411774195,stageb_only_pooled
regression,500,64,maxt,exhaustive,0.05,0.4,569,600,3,0.9483333333333334,0.9274620440068889,0.9646286192318468,stageb_only_pooled
regression,500,64,maxt,exhaustive,0.05,0.8,600,600,3,1.0,0.9938707286693308,1.0,stageb_only_pooled
regression,500,64,maxt,exhaustive,0.1,0.0,88,1500,3,0.058666666666666666,0.04731491366838641,0.07178212908672174,stageb_only_pooled
regression,500,64,maxt,exhaustive,0.1,0.2,245,600,3,0.4083333333333333,0.3687056451238748,0.4488677711200066,stageb_only_pooled
regression,500,64,maxt,exhaustive,0.1,0.4,580,600,3,0.9666666666666667,0.9489873475634752,0.9795225760997937,stageb_only_pooled
regression,500,64,maxt,exhaustive,0.1,0.8,600,600,3,1.0,0.9938707286693308,1.0,stageb_only_pooled
regression,500,64,maxt,exhaustive,0.2,0.0,200,1500,3,0.13333333333333333,0.11652791160699422,0.15158833064460692,stageb_only_pooled
regression,500,64,maxt,exhaustive,0.2,0.2,315,600,3,0.525,0.48416991643380103,0.5655828917241268,stageb_only_pooled
regression,500,64,maxt,exhaustive,0.2,0.4,588,600,3,0.98,0.9653248403139203,0.9896240465167927,stageb_only_pooled
regression,500,64,maxt,exhaustive,0.2,0.8,600,600,3,1.0,0.9938707286693308,1.0,stageb_only_pooled
regression,500,64,maxt,exhaustive,0.35,0.0,235,1000,2,0.235,0.2090323580446215,0.26253766543135415,stageb_only_pooled
regression,500,64,maxt,exhaustive,0.35,0.2,262,400,2,0.655,0.6061498222178268,0.701536871101427,stageb_only_pooled
regression,500,64,maxt,exhaustive,0.35,0.4,397,400,2,0.9925,0.978239331485583,0.9984506410500943,stageb_only_pooled
regression,500,64,maxt,exhaustive,0.35,0.8,400,400,2,1.0,0.9908201954163347,1.0,stageb_only_pooled
regression,500,64,maxt,exhaustive,0.5,0.0,315,1000,2,0.315,0.2862897211323971,0.34480403108320407,stageb_only_pooled
regression,500,64,maxt,exhaustive,0.5,0.2,292,400,2,0.73,0.6836440009316515,0.7729153041183727,stageb_only_pooled
regression,500,64,maxt,exhaustive,0.5,0.4,398,400,2,0.995,0.9820558553944145,0.9993939021906778,stageb_only_pooled
regression,500,64,maxt,exhaustive,0.5,0.8,400,400,2,1.0,0.9908201954163347,1.0,stageb_only_pooled
regression,500,256,bonferroni,adaptive,0.02,0.0,3,1500,3,0.002,0.0004126381429006493,0.005833621858616864,stageb_only_pooled
regression,500,256,bonferroni,adaptive,0.02,0.2,47,600,3,0.07833333333333334,0.05812162409921535,0.10280693612376407,stageb_only_pooled
regression,500,256,bonferroni,adaptive,0.02,0.4,458,600,3,0.7633333333333333,0.7272413003570726,0.7968097010552704,stageb_only_pooled
regression,500,256,bonferroni,adaptive,0.02,0.8,600,600,3,1.0,0.9938707286693308,1.0,stageb_only_pooled
regression,500,256,bonferroni,adaptive,0.05,0.0,8,1500,3,0.005333333333333333,0.00230528246677165,0.010481612626419612,stageb_only_pooled
regression,500,256,bonferroni,adaptive,0.05,0.2,81,600,3,0.135,0.1086752856738144,0.1649770682106242,stageb_only_pooled
regression,500,256,bonferroni,adaptive,0.05,0.4,501,600,3,0.835,0.8028332753222108,0.863824511589206,stageb_only_pooled
regression,500,256,bonferroni,adaptive,0.05,0.8,600,600,3,1.0,0.9938707286693308,1.0,stageb_only_pooled
regression,500,256,bonferroni,adaptive,0.1,0.0,18,1500,3,0.012,0.007127040201040334,0.01889909294235668,stageb_only_pooled
regression,500,256,bonferroni,adaptive,0.1,0.2,107,600,3,0.17833333333333334,0.14851607516728646,0.21135641118180315,stageb_only_pooled
regression,500,256,bonferroni,adaptive,0.1,0.4,535,600,3,0.8916666666666667,0.8640092997777292,0.9153903241749822,stageb_only_pooled
regression,500,256,bonferroni,adaptive,0.1,0.8,600,600,3,1.0,0.9938707286693308,1.0,stageb_only_pooled
regression,500,256,bonferroni,adaptive,0.2,0.0,33,1500,3,0.022,0.015191023102596256,0.03075843524256172,stageb_only_pooled
regression,500,256,bonferroni,adaptive,0.2,0.2,141,600,3,0.235,0.20161461323591578,0.271017803280984,stageb_only_pooled
regression,500,256,bonferroni,adaptive,0.2,0.4,559,600,3,0.9316666666666666,0.9084372745970718,0.9505199965376978,stageb_only_pooled
regression,500,256,bonferroni,adaptive,0.2,0.8,600,600,3,1.0,0.9938707286693308,1.0,stageb_only_pooled
regression,500,256,bonferroni,adaptive,0.35,0.0,29,1000,2,0.029,0.01950593732438462,0.041384719116401916,stageb_only_pooled
regression,500,256,bonferroni,adaptive,0.35,0.2,120,400,2,0.3,0.2554667280953098,0.34752187907364973,stageb_only_pooled
regression,500,256,bonferroni,adaptive,0.35,0.4,380,400,2,0.95,0.9238330272448575,0.9691947588567341,stageb_only_pooled
regression,500,256,bonferroni,adaptive,0.35,0.8,400,400,2,1.0,0.9908201954163347,1.0,stageb_only_pooled
regression,500,256,bonferroni,adaptive,0.5,0.0,46,1000,2,0.046,0.03387149854767792,0.06088355271374265,stageb_only_pooled
regression,500,256,bonferroni,adaptive,0.5,0.2,139,400,2,0.3475,0.3008657444106459,0.39641012273539245,stageb_only_pooled
regression,500,256,bonferroni,adaptive,0.5,0.4,385,400,2,0.9625,0.9389030233760993,0.9788623252156511,stageb_only_pooled
regression,500,256,bonferroni,adaptive,0.5,0.8,400,400,2,1.0,0.9908201954163347,1.0,stageb_only_pooled
regression,500,256,bonferroni,exhaustive,0.02,0.0,3,1500,3,0.002,0.0004126381429006493,0.005833621858616864,stageb_only_pooled
regression,500,256,bonferroni,exhaustive,0.02,0.2,48,600,3,0.08,0.05957246901486141,0.1046706946656102,stageb_only_pooled
regression,500,256,bonferroni,exhaustive,0.02,0.4,461,600,3,0.7683333333333333,0.7324661621169437,0.8015345698981877,stageb_only_pooled
regression,500,256,bonferroni,exhaustive,0.02,0.8,600,600,3,1.0,0.9938707286693308,1.0,stageb_only_pooled
regression,500,256,bonferroni,exhaustive,0.05,0.0,9,1500,3,0.006,0.002747143306143117,0.011359186862201482,stageb_only_pooled
regression,500,256,bonferroni,exhaustive,0.05,0.2,81,600,3,0.135,0.1086752856738144,0.1649770682106242,stageb_only_pooled
regression,500,256,bonferroni,exhaustive,0.05,0.4,504,600,3,0.84,0.8081717760442246,0.868434663305502,stageb_only_pooled
regression,500,256,bonferroni,exhaustive,0.05,0.8,600,600,3,1.0,0.9938707286693308,1.0,stageb_only_pooled
regression,500,256,bonferroni,exhaustive,0.1,0.0,18,1500,3,0.012,0.007127040201040334,0.01889909294235668,stageb_only_pooled
regression,500,256,bonferroni,exhaustive,0.1,0.2,105,600,3,0.175,0.145424762657304,0.20781508781127292,stageb_only_pooled
regression,500,256,bonferroni,exhaustive,0.1,0.4,536,600,3,0.8933333333333333,0.8658350406263566,0.9168800781625237,stageb_only_pooled
regression,500,256,bonferroni,exhaustive,0.1,0.8,600,600,3,1.0,0.9938707286693308,1.0,stageb_only_pooled
regression,500,256,bonferroni,exhaustive,0.2,0.0,34,1500,3,0.02266666666666667,0.01574719303712674,0.03153139214328787,stageb_only_pooled
regression,500,256,bonferroni,exhaustive,0.2,0.2,142,600,3,0.23666666666666666,0.20319029894472967,0.2727586996429274,stageb_only_pooled
regression,500,256,bonferroni,exhaustive,0.2,0.4,561,600,3,0.935,0.9122111349558655,0.9533739406164318,stageb_only_pooled
regression,500,256,bonferroni,exhaustive,0.2,0.8,600,600,3,1.0,0.9938707286693308,1.0,stageb_only_pooled
regression,500,256,bonferroni,exhaustive,0.35,0.0,29,1000,2,0.029,0.01950593732438462,0.041384719116401916,stageb_only_pooled
regression,500,256,bonferroni,exhaustive,0.35,0.2,120,400,2,0.3,0.2554667280953098,0.34752187907364973,stageb_only_pooled
regression,500,256,bonferroni,exhaustive,0.35,0.4,380,400,2,0.95,0.9238330272448575,0.9691947588567341,stageb_only_pooled
regression,500,256,bonferroni,exhaustive,0.35,0.8,400,400,2,1.0,0.9908201954163347,1.0,stageb_only_pooled
regression,500,256,bonferroni,exhaustive,0.5,0.0,47,1000,2,0.047,0.03473506226679597,0.062012630693305155,stageb_only_pooled
regression,500,256,bonferroni,exhaustive,0.5,0.2,141,400,2,0.3525,0.30567520460529113,0.40152580390120335,stageb_only_pooled
regression,500,256,bonferroni,exhaustive,0.5,0.4,386,400,2,0.965,0.9419727383175839,0.9807355334141201,stageb_only_pooled
regression,500,256,bonferroni,exhaustive,0.5,0.8,400,400,2,1.0,0.9908201954163347,1.0,stageb_only_pooled
regression,500,256,maxt,adaptive,0.02,0.0,20,1500,3,0.013333333333333334,0.008162854513771585,0.020517459360976174,stageb_only_pooled
regression,500,256,maxt,adaptive,0.02,0.2,95,600,3,0.15833333333333333,0.13003085429515887,0.1900465156262837,stageb_only_pooled
regression,500,256,maxt,adaptive,0.02,0.4,523,600,3,0.8716666666666667,0.8422327241731544,0.8973785331727736,stageb_only_pooled
regression,500,256,maxt,adaptive,0.02,0.8,600,600,3,1.0,0.9938707286693308,1.0,stageb_only_pooled
regression,500,256,maxt,adaptive,0.05,0.0,39,1500,3,0.026,0.01855239568494881,0.03537274562808389,stageb_only_pooled
regression,500,256,maxt,adaptive,0.05,0.2,161,600,3,0.2683333333333333,0.23326003257791664,0.30570489440886467,stageb_only_pooled
regression,500,256,maxt,adaptive,0.05,0.4,563,600,3,0.9383333333333334,0.9159993874044593,0.956213003340447,stageb_only_pooled
regression,500,256,maxt,adaptive,0.05,0.8,600,600,3,1.0,0.9938707286693308,1.0,stageb_only_pooled
regression,500,256,maxt,adaptive,0.1,0.0,93,1500,3,0.062,0.05033027078621545,0.07541857184894057,stageb_only_pooled
regression,500,256,maxt,adaptive,0.1,0.2,224,600,3,0.37333333333333335,0.3345033625700917,0.4134168073567123,stageb_only_pooled
regression,500,256,maxt,adaptive,0.1,0.4,577,600,3,0.9616666666666667,0.9430344466125399,0.9755475363874965,stageb_only_pooled
regression,500,256,maxt,adaptive,0.1,0.8,600,600,3,1.0,0.9938707286693308,1.0,stageb_only_pooled
regression,500,256,maxt,adaptive,0.2,0.0,194,1500,3,0.12933333333333333,0.11275652163294787,0.14737600071202886,stageb_only_pooled
regression,500,256,maxt,adaptive,0.2,0.2,311,600,3,0.5183333333333333,0.47751316882143846,0.5589722265789501,stageb_only_pooled
regression,500,256,maxt,adaptive,0.2,0.4,587,600,3,0.9783333333333334,0.9632343115655067,0.9884141744311549,stageb_only_pooled
regression,500,256,maxt,adaptive,0.2,0.8,600,600,3,1.0,0.9938707286693308,1.0,stageb_only_pooled
regression,500,256,maxt,adaptive,0.35,0.0,234,1000,2,0.234,0.20807408037540986,0.2615019238155668,stageb_only_pooled
regression,500,256,maxt,adaptive,0.35,0.2,265,400,2,0.6625,0.6138381600998064,0.708736171689448,stageb_only_pooled
regression,500,256,maxt,adaptive,0.35,0.4,397,400,2,0.9925,0.978239331485583,0.9984506410500943,stageb_only_pooled
regression,500,256,maxt,adaptive,0.35,0.8,400,400,2,1.0,0.9908201954163347,1.0,stageb_only_pooled
regression,500,256,maxt,adaptive,0.5,0.0,315,1000,2,0.315,0.2862897211323971,0.34480403108320407,stageb_only_pooled
regression,500,256,maxt,adaptive,0.5,0.2,295,400,2,0.7375,0.6914734503630355,0.7799725263669057,stageb_only_pooled
regression,500,256,maxt,adaptive,0.5,0.4,399,400,2,0.9975,0.9861502300379867,0.9999367074830952,stageb_only_pooled
regression,500,256,maxt,adaptive,0.5,0.8,400,400,2,1.0,0.9908201954163347,1.0,stageb_only_pooled
regression,500,256,maxt,exhaustive,0.02,0.0,23,1500,3,0.015333333333333332,0.009744195585338136,0.022919152169612367,stageb_only_pooled
regression,500,256,maxt,exhaustive,0.02,0.2,112,600,3,0.18666666666666668,0.15626148849905255,0.22019276549494096,stageb_only_pooled
regression,500,256,maxt,exhaustive,0.02,0.4,543,600,3,0.905,0.8786693790706532,0.9272530899854504,stageb_only_pooled
regression,500,256,maxt,exhaustive,0.02,0.8,600,600,3,1.0,0.9938707286693308,1.0,stageb_only_pooled
regression,500,256,maxt,exhaustive,0.05,0.0,51,1500,3,0.034,0.025417907904156555,0.04446335499539682,stageb_only_pooled
regression,500,256,maxt,exhaustive,0.05,0.2,182,600,3,0.30333333333333334,0.26676252570855735,0.34185311261202805,stageb_only_pooled
regression,500,256,maxt,exhaustive,0.05,0.4,570,600,3,0.95,0.9293885939673254,0.9660144527846245,stageb_only_pooled
regression,500,256,maxt,exhaustive,0.05,0.8,600,600,3,1.0,0.9938707286693308,1.0,stageb_only_pooled
regression,500,256,maxt,exhaustive,0.1,0.0,94,1500,3,0.06266666666666666,0.05093457162463002,0.0761446488919094,stageb_only_pooled
regression,500,256,maxt,exhaustive,0.1,0.2,244,600,3,0.4066666666666667,0.36707222859212496,0.44718435637193266,stageb_only_pooled
regression,500,256,maxt,exhaustive,0.1,0.4,581,600,3,0.9683333333333334,0.9509890013859863,0.9808290997326679,stageb_only_pooled
regression,500,256,maxt,exhaustive,0.1,0.8,600,600,3,1.0,0.9938707286693308,1.0,stageb_only_pooled
regression,500,256,maxt,exhaustive,0.2,0.0,192,1500,3,0.128,0.11150057178271898,0.14597071806759096,stageb_only_pooled
regression,500,256,maxt,exhaustive,0.2,0.2,316,600,3,0.5266666666666666,0.4858352134114183,0.567234447429527,stageb_only_pooled
regression,500,256,maxt,exhaustive,0.2,0.4,587,600,3,0.9783333333333334,0.9632343115655067,0.9884141744311549,stageb_only_pooled
regression,500,256,maxt,exhaustive,0.2,0.8,600,600,3,1.0,0.9938707286693308,1.0,stageb_only_pooled
regression,500,256,maxt,exhaustive,0.35,0.0,231,1000,2,0.231,0.20520047479036332,0.2583934768882578,stageb_only_pooled
regression,500,256,maxt,exhaustive,0.35,0.2,265,400,2,0.6625,0.6138381600998064,0.708736171689448,stageb_only_pooled
regression,500,256,maxt,exhaustive,0.35,0.4,397,400,2,0.9925,0.978239331485583,0.9984506410500943,stageb_only_pooled
regression,500,256,maxt,exhaustive,0.35,0.8,400,400,2,1.0,0.9908201954163347,1.0,stageb_only_pooled
regression,500,256,maxt,exhaustive,0.5,0.0,316,1000,2,0.316,0.28726221195132196,0.34582560760668785,stageb_only_pooled
regression,500,256,maxt,exhaustive,0.5,0.2,294,400,2,0.735,0.6888618789722711,0.7776218891234621,stageb_only_pooled
regression,500,256,maxt,exhaustive,0.5,0.4,398,400,2,0.995,0.9820558553944145,0.9993939021906778,stageb_only_pooled
regression,500,256,maxt,exhaustive,0.5,0.8,400,400,2,1.0,0.9908201954163347,1.0,stageb_only_pooled
