study,task,n,k,threshold_test,stopping,nominal_alpha,effect,step_quantile,replicates,split_rate,ci_low,ci_high,seconds_per_fit
stageb_only,classification,100,16,bonferroni_unadjusted,adaptive,0.02,0.0,0.5,500,0.08,0.0562201026074543,0.1037798973925456,0.017279934744
stageb_only,classification,100,16,bonferroni_unadjusted,adaptive,0.02,0.05,0.5,200,0.14,0.0919100509461696,0.1880899490538303,0.0017312367649999
stageb_only,classification,100,16,bonferroni_unadjusted,adaptive,0.02,0.1,0.5,200,0.455,0.3859847567562064,0.5240152432437937,0.0016667426699999
stageb_only,classification,100,16,bonferroni_unadjusted,adaptive,0.02,0.2,0.5,200,0.96,0.93284144333732,0.98715855666268,0.001291254005
stageb_only,classification,100,16,bonferroni_unadjusted,adaptive,0.05,0.0,0.5,500,0.156,0.124194326845671,0.1878056731543289,0.002043709392
stageb_only,classification,100,16,bonferroni_unadjusted,adaptive,0.05,0.05,0.5,200,0.245,0.1853929551143491,0.3046070448856509,0.002030830375
stageb_only,classification,100,16,bonferroni_unadjusted,adaptive,0.05,0.1,0.5,200,0.525,0.4557902102300549,0.5942097897699451,0.0019591261949999
stageb_only,classification,100,16,bonferroni_unadjusted,adaptive,0.05,0.2,0.5,200,0.97,0.946357817359643,0.993642182640357,0.001319936085
stageb_only,classification,100,16,bonferroni_unadjusted,adaptive,0.1,0.0,0.5,500,0.236,0.1987802244391506,0.2732197755608493,0.001391572972
stageb_only,classification,100,16,bonferroni_unadjusted,adaptive,0.1,0.05,0.5,200,0.345,0.279117317905234,0.4108826820947659,0.001342631485
stageb_only,classification,100,16,bonferroni_unadjusted,adaptive,0.1,0.1,0.5,200,0.61,0.5424013077049563,0.6775986922950437,0.001320759255
stageb_only,classification,100,16,bonferroni_unadjusted,adaptive,0.1,0.2,0.5,200,0.975,0.9533621858774968,0.9966378141225032,0.0010909300999999
stageb_only,classification,100,16,bonferroni_unadjusted,adaptive,0.2,0.0,0.5,500,0.408,0.3649213580158333,0.4510786419841666,0.000990915198
stageb_only,classification,100,16,bonferroni_unadjusted,adaptive,0.2,0.05,0.5,200,0.515,0.4457347258721948,0.5842652741278052,0.00096867544
stageb_only,classification,100,16,bonferroni_unadjusted,adaptive,0.2,0.1,0.5,200,0.745,0.684592717326468,0.805407282673532,0.0009834294099999
stageb_only,classification,100,16,bonferroni_unadjusted,adaptive,0.2,0.2,0.5,200,0.98,0.9605969899242413,0.9994030100757588,0.0009988984099999
stageb_only,classification,100,16,bonferroni_unadjusted,adaptive,0.35,0.0,0.5,500,0.47,0.4262520272469683,0.5137479727530316,0.0008957583419999
stageb_only,classification,100,16,bonferroni_unadjusted,adaptive,0.35,0.05,0.5,200,0.545,0.4759847567562064,0.6140152432437936,0.0009052891199999
stageb_only,classification,100,16,bonferroni_unadjusted,adaptive,0.35,0.1,0.5,200,0.775,0.7171260421260132,0.8328739578739869,0.0009441144300001
stageb_only,classification,100,16,bonferroni_unadjusted,adaptive,0.35,0.2,0.5,200,0.99,0.9762101776661192,1.0,0.0009838604699999
stageb_only,classification,100,16,bonferroni_unadjusted,adaptive,0.5,0.0,0.5,500,0.49,0.4461818339041899,0.5338181660958101,0.000873620484
stageb_only,classification,100,16,bonferroni_unadjusted,adaptive,0.5,0.05,0.5,200,0.57,0.5013860014282799,0.63861399857172,0.000879742135
stageb_only,classification,100,16,bonferroni_unadjusted,adaptive,0.5,0.1,0.5,200,0.785,0.7280629277184013,0.8419370722815988,0.000932485195
stageb_only,classification,100,16,bonferroni_unadjusted,adaptive,0.5,0.2,0.5,200,0.99,0.9762101776661192,1.0,0.0009774120849999
stageb_only,classification,100,16,bonferroni_unadjusted,exhaustive,0.02,0.0,0.5,500,0.08,0.0562201026074543,0.1037798973925456,0.0058003154259999
stageb_only,classification,100,16,bonferroni_unadjusted,exhaustive,0.02,0.05,0.5,200,0.14,0.0919100509461696,0.1880899490538303,0.001662742685
stageb_only,classification,100,16,bonferroni_unadjusted,exhaustive,0.02,0.1,0.5,200,0.455,0.3859847567562064,0.5240152432437937,0.001605228135
stageb_only,classification,100,16,bonferroni_unadjusted,exhaustive,0.02,0.2,0.5,200,0.96,0.93284144333732,0.98715855666268,0.0012447108249999
stageb_only,classification,100,16,bonferroni_unadjusted,exhaustive,0.05,0.0,0.5,500,0.156,0.124194326845671,0.1878056731543289,0.002547597992
stageb_only,classification,100,16,bonferroni_unadjusted,exhaustive,0.05,0.05,0.5,200,0.245,0.1853929551143491,0.3046070448856509,0.00249647339
stageb_only,classification,100,16,bonferroni_unadjusted,exhaustive,0.05,0.1,0.5,200,0.525,0.4557902102300549,0.5942097897699451,0.002302670225
stageb_only,classification,100,16,bonferroni_unadjusted,exhaustive,0.05,0.2,0.5,200,0.97,0.946357817359643,0.993642182640357,0.0013356191799999
stageb_only,classification,100,16,bonferroni_unadjusted,exhaustive,0.1,0.0,0.5,500,0.236,0.1987802244391506,0.2732197755608493,0.00138004302
stageb_only,classification,100,16,bonferroni_unadjusted,exhaustive,0.1,0.05,0.5,200,0.345,0.279117317905234,0.4108826820947659,0.0013370579749999
stageb_only,classification,100,16,bonferroni_unadjusted,exhaustive,0.1,0.1,0.5,200,0.61,0.5424013077049563,0.6775986922950437,0.0013140634599999
stageb_only,classification,100,16,bonferroni_unadjusted,exhaustive,0.1,0.2,0.5,200,0.975,0.9533621858774968,0.9966378141225032,0.0010839250499999
stageb_only,classification,100,16,bonferroni_unadjusted,exhaustive,0.2,0.0,0.5,500,0.408,0.3649213580158333,0.4510786419841666,0.0009821820039999
stageb_only,classification,100,16,bonferroni_unadjusted,exhaustive,0.2,0.05,0.5,200,0.515,0.4457347258721948,0.5842652741278052,0.0009620000999998
stageb_only,classification,100,16,bonferroni_unadjusted,exhaustive,0.2,0.1,0.5,200,0.745,0.684592717326468,0.805407282673532,0.0009977398249999
stageb_only,classification,100,16,bonferroni_unadjusted,exhaustive,0.2,0.2,0.5,200,0.98,0.9605969899242413,0.9994030100757588,0.0010124490449999
stageb_only,classification,100,16,bonferroni_unadjusted,exhaustive,0.35,0.0,0.5,500,0.47,0.4262520272469683,0.5137479727530316,0.000911390312
stageb_only,classification,100,16,bonferroni_unadjusted,exhaustive,0.35,0.05,0.5,200,0.545,0.4759847567562064,0.6140152432437936,0.0009178026799999
stageb_only,classification,100,16,bonferroni_unadjusted,exhaustive,0.35,0.1,0.5,200,0.775,0.7171260421260132,0.8328739578739869,0.0009571696049999
stageb_only,classification,100,16,bonferroni_unadjusted,exhaustive,0.35,0.2,0.5,200,0.99,0.9762101776661192,1.0,0.0009958075199999
stageb_only,classification,100,16,bonferroni_unadjusted,exhaustive,0.5,0.0,0.5,500,0.49,0.4461818339041899,0.5338181660958101,0.00088628411
stageb_only,classification,100,16,bonferroni_unadjusted,exhaustive,0.5,0.05,0.5,200,0.57,0.5013860014282799,0.63861399857172,0.0008916836699999
stageb_only,classification,100,16,bonferroni_unadjusted,exhaustive,0.5,0.1,0.5,200,0.785,0.7280629277184013,0.8419370722815988,0.0009412797050001
stageb_only,classification,100,16,bonferroni_unadjusted,exhaustive,0.5,0.2,0.5,200,0.99,0.9762101776661192,1.0,0.0009854904199998
stageb_only,classification,100,64,bonferroni_unadjusted,adaptive,0.02,0.0,0.5,500,0.126,0.09691212079233,0.1550878792076699,0.0034380001339999
stageb_only,classification,100,64,bonferroni_unadjusted,adaptive,0.02,0.05,0.5,200,0.205,0.1490498096517983,0.2609501903482016,0.0034458500849999
stageb_only,classification,100,64,bonferroni_unadjusted,adaptive,0.02,0.1,0.5,200,0.52,0.4507589948079897,0.5892410051920103,0.0031194211399999
stageb_only,classification,100,64,bonferroni_unadjusted,adaptive,0.02,0.2,0.5,200,0.98,0.9605969899242413,0.9994030100757588,0.0017232543499999
stageb_only,classification,100,64,bonferroni_unadjusted,adaptive,0.05,0.0,0.5,500,0.218,0.1818088242357339,0.2541911757642661,0.0044935057499999
stageb_only,classification,100,64,bonferroni_unadjusted,adaptive,0.05,0.05,0.5,200,0.335,0.2695854588031071,0.4004145411968929,0.0040062093049999
stageb_only,classification,100,64,bonferroni_unadjusted,adaptive,0.05,0.1,0.5,200,0.62,0.5527288709772163,0.6872711290227836,0.003363609375
stageb_only,classification,100,64,bonferroni_unadjusted,adaptive,0.05,0.2,0.5,200,0.985,0.9681536888310824,1.0,0.0015651446399999
stageb_only,classification,100,64,bonferroni_unadjusted,adaptive,0.1,0.0,0.5,500,0.322,0.2810443472619469,0.3629556527380531,0.002283570374
stageb_only,classification,100,64,bonferroni_unadjusted,adaptive,0.1,0.05,0.5,200,0.41,0.3418353816118655,0.4781646183881344,0.00221141571
stageb_only,classification,100,64,bonferroni_unadjusted,adaptive,0.1,0.1,0.5,200,0.69,0.62590170673099,0.7540982932690099,0.00192523373
stageb_only,classification,100,64,bonferroni_unadjusted,adaptive,0.1,0.2,0.5,200,0.98,0.9605969899242413,0.9994030100757588,0.0013878674449999
stageb_only,classification,100,64,bonferroni_unadjusted,adaptive,0.2,0.0,0.5,500,0.456,0.4123430953364763,0.4996569046635237,0.0012337244359999
stageb_only,classification,100,64,bonferroni_unadjusted,adaptive,0.2,0.05,0.5,200,0.55,0.4810508883305956,0.6189491116694045,0.0011606787899999
stageb_only,classification,100,64,bonferroni_unadjusted,adaptive,0.2,0.1,0.5,200,0.765,0.7062367614915583,0.8237632385084417,0.0012656219599999
stageb_only,classification,100,64,bonferroni_unadjusted,adaptive,0.2,0.2,0.5,200,0.985,0.9681536888310824,1.0,0.001290350575
stageb_only,classification,100,64,bonferroni_unadjusted,adaptive,0.35,0.0,0.5,500,0.496,0.4521744701252797,0.5398255298747203,0.0010643428379999
stageb_only,classification,100,64,bonferroni_unadjusted,adaptive,0.35,0.05,0.5,200,0.56,0.4912042792028458,0.6287957207971543,0.001104185115
stageb_only,classification,100,64,bonferroni_unadjusted,adaptive,0.35,0.1,0.5,200,0.78,0.722588391417763,0.8374116085822371,0.0011958826499999
stageb_only,classification,100,64,bonferroni_unadjusted,adaptive,0.35,0.2,0.5,200,0.99,0.9762101776661192,1.0,0.00125977719
stageb_only,classification,100,64,bonferroni_unadjusted,adaptive,0.5,0.0,0.5,500,0.506,0.4621762232937416,0.5498237767062585,0.001025416516
stageb_only,classification,100,64,bonferroni_unadjusted,adaptive,0.5,0.05,0.5,200,0.575,0.506487555874863,0.6435124441251369,0.0010519709149998
stageb_only,classification,100,64,bonferroni_unadjusted,adaptive,0.5,0.1,0.5,200,0.79,0.7335499583702545,0.8464500416297456,0.00115679688
stageb_only,classification,100,64,bonferroni_unadjusted,adaptive,0.5,0.2,0.5,200,0.99,0.9762101776661192,1.0,0.001258238395
stageb_only,classification,100,64,bonferroni_unadjusted,exhaustive,0.02,0.0,0.5,500,0.126,0.09691212079233,0.1550878792076699,0.003309562286
stageb_only,classification,100,64,bonferroni_unadjusted,exhaustive,0.02,0.05,0.5,200,0.205,0.1490498096517983,0.2609501903482016,0.0032816611549999
stageb_only,classification,100,64,bonferroni_unadjusted,exhaustive,0.02,0.1,0.5,200,0.52,0.4507589948079897,0.5892410051920103,0.002927258105
stageb_only,classification,100,64,bonferroni_unadjusted,exhaustive,0.02,0.2,0.5,200,0.98,0.9605969899242413,0.9994030100757588,0.001673328265
stageb_only,classification,100,64,bonferroni_unadjusted,exhaustive,0.05,0.0,0.5,500,0.218,0.1818088242357339,0.2541911757642661,0.0061825052479999
stageb_only,classification,100,64,bonferroni_unadjusted,exhaustive,0.05,0.05,0.5,200,0.335,0.2695854588031071,0.4004145411968929,0.005374718395
stageb_only,classification,100,64,bonferroni_unadjusted,exhaustive,0.05,0.1,0.5,200,0.62,0.5527288709772163,0.6872711290227836,0.0043315450149999
stageb_only,classification,100,64,bonferroni_unadjusted,exhaustive,0.05,0.2,0.5,200,0.985,0.9681536888310824,1.0,0.001612696225
stageb_only,classification,100,64,bonferroni_unadjusted,exhaustive,0.1,0.0,0.5,500,0.322,0.2810443472619469,0.3629556527380531,0.0023375608179999
stageb_only,classification,100,64,bonferroni_unadjusted,exhaustive,0.1,0.05,0.5,200,0.41,0.3418353816118655,0.4781646183881344,0.00228158567
stageb_only,classification,100,64,bonferroni_unadjusted,exhaustive,0.1,0.1,0.5,200,0.69,0.62590170673099,0.7540982932690099,0.0020297868699999
stageb_only,classification,100,64,bonferroni_unadjusted,exhaustive,0.1,0.2,0.5,200,0.98,0.9605969899242413,0.9994030100757588,0.00143175771
stageb_only,classification,100,64,bonferroni_unadjusted,exhaustive,0.2,0.0,0.5,500,0.456,0.4123430953364763,0.4996569046635237,0.0012964421159999
stageb_only,classification,100,64,bonferroni_unadjusted,exhaustive,0.2,0.05,0.5,200,0.55,0.4810508883305956,0.6189491116694045,0.00120994762
stageb_only,classification,100,64,bonferroni_unadjusted,exhaustive,0.2,0.1,0.5,200,0.765,0.7062367614915583,0.8237632385084417,0.001318114995
stageb_only,classification,100,64,bonferroni_unadjusted,exhaustive,0.2,0.2,0.5,200,0.985,0.9681536888310824,1.0,0.00132907345
stageb_only,classification,100,64,bonferroni_unadjusted,exhaustive,0.35,0.0,0.5,500,0.496,0.4521744701252797,0.5398255298747203,0.0011077167819999
stageb_only,classification,100,64,bonferroni_unadjusted,exhaustive,0.35,0.05,0.5,200,0.56,0.4912042792028458,0.6287957207971543,0.001135534435
stageb_only,classification,100,64,bonferroni_unadjusted,exhaustive,0.35,0.1,0.5,200,0.78,0.722588391417763,0.8374116085822371,0.0012231371599999
stageb_only,classification,100,64,bonferroni_unadjusted,exhaustive,0.35,0.2,0.5,200,0.99,0.9762101776661192,1.0,0.0012906914949999
stageb_only,classification,100,64,bonferroni_unadjusted,exhaustive,0.5,0.0,0.5,500,0.506,0.4621762232937416,0.5498237767062585,0.001053824752
stageb_only,classification,100,64,bonferroni_unadjusted,exhaustive,0.5,0.05,0.5,200,0.575,0.506487555874863,0.6435124441251369,0.001071339235
stageb_only,classification,100,64,bonferroni_unadjusted,exhaustive,0.5,0.1,0.5,200,0.79,0.7335499583702545,0.8464500416297456,0.00117552438
stageb_only,classification,100,64,bonferroni_unadjusted,exhaustive,0.5,0.2,0.5,200,0.99,0.9762101776661192,1.0,0.00127539596
stageb_only,classification,100,256,bonferroni_unadjusted,adaptive,0.02,0.0,0.5,500,0.134,0.1041405080284342,0.1638594919715657,0.004715228896
stageb_only,classification,100,256,bonferroni_unadjusted,adaptive,0.02,0.05,0.5,200,0.235,0.1762367614915583,0.2937632385084416,0.004530166235
stageb_only,classification,100,256,bonferroni_unadjusted,adaptive,0.02,0.1,0.5,200,0.53,0.4608283815427165,0.5991716184572835,0.0040480639599999
stageb_only,classification,100,256,bonferroni_unadjusted,adaptive,0.02,0.2,0.5,200,0.985,0.9681536888310824,1.0,0.0020156472649999
stageb_only,classification,100,256,bonferroni_unadjusted,adaptive,0.05,0.0,0.5,500,0.226,0.1893397207211947,0.2626602792788053,0.0064331320619999
stageb_only,classification,100,256,bonferroni_unadjusted,adaptive,0.05,0.05,0.5,200,0.34,0.2743473138401786,0.4056526861598214,0.00569890323
stageb_only,classification,100,256,bonferroni_unadjusted,adaptive,0.05,0.1,0.5,200,0.62,0.5527288709772163,0.6872711290227836,0.004726191325
stageb_only,classification,100,256,bonferroni_unadjusted,adaptive,0.05,0.2,0.5,200,0.985,0.9681536888310824,1.0,0.001823809595
stageb_only,classification,100,256,bonferroni_unadjusted,adaptive,0.1,0.0,0.5,500,0.332,0.2907210784637001,0.3732789215362999,0.0030903716299999
stageb_only,classification,100,256,bonferroni_unadjusted,adaptive,0.1,0.05,0.5,200,0.42,0.3515962808028686,0.4884037191971314,0.00294263864
stageb_only,classification,100,256,bonferroni_unadjusted,adaptive,0.1,0.1,0.5,200,0.69,0.62590170673099,0.7540982932690099,0.00252092606
stageb_only,classification,100,256,bonferroni_unadjusted,adaptive,0.1,0.2,0.5,200,0.98,0.9605969899242413,0.9994030100757588,0.0016586365399999
stageb_only,classification,100,256,bonferroni_unadjusted,adaptive,0.2,0.0,0.5,500,0.46,0.4163135389393922,0.5036864610606078,0.001474422416
stageb_only,classification,100,256,bonferroni_unadjusted,adaptive,0.2,0.05,0.5,200,0.56,0.4912042792028458,0.6287957207971543,0.0013080951099999
stageb_only,classification,100,256,bonferroni_unadjusted,adaptive,0.2,0.1,0.5,200,0.77,0.7116755900158434,0.8283244099841567,0.0014837062549999
stageb_only,classification,100,256,bonferroni_unadjusted,adaptive,0.2,0.2,0.5,200,0.985,0.9681536888310824,1.0,0.00152454328
stageb_only,classification,100,256,bonferroni_unadjusted,adaptive,0.35,0.0,0.5,500,0.498,0.4541734182578654,0.5418265817421345,0.0012115839919999
stageb_only,classification,100,256,bonferroni_unadjusted,adaptive,0.35,0.05,0.5,200,0.565,0.4962915856681293,0.6337084143318705,0.0012410158149999
stageb_only,classification,100,256,bonferroni_unadjusted,adaptive,0.35,0.1,0.5,200,0.785,0.7280629277184013,0.8419370722815988,0.0013601575999999
stageb_only,classification,100,256,bonferroni_unadjusted,adaptive,0.35,0.2,0.5,200,0.99,0.9762101776661192,1.0,0.00147833245
stageb_only,classification,100,256,bonferroni_unadjusted,adaptive,0.5,0.0,0.5,500,0.506,0.4621762232937416,0.5498237767062585,0.0011592387219999
stageb_only,classification,100,256,bonferroni_unadjusted,adaptive,0.5,0.05,0.5,200,0.575,0.506487555874863,0.6435124441251369,0.0011859522899999
stageb_only,classification,100,256,bonferroni_unadjusted,adaptive,0.5,0.1,0.5,200,0.79,0.7335499583702545,0.8464500416297456,0.0013332729699999
stageb_only,classification,100,256,bonferroni_unadjusted,adaptive,0.5,0.2,0.5,200,0.99,0.9762101776661192,1.0,0.00147383392
stageb_only,classification,100,256,bonferroni_unadjusted,exhaustive,0.02,0.0,0.5,500,0.134,0.1041405080284342,0.1638594919715657,0.0045089237579999
stageb_only,classification,100,256,bonferroni_unadjusted,exhaustive,0.02,0.05,0.5,200,0.235,0.1762367614915583,0.2937632385084416,0.004288854905
stageb_only,classification,100,256,bonferroni_unadjusted,exhaustive,0.02,0.1,0.5,200,0.53,0.4608283815427165,0.5991716184572835,0.0040180696599999
stageb_only,classification,100,256,bonferroni_unadjusted,exhaustive,0.02,0.2,0.5,200,0.985,0.9681536888310824,1.0,0.001962123555
stageb_only,classification,100,256,bonferroni_unadjusted,exhaustive,0.05,0.0,0.5,500,0.226,0.1893397207211947,0.2626602792788053,0.008962563472
stageb_only,classification,100,256,bonferroni_unadjusted,exhaustive,0.05,0.05,0.5,200,0.34,0.2743473138401786,0.4056526861598214,0.0077673556749999
stageb_only,classification,100,256,bonferroni_unadjusted,exhaustive,0.05,0.1,0.5,200,0.62,0.5527288709772163,0.6872711290227836,0.00621666892
stageb_only,classification,100,256,bonferroni_unadjusted,exhaustive,0.05,0.2,0.5,200,0.985,0.9681536888310824,1.0,0.0018762771299999
stageb_only,classification,100,256,bonferroni_unadjusted,exhaustive,0.1,0.0,0.5,500,0.332,0.2907210784637001,0.3732789215362999,0.0031717997
stageb_only,classification,100,256,bonferroni_unadjusted,exhaustive,0.1,0.05,0.5,200,0.42,0.3515962808028686,0.4884037191971314,0.0029907939699999
stageb_only,classification,100,256,bonferroni_unadjusted,exhaustive,0.1,0.1,0.5,200,0.69,0.62590170673099,0.7540982932690099,0.00255958711
stageb_only,classification,100,256,bonferroni_unadjusted,exhaustive,0.1,0.2,0.5,200,0.98,0.9605969899242413,0.9994030100757588,0.0016671744550001
stageb_only,classification,100,256,bonferroni_unadjusted,exhaustive,0.2,0.0,0.5,500,0.46,0.4163135389393922,0.5036864610606078,0.001501375336
stageb_only,classification,100,256,bonferroni_unadjusted,exhaustive,0.2,0.05,0.5,200,0.56,0.4912042792028458,0.6287957207971543,0.001328459355
stageb_only,classification,100,256,bonferroni_unadjusted,exhaustive,0.2,0.1,0.5,200,0.77,0.7116755900158434,0.8283244099841567,0.0015002543049999
stageb_only,classification,100,256,bonferroni_unadjusted,exhaustive,0.2,0.2,0.5,200,0.985,0.9681536888310824,1.0,0.0015222180349999
stageb_only,classification,100,256,bonferroni_unadjusted,exhaustive,0.35,0.0,0.5,500,0.498,0.4541734182578654,0.5418265817421345,0.0012228109499999
stageb_only,classification,100,256,bonferroni_unadjusted,exhaustive,0.35,0.05,0.5,200,0.565,0.4962915856681293,0.6337084143318705,0.001267615305
stageb_only,classification,100,256,bonferroni_unadjusted,exhaustive,0.35,0.1,0.5,200,0.785,0.7280629277184013,0.8419370722815988,0.0013872819499999
stageb_only,classification,100,256,bonferroni_unadjusted,exhaustive,0.35,0.2,0.5,200,0.99,0.9762101776661192,1.0,0.0014909504399999
stageb_only,classification,100,256,bonferroni_unadjusted,exhaustive,0.5,0.0,0.5,500,0.506,0.4621762232937416,0.5498237767062585,0.001175863062
stageb_only,classification,100,256,bonferroni_unadjusted,exhaustive,0.5,0.05,0.5,200,0.575,0.506487555874863,0.6435124441251369,0.001202268615
stageb_only,classification,100,256,bonferroni_unadjusted,exhaustive,0.5,0.1,0.5,200,0.79,0.7335499583702545,0.8464500416297456,0.0013449629349999
stageb_only,classification,100,256,bonferroni_unadjusted,exhaustive,0.5,0.2,0.5,200,0.99,0.9762101776661192,1.0,0.0014838272899999
stageb_only,classification,200,16,bonferroni_unadjusted,adaptive,0.02,0.0,0.5,500,0.09,0.0649150626869429,0.115084937313057,0.0018463627479999
stageb_only,classification,200,16,bonferroni_unadjusted,adaptive,0.02,0.05,0.5,200,0.22,0.1625883914177629,0.2774116085822371,0.0018386827499999
stageb_only,classification,200,16,bonferroni_unadjusted,adaptive,0.02,0.1,0.5,200,0.665,0.5995854588031071,0.730414541196893,0.0017105593699999
stageb_only,classification,200,16,bonferroni_unadjusted,adaptive,0.02,0.2,0.5,200,1.0,1.0,1.0,0.0013313464649999
stageb_only,classification,200,16,bonferroni_unadjusted,adaptive,0.05,0.0,0.5,500,0.152,0.1205304314106469,0.1834695685893531,0.0024247725339999
stageb_only,classification,200,16,bonferroni_unadjusted,adaptive,0.05,0.05,0.5,200,0.31,0.2459017067309901,0.3740982932690099,0.0022973081349999
stageb_only,classification,200,16,bonferroni_unadjusted,adaptive,0.05,0.1,0.5,200,0.75,0.6899875013018122,0.8100124986981878,0.00191057721
stageb_only,classification,200,16,bonferroni_unadjusted,adaptive,0.05,0.2,0.5,200,1.0,1.0,1.0,0.0013856458799999
stageb_only,classification,200,16,bonferroni_unadjusted,adaptive,0.1,0.0,0.5,500,0.256,0.2177459413290563,0.2942540586709437,0.001530482928
stageb_only,classification,200,16,bonferroni_unadjusted,adaptive,0.1,0.05,0.5,200,0.38,0.3127288709772164,0.4472711290227836,0.00148845168
stageb_only,classification,200,16,bonferroni_unadjusted,adaptive,0.1,0.1,0.5,200,0.815,0.7611847029182222,0.8688152970817777,0.001308017995
stageb_only,classification,200,16,bonferroni_unadjusted,adaptive,0.1,0.2,0.5,200,1.0,1.0,1.0,0.0011394538499999
stageb_only,classification,200,16,bonferroni_unadjusted,adaptive,0.2,0.0,0.5,500,0.434,0.3905565657342792,0.4774434342657208,0.001050590876
stageb_only,classification,200,16,bonferroni_unadjusted,adaptive,0.2,0.05,0.5,200,0.585,0.5167122104618987,0.6532877895381012,0.0010022776549999
stageb_only,classification,200,16,bonferroni_unadjusted,adaptive,0.2,0.1,0.5,200,0.89,0.8466356920959184,0.9333643079040816,0.001068623265
stageb_only,classification,200,16,bonferroni_unadjusted,adaptive,0.2,0.2,0.5,200,1.0,1.0,1.0,0.0010700104049999
stageb_only,classification,200,16,bonferroni_unadjusted,adaptive,0.35,0.0,0.5,500,0.498,0.4541734182578654,0.5418265817421345,0.000959353296
stageb_only,classification,200,16,bonferroni_unadjusted,adaptive,0.35,0.05,0.5,200,0.61,0.5424013077049563,0.6775986922950437,0.0009624668649999
stageb_only,classification,200,16,bonferroni_unadjusted,adaptive,0.35,0.1,0.5,200,0.9,0.8584221212662311,0.941577878733769,0.0010303866649999
stageb_only,classification,200,16,bonferroni_unadjusted,adaptive,0.35,0.2,0.5,200,1.0,1.0,1.0,0.00105244235
stageb_only,classification,200,16,bonferroni_unadjusted,adaptive,0.5,0.0,0.5,500,0.524,0.4802235853820805,0.5677764146179196,0.000920959932
stageb_only,classification,200,16,bonferroni_unadjusted,adaptive,0.5,0.05,0.5,200,0.615,0.5475613300842906,0.6824386699157093,0.000944704395
stageb_only,classification,200,16,bonferroni_unadjusted,adaptive,0.5,0.1,0.5,200,0.905,0.864362482851434,0.945637517148566,0.0010175628049999
stageb_only,classification,200,16,bonferroni_unadjusted,adaptive,0.5,0.2,0.5,200,1.0,1.0,1.0,0.001042122805
stageb_only,classification,200,16,bonferroni_unadjusted,exhaustive,0.02,0.0,0.5,500,0.09,0.0649150626869429,0.115084937313057,0.0018281263079999
stageb_only,classification,200,16,bonferroni_unadjusted,exhaustive,0.02,0.05,0.5,200,0.225,0.1671260421260131,0.2828739578739868,0.0018007961
stageb_only,classification,200,16,bonferroni_unadjusted,exhaustive,0.02,0.1,0.5,200,0.665,0.5995854588031071,0.730414541196893,0.0016565514599999
stageb_only,classification,200,16,bonferroni_unadjusted,exhaustive,0.02,0.2,0.5,200,1.0,1.0,1.0,0.00127582677
stageb_only,classification,200,16,bonferroni_unadjusted,exhaustive,0.05,0.0,0.5,500,0.152,0.1205304314106469,0.1834695685893531,0.003134181726
stageb_only,classification,200,16,bonferroni_unadjusted,exhaustive,0.05,0.05,0.5,200,0.31,0.2459017067309901,0.3740982932690099,0.002849997865
stageb_only,classification,200,16,bonferroni_unadjusted,exhaustive,0.05,0.1,0.5,200,0.75,0.6899875013018122,0.8100124986981878,0.00215785832
stageb_only,classification,200,16,bonferroni_unadjusted,exhaustive,0.05,0.2,0.5,200,1.0,1.0,1.0,0.0013718563799999
stageb_only,classification,200,16,bonferroni_unadjusted,exhaustive,0.1,0.0,0.5,500,0.256,0.2177459413290563,0.2942540586709437,0.0015140632179999
stageb_only,classification,200,16,bonferroni_unadjusted,exhaustive,0.1,0.05,0.5,200,0.38,0.3127288709772164,0.4472711290227836,0.0014872268999999
stageb_only,classification,200,16,bonferroni_unadjusted,exhaustive,0.1,0.1,0.5,200,0.815,0.7611847029182222,0.8688152970817777,0.0013229158199999
stageb_only,classification,200,16,bonferroni_unadjusted,exhaustive,0.1,0.2,0.5,200,1.0,1.0,1.0,0.0011345992149999
stageb_only,classification,200,16,bonferroni_unadjusted,exhaustive,0.2,0.0,0.5,500,0.434,0.3905565657342792,0.4774434342657208,0.001036050364
stageb_only,classification,200,16,bonferroni_unadjusted,exhaustive,0.2,0.05,0.5,200,0.585,0.5167122104618987,0.6532877895381012,0.0009970975999999
stageb_only,classification,200,16,bonferroni_unadjusted,exhaustive,0.2,0.1,0.5,200,0.89,0.8466356920959184,0.9333643079040816,0.00105685377
stageb_only,classification,200,16,bonferroni_unadjusted,exhaustive,0.2,0.2,0.5,200,1.0,1.0,1.0,0.001056068255
stageb_only,classification,200,16,bonferroni_unadjusted,exhaustive,0.35,0.0,0.5,500,0.498,0.4541734182578654,0.5418265817421345,0.0009494147519999
stageb_only,classification,200,16,bonferroni_unadjusted,exhaustive,0.35,0.05,0.5,200,0.61,0.5424013077049563,0.6775986922950437,0.0009561864749998
stageb_only,classification,200,16,bonferroni_unadjusted,exhaustive,0.35,0.1,0.5,200,0.9,0.8584221212662311,0.941577878733769,0.0010212173949999
stageb_only,classification,200,16,bonferroni_unadjusted,exhaustive,0.35,0.2,0.5,200,1.0,1.0,1.0,0.001044512575
stageb_only,classification,200,16,bonferroni_unadjusted,exhaustive,0.5,0.0,0.5,500,0.524,0.4802235853820805,0.5677764146179196,0.0009157181199999
stageb_only,classification,200,16,bonferroni_unadjusted,exhaustive,0.5,0.05,0.5,200,0.615,0.5475613300842906,0.6824386699157093,0.000943303855
stageb_only,classification,200,16,bonferroni_unadjusted,exhaustive,0.5,0.1,0.5,200,0.905,0.864362482851434,0.945637517148566,0.00101253255
stageb_only,classification,200,16,bonferroni_unadjusted,exhaustive,0.5,0.2,0.5,200,1.0,1.0,1.0,0.0010345590299999
stageb_only,classification,200,64,bonferroni_unadjusted,adaptive,0.02,0.0,0.5,500,0.136,0.1059532575343016,0.1660467424656983,0.0039617399279999
stageb_only,classification,200,64,bonferroni_unadjusted,adaptive,0.02,0.05,0.5,200,0.32,0.2553497037903151,0.3846502962096849,0.00348338838
stageb_only,classification,200,64,bonferroni_unadjusted,adaptive,0.02,0.1,0.5,200,0.74,0.6792083953164584,0.8007916046835416,0.0028232796749999
stageb_only,classification,200,64,bonferroni_unadjusted,adaptive,0.02,0.2,0.5,200,1.0,1.0,1.0,0.001779068565
stageb_only,classification,200,64,bonferroni_unadjusted,adaptive,0.05,0.0,0.5,500,0.242,0.2044583501268258,0.2795416498731742,0.0052935234079999
stageb_only,classification,200,64,bonferroni_unadjusted,adaptive,0.05,0.05,0.5,200,0.45,0.3810508883305956,0.5189491116694044,0.0038306638699999
stageb_only,classification,200,64,bonferroni_unadjusted,adaptive,0.05,0.1,0.5,200,0.835,0.7835570004762552,0.8864429995237447,0.00261011439
stageb_only,classification,200,64,bonferroni_unadjusted,adaptive,0.05,0.2,0.5,200,1.0,1.0,1.0,0.0016929506849999
stageb_only,classification,200,64,bonferroni_unadjusted,adaptive,0.1,0.0,0.5,500,0.356,0.3140299968453658,0.3979700031546341,0.0025654365919999
stageb_only,classification,200,64,bonferroni_unadjusted,adaptive,0.1,0.05,0.5,200,0.505,0.4357070003535711,0.574292999646429,0.0022048211199999
stageb_only,classification,200,64,bonferroni_unadjusted,adaptive,0.1,0.1,0.5,200,0.87,0.823390721953671,0.916609278046329,0.0017050781849999
stageb_only,classification,200,64,bonferroni_unadjusted,adaptive,0.1,0.2,0.5,200,1.0,1.0,1.0,0.001454309315
stageb_only,classification,200,64,bonferroni_unadjusted,adaptive,0.2,0.0,0.5,500,0.498,0.4541734182578654,0.5418265817421345,0.0012786260479999
stageb_only,classification,200,64,bonferroni_unadjusted,adaptive,0.2,0.05,0.5,200,0.62,0.5527288709772163,0.6872711290227836,0.0011990282699999
stageb_only,classification,200,64,bonferroni_unadjusted,adaptive,0.2,0.1,0.5,200,0.9,0.8584221212662311,0.941577878733769,0.0013659759799999
stageb_only,classification,200,64,bonferroni_unadjusted,adaptive,0.2,0.2,0.5,200,1.0,1.0,1.0,0.001390016415
stageb_only,classification,200,64,bonferroni_unadjusted,adaptive,0.35,0.0,0.5,500,0.524,0.4802235853820805,0.5677764146179196,0.0011271823079999
stageb_only,classification,200,64,bonferroni_unadjusted,adaptive,0.35,0.05,0.5,200,0.625,0.5579039867056171,0.6920960132943829,0.0011585683999999
stageb_only,classification,200,64,bonferroni_unadjusted,adaptive,0.35,0.1,0.5,200,0.905,0.864362482851434,0.945637517148566,0.001314354335
stageb_only,classification,200,64,bonferroni_unadjusted,adaptive,0.35,0.2,0.5,200,1.0,1.0,1.0,0.0013675926249999
stageb_only,classification,200,64,bonferroni_unadjusted,adaptive,0.5,0.0,0.5,500,0.53,0.4862520272469683,0.5737479727530317,0.0010804852979999
stageb_only,classification,200,64,bonferroni_unadjusted,adaptive,0.5,0.05,0.5,200,0.625,0.5579039867056171,0.6920960132943829,0.0011317250099999
stageb_only,classification,200,64,bonferroni_unadjusted,adaptive,0.5,0.1,0.5,200,0.905,0.864362482851434,0.945637517148566,0.001304735205
stageb_only,classification,200,64,bonferroni_unadjusted,adaptive,0.5,0.2,0.5,200,1.0,1.0,1.0,0.0013624565499999
stageb_only,classification,200,64,bonferroni_unadjusted,exhaustive,0.02,0.0,0.5,500,0.14,0.1095852456856873,0.1704147543143126,0.003891458482
stageb_only,classification,200,64,bonferroni_unadjusted,exhaustive,0.02,0.05,0.5,200,0.32,0.2553497037903151,0.3846502962096849,0.0034043634299999
stageb_only,classification,200,64,bonferroni_unadjusted,exhaustive,0.02,0.1,0.5,200,0.74,0.6792083953164584,0.8007916046835416,0.0027658094299999
stageb_only,classification,200,64,bonferroni_unadjusted,exhaustive,0.02,0.2,0.5,200,1.0,1.0,1.0,0.0017375631249998
stageb_only,classification,200,64,bonferroni_unadjusted,exhaustive,0.05,0.0,0.5,500,0.242,0.2044583501268258,0.2795416498731742,0.007464170828
stageb_only,classification,200,64,bonferroni_unadjusted,exhaustive,0.05,0.05,0.5,200,0.45,0.3810508883305956,0.5189491116694044,0.00515136948
stageb_only,classification,200,64,bonferroni_unadjusted,exhaustive,0.05,0.1,0.5,200,0.835,0.7835570004762552,0.8864429995237447,0.003131176075
stageb_only,classification,200,64,bonferroni_unadjusted,exhaustive,0.05,0.2,0.5,200,1.0,1.0,1.0,0.0017039085599999
stageb_only,classification,200,64,bonferroni_unadjusted,exhaustive,0.1,0.0,0.5,500,0.356,0.3140299968453658,0.3979700031546341,0.002622743388
stageb_only,classification,200,64,bonferroni_unadjusted,exhaustive,0.1,0.05,0.5,200,0.505,0.4357070003535711,0.574292999646429,0.0022535660299999
stageb_only,classification,200,64,bonferroni_unadjusted,exhaustive,0.1,0.1,0.5,200,0.87,0.823390721953671,0.916609278046329,0.0017266037599999
stageb_only,classification,200,64,bonferroni_unadjusted,exhaustive,0.1,0.2,0.5,200,1.0,1.0,1.0,0.0014610769250001
stageb_only,classification,200,64,bonferroni_unadjusted,exhaustive,0.2,0.0,0.5,500,0.498,0.4541734182578654,0.5418265817421345,0.0013004550219999
stageb_only,classification,200,64,bonferroni_unadjusted,exhaustive,0.2,0.05,0.5,200,0.62,0.5527288709772163,0.6872711290227836,0.0012120695049999
stageb_only,classification,200,64,bonferroni_unadjusted,exhaustive,0.2,0.1,0.5,200,0.9,0.8584221212662311,0.941577878733769,0.001378423465
stageb_only,classification,200,64,bonferroni_unadjusted,exhaustive,0.2,0.2,0.5,200,1.0,1.0,1.0,0.0013974869999999
stageb_only,classification,200,64,bonferroni_unadjusted,exhaustive,0.35,0.0,0.5,500,0.524,0.4802235853820805,0.5677764146179196,0.001130187674
stageb_only,classification,200,64,bonferroni_unadjusted,exhaustive,0.35,0.05,0.5,200,0.625,0.5579039867056171,0.6920960132943829,0.0011497847249999
stageb_only,classification,200,64,bonferroni_unadjusted,exhaustive,0.35,0.1,0.5,200,0.905,0.864362482851434,0.945637517148566,0.0013086042649999
stageb_only,classification,200,64,bonferroni_unadjusted,exhaustive,0.35,0.2,0.5,200,1.0,1.0,1.0,0.00137945754
stageb_only,classification,200,64,bonferroni_unadjusted,exhaustive,0.5,0.0,0.5,500,0.53,0.4862520272469683,0.5737479727530317,0.001094180682
stageb_only,classification,200,64,bonferroni_unadjusted,exhaustive,0.5,0.05,0.5,200,0.625,0.5579039867056171,0.6920960132943829,0.0011491438999999
stageb_only,classification,200,64,bonferroni_unadjusted,exhaustive,0.5,0.1,0.5,200,0.905,0.864362482851434,0.945637517148566,0.0013177882249999
stageb_only,classification,200,64,bonferroni_unadjusted,exhaustive,0.5,0.2,0.5,200,1.0,1.0,1.0,0.0013754663850001
stageb_only,classification,200,256,bonferroni_unadjusted,adaptive,0.02,0.0,0.5,500,0.166,0.1333856942309053,0.1986143057690946,0.009391679338
stageb_only,classification,200,256,bonferroni_unadjusted,adaptive,0.02,0.05,0.5,200,0.34,0.2743473138401786,0.4056526861598214,0.0080264402199998
stageb_only,classification,200,256,bonferroni_unadjusted,adaptive,0.02,0.1,0.5,200,0.775,0.7171260421260132,0.8328739578739869,0.0055452492150001
stageb_only,classification,200,256,bonferroni_unadjusted,adaptive,0.02,0.2,0.5,200,1.0,1.0,1.0,0.0030477724049998
stageb_only,classification,200,256,bonferroni_unadjusted,adaptive,0.05,0.0,0.5,500,0.298,0.2579089198549104,0.3380910801450896,0.0119373781719999
stageb_only,classification,200,256,bonferroni_unadjusted,adaptive,0.05,0.05,0.5,200,0.49,0.4207173961228361,0.5592826038771639,0.0079318379150001
stageb_only,classification,200,256,bonferroni_unadjusted,adaptive,0.05,0.1,0.5,200,0.855,0.8062013135422683,0.9037986864577316,0.0046978036649997
stageb_only,classification,200,256,bonferroni_unadjusted,adaptive,0.05,0.2,0.5,200,1.0,1.0,1.0,0.0025354014149999
stageb_only,classification,200,256,bonferroni_unadjusted,adaptive,0.1,0.0,0.5,500,0.402,0.3590231393980435,0.4449768606019565,0.0048540451659999
stageb_only,classification,200,256,bonferroni_unadjusted,adaptive,0.1,0.05,0.5,200,0.54,0.4709256400681121,0.609074359931888,0.00393529405
stageb_only,classification,200,256,bonferroni_unadjusted,adaptive,0.1,0.1,0.5,200,0.875,0.8291646970120192,0.9208353029879808,0.0029413537850001
stageb_only,classification,200,256,bonferroni_unadjusted,adaptive,0.1,0.2,0.5,200,1.0,1.0,1.0,0.00229284129
stageb_only,classification,200,256,bonferroni_unadjusted,adaptive,0.2,0.0,0.5,500,0.51,0.4661818339041899,0.5538181660958101,0.0018984206199999
stageb_only,classification,200,256,bonferroni_unadjusted,adaptive,0.2,0.05,0.5,200,0.62,0.5527288709772163,0.6872711290227836,0.00178632149
stageb_only,classification,200,256,bonferroni_unadjusted,adaptive,0.2,0.1,0.5,200,0.9,0.8584221212662311,0.941577878733769,0.0021832981949998
stageb_only,classification,200,256,bonferroni_unadjusted,adaptive,0.2,0.2,0.5,200,1.0,1.0,1.0,0.0022268503
stageb_only,classification,200,256,bonferroni_unadjusted,adaptive,0.35,0.0,0.5,500,0.526,0.482232361763513,0.569767638236487,0.001601550148
stageb_only,classification,200,256,bonferroni_unadjusted,adaptive,0.35,0.05,0.5,200,0.625,0.5579039867056171,0.6920960132943829,0.00166803009
stageb_only,classification,200,256,bonferroni_unadjusted,adaptive,0.35,0.1,0.5,200,0.905,0.864362482851434,0.945637517148566,0.0020750088349998
stageb_only,classification,200,256,bonferroni_unadjusted,adaptive,0.35,0.2,0.5,200,1.0,1.0,1.0,0.00221363862
stageb_only,classification,200,256,bonferroni_unadjusted,adaptive,0.5,0.0,0.5,500,0.53,0.4862520272469683,0.5737479727530317,0.001518246552
stageb_only,classification,200,256,bonferroni_unadjusted,adaptive,0.5,0.05,0.5,200,0.625,0.5579039867056171,0.6920960132943829,0.001666239445
stageb_only,classification,200,256,bonferroni_unadjusted,adaptive,0.5,0.1,0.5,200,0.905,0.864362482851434,0.945637517148566,0.0020613806899999
stageb_only,classification,200,256,bonferroni_unadjusted,adaptive,0.5,0.2,0.5,200,1.0,1.0,1.0,0.0021989436449999
stageb_only,classification,200,256,bonferroni_unadjusted,exhaustive,0.02,0.0,0.5,500,0.166,0.1333856942309053,0.1986143057690946,0.0095297105019999
stageb_only,classification,200,256,bonferroni_unadjusted,exhaustive,0.02,0.05,0.5,200,0.34,0.2743473138401786,0.4056526861598214,0.00791893195
stageb_only,classification,200,256,bonferroni_unadjusted,exhaustive,0.02,0.1,0.5,200,0.78,0.722588391417763,0.8374116085822371,0.00535171238
stageb_only,classification,200,256,bonferroni_unadjusted,exhaustive,0.02,0.2,0.5,200,1.0,1.0,1.0,0.0030274540499999
stageb_only,classification,200,256,bonferroni_unadjusted,exhaustive,0.05,0.0,0.5,500,0.298,0.2579089198549104,0.3380910801450896,0.0170434390359999
stageb_only,classification,200,256,bonferroni_unadjusted,exhaustive,0.05,0.05,0.5,200,0.49,0.4207173961228361,0.5592826038771639,0.0108990927349998
stageb_only,classification,200,256,bonferroni_unadjusted,exhaustive,0.05,0.1,0.5,200,0.855,0.8062013135422683,0.9037986864577316,0.00576731668
stageb_only,classification,200,256,bonferroni_unadjusted,exhaustive,0.05,0.2,0.5,200,1.0,1.0,1.0,0.0025459955549999
stageb_only,classification,200,256,bonferroni_unadjusted,exhaustive,0.1,0.0,0.5,500,0.402,0.3590231393980435,0.4449768606019565,0.004939077364
stageb_only,classification,200,256,bonferroni_unadjusted,exhaustive,0.1,0.05,0.5,200,0.54,0.4709256400681121,0.609074359931888,0.0040089335249999
stageb_only,classification,200,256,bonferroni_unadjusted,exhaustive,0.1,0.1,0.5,200,0.875,0.8291646970120192,0.9208353029879808,0.0029944813449998
stageb_only,classification,200,256,bonferroni_unadjusted,exhaustive,0.1,0.2,0.5,200,1.0,1.0,1.0,0.0023109166149998
stageb_only,classification,200,256,bonferroni_unadjusted,exhaustive,0.2,0.0,0.5,500,0.51,0.4661818339041899,0.5538181660958101,0.0019159975
stageb_only,classification,200,256,bonferroni_unadjusted,exhaustive,0.2,0.05,0.5,200,0.62,0.5527288709772163,0.6872711290227836,0.001783866275
stageb_only,classification,200,256,bonferroni_unadjusted,exhaustive,0.2,0.1,0.5,200,0.9,0.8584221212662311,0.941577878733769,0.0021913774349999
stageb_only,classification,200,256,bonferroni_unadjusted,exhaustive,0.2,0.2,0.5,200,1.0,1.0,1.0,0.0022268854
stageb_only,classification,200,256,bonferroni_unadjusted,exhaustive,0.35,0.0,0.5,500,0.526,0.482232361763513,0.569767638236487,0.001614281218
stageb_only,classification,200,256,bonferroni_unadjusted,exhaustive,0.35,0.05,0.5,200,0.625,0.5579039867056171,0.6920960132943829,0.0016931908699999
stageb_only,classification,200,256,bonferroni_unadjusted,exhaustive,0.35,0.1,0.5,200,0.905,0.864362482851434,0.945637517148566,0.0020887926849999
stageb_only,classification,200,256,bonferroni_unadjusted,exhaustive,0.35,0.2,0.5,200,1.0,1.0,1.0,0.002221628405
stageb_only,classification,200,256,bonferroni_unadjusted,exhaustive,0.5,0.0,0.5,500,0.53,0.4862520272469683,0.5737479727530317,0.0015357987859999
stageb_only,classification,200,256,bonferroni_unadjusted,exhaustive,0.5,0.05,0.5,200,0.625,0.5579039867056171,0.6920960132943829,0.0016794999749998
stageb_only,classification,200,256,bonferroni_unadjusted,exhaustive,0.5,0.1,0.5,200,0.905,0.864362482851434,0.945637517148566,0.0020707315199999
stageb_only,classification,200,256,bonferroni_unadjusted,exhaustive,0.5,0.2,0.5,200,1.0,1.0,1.0,0.0022026552050002
stageb_only,classification,500,16,bonferroni_unadjusted,adaptive,0.02,0.0,0.5,500,0.096,0.0701779391062603,0.1218220608937396,0.002124352906
stageb_only,classification,500,16,bonferroni_unadjusted,adaptive,0.02,0.05,0.5,200,0.495,0.425707000353571,0.564292999646429,0.00216847817
stageb_only,classification,500,16,bonferroni_unadjusted,adaptive,0.02,0.1,0.5,200,0.955,0.9262691141800328,0.9837308858199671,0.0015861596000002
stageb_only,classification,500,16,bonferroni_unadjusted,adaptive,0.02,0.2,0.5,200,1.0,1.0,1.0,0.0015300759449999
stageb_only,classification,500,16,bonferroni_unadjusted,adaptive,0.05,0.0,0.5,500,0.172,0.1389211455579247,0.2050788544420752,0.0031592943859999
stageb_only,classification,500,16,bonferroni_unadjusted,adaptive,0.05,0.05,0.5,200,0.605,0.5372487505650265,0.6727512494349734,0.0028735849699998
stageb_only,classification,500,16,bonferroni_unadjusted,adaptive,0.05,0.1,0.5,200,0.98,0.9605969899242413,0.9994030100757588,0.0017603226950001
stageb_only,classification,500,16,bonferroni_unadjusted,adaptive,0.05,0.2,0.5,200,1.0,1.0,1.0,0.0017166266499998
stageb_only,classification,500,16,bonferroni_unadjusted,adaptive,0.1,0.0,0.5,500,0.248,0.2101465184269663,0.2858534815730337,0.001827194152
stageb_only,classification,500,16,bonferroni_unadjusted,adaptive,0.1,0.05,0.5,200,0.655,0.589117317905234,0.720882682094766,0.001738080115
stageb_only,classification,500,16,bonferroni_unadjusted,adaptive,0.1,0.1,0.5,200,0.975,0.9533621858774968,0.9966378141225032,0.0013381739999999
stageb_only,classification,500,16,bonferroni_unadjusted,adaptive,0.1,0.2,0.5,200,1.0,1.0,1.0,0.0013014339
stageb_only,classification,500,16,bonferroni_unadjusted,adaptive,0.2,0.0,0.5,500,0.432,0.3885802708069246,0.4754197291930753,0.0011355155739998
stageb_only,classification,500,16,bonferroni_unadjusted,adaptive,0.2,0.05,0.5,200,0.815,0.7611847029182222,0.8688152970817777,0.00116627201
stageb_only,classification,500,16,bonferroni_unadjusted,adaptive,0.2,0.1,0.5,200,0.99,0.9762101776661192,1.0,0.00118632009
stageb_only,classification,500,16,bonferroni_unadjusted,adaptive,0.2,0.2,0.5,200,1.0,1.0,1.0,0.0011905224150001
stageb_only,classification,500,16,bonferroni_unadjusted,adaptive,0.35,0.0,0.5,500,0.498,0.4541734182578654,0.5418265817421345,0.0010271384559999
stageb_only,classification,500,16,bonferroni_unadjusted,adaptive,0.35,0.05,0.5,200,0.83,0.7779399500576497,0.8820600499423502,0.001118992305
stageb_only,classification,500,16,bonferroni_unadjusted,adaptive,0.35,0.1,0.5,200,0.99,0.9762101776661192,1.0,0.0011635084399998
stageb_only,classification,500,16,bonferroni_unadjusted,adaptive,0.35,0.2,0.5,200,1.0,1.0,1.0,0.0011659935049999
stageb_only,classification,500,16,bonferroni_unadjusted,adaptive,0.5,0.0,0.5,500,0.516,0.4721955127777987,0.5598044872222013,0.000986060714
stageb_only,classification,500,16,bonferroni_unadjusted,adaptive,0.5,0.05,0.5,200,0.835,0.7835570004762552,0.8864429995237447,0.0010995020499998
stageb_only,classification,500,16,bonferroni_unadjusted,adaptive,0.5,0.1,0.5,200,0.99,0.9762101776661192,1.0,0.0011402119099997
stageb_only,classification,500,16,bonferroni_unadjusted,adaptive,0.5,0.2,0.5,200,1.0,1.0,1.0,0.0011396112549999
stageb_only,classification,500,16,bonferroni_unadjusted,exhaustive,0.02,0.0,0.5,500,0.096,0.0701779391062603,0.1218220608937396,0.0022760762259999
stageb_only,classification,500,16,bonferroni_unadjusted,exhaustive,0.02,0.05,0.5,200,0.495,0.425707000353571,0.564292999646429,0.0022667661899998
stageb_only,classification,500,16,bonferroni_unadjusted,exhaustive,0.02,0.1,0.5,200,0.955,0.9262691141800328,0.9837308858199671,0.0015513116799999
stageb_only,classification,500,16,bonferroni_unadjusted,exhaustive,0.02,0.2,0.5,200,1.0,1.0,1.0,0.0014733526399999
stageb_only,classification,500,16,bonferroni_unadjusted,exhaustive,0.05,0.0,0.5,500,0.172,0.1389211455579247,0.2050788544420752,0.004332974476
stageb_only,classification,500,16,bonferroni_unadjusted,exhaustive,0.05,0.05,0.5,200,0.605,0.5372487505650265,0.6727512494349734,0.0036444073800001
stageb_only,classification,500,16,bonferroni_unadjusted,exhaustive,0.05,0.1,0.5,200,0.98,0.9605969899242413,0.9994030100757588,0.0017962567649999
stageb_only,classification,500,16,bonferroni_unadjusted,exhaustive,0.05,0.2,0.5,200,1.0,1.0,1.0,0.00172421845
stageb_only,classification,500,16,bonferroni_unadjusted,exhaustive,0.1,0.0,0.5,500,0.248,0.2101465184269663,0.2858534815730337,0.00185298505
stageb_only,classification,500,16,bonferroni_unadjusted,exhaustive,0.1,0.05,0.5,200,0.655,0.589117317905234,0.720882682094766,0.0017610627999999
stageb_only,classification,500,16,bonferroni_unadjusted,exhaustive,0.1,0.1,0.5,200,0.975,0.9533621858774968,0.9966378141225032,0.0013471730650002
stageb_only,classification,500,16,bonferroni_unadjusted,exhaustive,0.1,0.2,0.5,200,1.0,1.0,1.0,0.001309970995
stageb_only,classification,500,16,bonferroni_unadjusted,exhaustive,0.2,0.0,0.5,500,0.432,0.3885802708069246,0.4754197291930753,0.0011342543139999
stageb_only,classification,500,16,bonferroni_unadjusted,exhaustive,0.2,0.05,0.5,200,0.815,0.7611847029182222,0.8688152970817777,0.001163705545
stageb_only,classification,500,16,bonferroni_unadjusted,exhaustive,0.2,0.1,0.5,200,0.99,0.9762101776661192,1.0,0.0011788856750001
stageb_only,classification,500,16,bonferroni_unadjusted,exhaustive,0.2,0.2,0.5,200,1.0,1.0,1.0,0.0011951809449999
stageb_only,classification,500,16,bonferroni_unadjusted,exhaustive,0.35,0.0,0.5,500,0.498,0.4541734182578654,0.5418265817421345,0.0010340311539999
stageb_only,classification,500,16,bonferroni_unadjusted,exhaustive,0.35,0.05,0.5,200,0.83,0.7779399500576497,0.8820600499423502,0.0011286187849998
stageb_only,classification,500,16,bonferroni_unadjusted,exhaustive,0.35,0.1,0.5,200,0.99,0.9762101776661192,1.0,0.0011671178349999
stageb_only,classification,500,16,bonferroni_unadjusted,exhaustive,0.35,0.2,0.5,200,1.0,1.0,1.0,0.001171884725
stageb_only,classification,500,16,bonferroni_unadjusted,exhaustive,0.5,0.0,0.5,500,0.516,0.4721955127777987,0.5598044872222013,0.0009920159079999
stageb_only,classification,500,16,bonferroni_unadjusted,exhaustive,0.5,0.05,0.5,200,0.835,0.7835570004762552,0.8864429995237447,0.001102258475
stageb_only,classification,500,16,bonferroni_unadjusted,exhaustive,0.5,0.1,0.5,200,0.99,0.9762101776661192,1.0,0.0011517316049997
stageb_only,classification,500,16,bonferroni_unadjusted,exhaustive,0.5,0.2,0.5,200,1.0,1.0,1.0,0.0011572965050001
stageb_only,classification,500,64,bonferroni_unadjusted,adaptive,0.02,0.0,0.5,500,0.17,0.1370743334160111,0.2029256665839888,0.004511316182
stageb_only,classification,500,64,bonferroni_unadjusted,adaptive,0.02,0.05,0.5,200,0.625,0.5579039867056171,0.6920960132943829,0.0037289804650001
stageb_only,classification,500,64,bonferroni_unadjusted,adaptive,0.02,0.1,0.5,200,0.985,0.9681536888310824,1.0,0.0021000129449998
stageb_only,classification,500,64,bonferroni_unadjusted,adaptive,0.02,0.2,0.5,200,1.0,1.0,1.0,0.002081061005
stageb_only,classification,500,64,bonferroni_unadjusted,adaptive,0.05,0.0,0.5,500,0.27,0.2310852377625148,0.3089147622374851,0.0069816770139999
stageb_only,classification,500,64,bonferroni_unadjusted,adaptive,0.05,0.05,0.5,200,0.71,0.6471117880680329,0.772888211931967,0.0048448589299999
stageb_only,classification,500,64,bonferroni_unadjusted,adaptive,0.05,0.1,0.5,200,0.985,0.9681536888310824,1.0,0.0021993367999999
stageb_only,classification,500,64,bonferroni_unadjusted,adaptive,0.05,0.2,0.5,200,1.0,1.0,1.0,0.0021018608449998
stageb_only,classification,500,64,bonferroni_unadjusted,adaptive,0.1,0.0,0.5,500,0.362,0.3198754093289916,0.4041245906710083,0.0030430615899999
stageb_only,classification,500,64,bonferroni_unadjusted,adaptive,0.1,0.05,0.5,200,0.775,0.7171260421260132,0.8328739578739869,0.00233597508
stageb_only,classification,500,64,bonferroni_unadjusted,adaptive,0.1,0.1,0.5,200,0.985,0.9681536888310824,1.0,0.001747521865
stageb_only,classification,500,64,bonferroni_unadjusted,adaptive,0.1,0.2,0.5,200,1.0,1.0,1.0,0.0016945890499999
stageb_only,classification,500,64,bonferroni_unadjusted,adaptive,0.2,0.0,0.5,500,0.498,0.4541734182578654,0.5418265817421345,0.0013540212079999
stageb_only,classification,500,64,bonferroni_unadjusted,adaptive,0.2,0.05,0.5,200,0.835,0.7835570004762552,0.8864429995237447,0.0014972885299999
stageb_only,classification,500,64,bonferroni_unadjusted,adaptive,0.2,0.1,0.5,200,0.99,0.9762101776661192,1.0,0.0015749025100001
stageb_only,classification,500,64,bonferroni_unadjusted,adaptive,0.2,0.2,0.5,200,1.0,1.0,1.0,0.0015812885899998
stageb_only,classification,500,64,bonferroni_unadjusted,adaptive,0.35,0.0,0.5,500,0.52,0.4762081432227406,0.5637918567772594,0.0012051025319999
stageb_only,classification,500,64,bonferroni_unadjusted,adaptive,0.35,0.05,0.5,200,0.84,0.7891909929244824,0.8908090070755176,0.0014266361899998
stageb_only,classification,500,64,bonferroni_unadjusted,adaptive,0.35,0.1,0.5,200,0.99,0.9762101776661192,1.0,0.0015403788149998
stageb_only,classification,500,64,bonferroni_unadjusted,adaptive,0.35,0.2,0.5,200,1.0,1.0,1.0,0.0015487922150001
stageb_only,classification,500,64,bonferroni_unadjusted,adaptive,0.5,0.0,0.5,500,0.52,0.4762081432227406,0.5637918567772594,0.0011803171579999
stageb_only,classification,500,64,bonferroni_unadjusted,adaptive,0.5,0.05,0.5,200,0.84,0.7891909929244824,0.8908090070755176,0.0013960080649999
stageb_only,classification,500,64,bonferroni_unadjusted,adaptive,0.5,0.1,0.5,200,0.99,0.9762101776661192,1.0,0.0015049712549998
stageb_only,classification,500,64,bonferroni_unadjusted,adaptive,0.5,0.2,0.5,200,1.0,1.0,1.0,0.0015148012299999
stageb_only,classification,500,64,bonferroni_unadjusted,exhaustive,0.02,0.0,0.5,500,0.17,0.1370743334160111,0.2029256665839888,0.005002807628
stageb_only,classification,500,64,bonferroni_unadjusted,exhaustive,0.02,0.05,0.5,200,0.625,0.5579039867056171,0.6920960132943829,0.004001336455
stageb_only,classification,500,64,bonferroni_unadjusted,exhaustive,0.02,0.1,0.5,200,0.985,0.9681536888310824,1.0,0.0020494961650001
stageb_only,classification,500,64,bonferroni_unadjusted,exhaustive,0.02,0.2,0.5,200,1.0,1.0,1.0,0.0020199482599997
stageb_only,classification,500,64,bonferroni_unadjusted,exhaustive,0.05,0.0,0.5,500,0.27,0.2310852377625148,0.3089147622374851,0.010215620402
stageb_only,classification,500,64,bonferroni_unadjusted,exhaustive,0.05,0.05,0.5,200,0.71,0.6471117880680329,0.772888211931967,0.0065301469799999
stageb_only,classification,500,64,bonferroni_unadjusted,exhaustive,0.05,0.1,0.5,200,0.985,0.9681536888310824,1.0,0.0022516982850001
stageb_only,classification,500,64,bonferroni_unadjusted,exhaustive,0.05,0.2,0.5,200,1.0,1.0,1.0,0.0020871277
stageb_only,classification,500,64,bonferroni_unadjusted,exhaustive,0.1,0.0,0.5,500,0.362,0.3198754093289916,0.4041245906710083,0.003017792062
stageb_only,classification,500,64,bonferroni_unadjusted,exhaustive,0.1,0.05,0.5,200,0.775,0.7171260421260132,0.8328739578739869,0.0023104821800001
stageb_only,classification,500,64,bonferroni_unadjusted,exhaustive,0.1,0.1,0.5,200,0.985,0.9681536888310824,1.0,0.00172346081
stageb_only,classification,500,64,bonferroni_unadjusted,exhaustive,0.1,0.2,0.5,200,1.0,1.0,1.0,0.0016744962550001
stageb_only,classification,500,64,bonferroni_unadjusted,exhaustive,0.2,0.0,0.5,500,0.498,0.4541734182578654,0.5418265817421345,0.0013373807
stageb_only,classification,500,64,bonferroni_unadjusted,exhaustive,0.2,0.05,0.5,200,0.835,0.7835570004762552,0.8864429995237447,0.0014722696749998
stageb_only,classification,500,64,bonferroni_unadjusted,exhaustive,0.2,0.1,0.5,200,0.99,0.9762101776661192,1.0,0.0015535101149998
stageb_only,classification,500,64,bonferroni_unadjusted,exhaustive,0.2,0.2,0.5,200,1.0,1.0,1.0,0.0015624686249998
stageb_only,classification,500,64,bonferroni_unadjusted,exhaustive,0.35,0.0,0.5,500,0.52,0.4762081432227406,0.5637918567772594,0.001196836888
stageb_only,classification,500,64,bonferroni_unadjusted,exhaustive,0.35,0.05,0.5,200,0.84,0.7891909929244824,0.8908090070755176,0.0014156532449999
stageb_only,classification,500,64,bonferroni_unadjusted,exhaustive,0.35,0.1,0.5,200,0.99,0.9762101776661192,1.0,0.00152810359
stageb_only,classification,500,64,bonferroni_unadjusted,exhaustive,0.35,0.2,0.5,200,1.0,1.0,1.0,0.001537978725
stageb_only,classification,500,64,bonferroni_unadjusted,exhaustive,0.5,0.0,0.5,500,0.52,0.4762081432227406,0.5637918567772594,0.0011768170639999
stageb_only,classification,500,64,bonferroni_unadjusted,exhaustive,0.5,0.05,0.5,200,0.84,0.7891909929244824,0.8908090070755176,0.0014207373600001
stageb_only,classification,500,64,bonferroni_unadjusted,exhaustive,0.5,0.1,0.5,200,0.99,0.9762101776661192,1.0,0.0015296181350001
stageb_only,classification,500,64,bonferroni_unadjusted,exhaustive,0.5,0.2,0.5,200,1.0,1.0,1.0,0.0015355393149999
stageb_only,classification,500,256,bonferroni_unadjusted,adaptive,0.02,0.0,0.5,500,0.224,0.1874551705873457,0.2605448294126543,0.0126800073319999
stageb_only,classification,500,256,bonferroni_unadjusted,adaptive,0.02,0.05,0.5,200,0.66,0.5943473138401787,0.7256526861598214,0.0097757644400002
stageb_only,classification,500,256,bonferroni_unadjusted,adaptive,0.02,0.1,0.5,200,0.985,0.9681536888310824,1.0,0.0043232020300001
stageb_only,classification,500,256,bonferroni_unadjusted,adaptive,0.02,0.2,0.5,200,1.0,1.0,1.0,0.0041907836699999
stageb_only,classification,500,256,bonferroni_unadjusted,adaptive,0.05,0.0,0.5,500,0.314,0.2733184069535127,0.3546815930464873,0.020445598234
stageb_only,classification,500,256,bonferroni_unadjusted,adaptive,0.05,0.05,0.5,200,0.735,0.6738343380645644,0.7961656619354356,0.0124794095949999
stageb_only,classification,500,256,bonferroni_unadjusted,adaptive,0.05,0.1,0.5,200,0.985,0.9681536888310824,1.0,0.00397503295
stageb_only,classification,500,256,bonferroni_unadjusted,adaptive,0.05,0.2,0.5,200,1.0,1.0,1.0,0.00356869265
stageb_only,classification,500,256,bonferroni_unadjusted,adaptive,0.1,0.0,0.5,500,0.406,0.3629545444349813,0.4490454555650187,0.0072238305659999
stageb_only,classification,500,256,bonferroni_unadjusted,adaptive,0.1,0.05,0.5,200,0.81,0.7556298684938136,0.8643701315061865,0.0042354609450001
stageb_only,classification,500,256,bonferroni_unadjusted,adaptive,0.1,0.1,0.5,200,0.985,0.9681536888310824,1.0,0.003346920605
stageb_only,classification,500,256,bonferroni_unadjusted,adaptive,0.1,0.2,0.5,200,1.0,1.0,1.0,0.0031597036249999
stageb_only,classification,500,256,bonferroni_unadjusted,adaptive,0.2,0.0,0.5,500,0.51,0.4661818339041899,0.5538181660958101,0.002323433232
stageb_only,classification,500,256,bonferroni_unadjusted,adaptive,0.2,0.05,0.5,200,0.835,0.7835570004762552,0.8864429995237447,0.0028657745699999
stageb_only,classification,500,256,bonferroni_unadjusted,adaptive,0.2,0.1,0.5,200,0.99,0.9762101776661192,1.0,0.0030914655149999
stageb_only,classification,500,256,bonferroni_unadjusted,adaptive,0.2,0.2,0.5,200,1.0,1.0,1.0,0.0031193325649999
stageb_only,classification,500,256,bonferroni_unadjusted,adaptive,0.35,0.0,0.5,500,0.522,0.4782155126648718,0.5657844873351282,0.001994065672
stageb_only,classification,500,256,bonferroni_unadjusted,adaptive,0.35,0.05,0.5,200,0.84,0.7891909929244824,0.8908090070755176,0.0026668923549999
stageb_only,classification,500,256,bonferroni_unadjusted,adaptive,0.35,0.1,0.5,200,0.99,0.9762101776661192,1.0,0.0029891551700001
stageb_only,classification,500,256,bonferroni_unadjusted,adaptive,0.35,0.2,0.5,200,1.0,1.0,1.0,0.0030230569950001
stageb_only,classification,500,256,bonferroni_unadjusted,adaptive,0.5,0.0,0.5,500,0.522,0.4782155126648718,0.5657844873351282,0.0019528192619999
stageb_only,classification,500,256,bonferroni_unadjusted,adaptive,0.5,0.05,0.5,200,0.84,0.7891909929244824,0.8908090070755176,0.0026485604749998
stageb_only,classification,500,256,bonferroni_unadjusted,adaptive,0.5,0.1,0.5,200,0.99,0.9762101776661192,1.0,0.0029835503649999
stageb_only,classification,500,256,bonferroni_unadjusted,adaptive,0.5,0.2,0.5,200,1.0,1.0,1.0,0.0030101333299998
stageb_only,classification,500,256,bonferroni_unadjusted,exhaustive,0.02,0.0,0.5,500,0.224,0.1874551705873457,0.2605448294126543,0.01482448207
stageb_only,classification,500,256,bonferroni_unadjusted,exhaustive,0.02,0.05,0.5,200,0.66,0.5943473138401787,0.7256526861598214,0.0107427250949999
stageb_only,classification,500,256,bonferroni_unadjusted,exhaustive,0.02,0.1,0.5,200,0.985,0.9681536888310824,1.0,0.0042904290999999
stageb_only,classification,500,256,bonferroni_unadjusted,exhaustive,0.02,0.2,0.5,200,1.0,1.0,1.0,0.0041385687749999
stageb_only,classification,500,256,bonferroni_unadjusted,exhaustive,0.05,0.0,0.5,500,0.314,0.2733184069535127,0.3546815930464873,0.0319299137599999
stageb_only,classification,500,256,bonferroni_unadjusted,exhaustive,0.05,0.05,0.5,200,0.735,0.6738343380645644,0.7961656619354356,0.017961082365
stageb_only,classification,500,256,bonferroni_unadjusted,exhaustive,0.05,0.1,0.5,200,0.985,0.9681536888310824,1.0,0.0042633182
stageb_only,classification,500,256,bonferroni_unadjusted,exhaustive,0.05,0.2,0.5,200,1.0,1.0,1.0,0.0035757286599999
stageb_only,classification,500,256,bonferroni_unadjusted,exhaustive,0.1,0.0,0.5,500,0.406,0.3629545444349813,0.4490454555650187,0.0073687669699999
stageb_only,classification,500,256,bonferroni_unadjusted,exhaustive,0.1,0.05,0.5,200,0.81,0.7556298684938136,0.8643701315061865,0.004287353745
stageb_only,classification,500,256,bonferroni_unadjusted,exhaustive,0.1,0.1,0.5,200,0.985,0.9681536888310824,1.0,0.0033643480750001
stageb_only,classification,500,256,bonferroni_unadjusted,exhaustive,0.1,0.2,0.5,200,1.0,1.0,1.0,0.0031670037500001
stageb_only,classification,500,256,bonferroni_unadjusted,exhaustive,0.2,0.0,0.5,500,0.51,0.4661818339041899,0.5538181660958101,0.002351121904
stageb_only,classification,500,256,bonferroni_unadjusted,exhaustive,0.2,0.05,0.5,200,0.835,0.7835570004762552,0.8864429995237447,0.0028272931750001
stageb_only,classification,500,256,bonferroni_unadjusted,exhaustive,0.2,0.1,0.5,200,0.99,0.9762101776661192,1.0,0.0030314763450002
stageb_only,classification,500,256,bonferroni_unadjusted,exhaustive,0.2,0.2,0.5,200,1.0,1.0,1.0,0.0030598281499999
stageb_only,classification,500,256,bonferroni_unadjusted,exhaustive,0.35,0.0,0.5,500,0.522,0.4782155126648718,0.5657844873351282,0.0020036511959999
stageb_only,classification,500,256,bonferroni_unadjusted,exhaustive,0.35,0.05,0.5,200,0.84,0.7891909929244824,0.8908090070755176,0.0026780800950001
stageb_only,classification,500,256,bonferroni_unadjusted,exhaustive,0.35,0.1,0.5,200,0.99,0.9762101776661192,1.0,0.0030111981899997
stageb_only,classification,500,256,bonferroni_unadjusted,exhaustive,0.35,0.2,0.5,200,1.0,1.0,1.0,0.003034912525
stageb_only,classification,500,256,bonferroni_unadjusted,exhaustive,0.5,0.0,0.5,500,0.522,0.4782155126648718,0.5657844873351282,0.0019611184139999
stageb_only,classification,500,256,bonferroni_unadjusted,exhaustive,0.5,0.05,0.5,200,0.84,0.7891909929244824,0.8908090070755176,0.0026598184149997
stageb_only,classification,500,256,bonferroni_unadjusted,exhaustive,0.5,0.1,0.5,200,0.99,0.9762101776661192,1.0,0.0029940058449997
stageb_only,classification,500,256,bonferroni_unadjusted,exhaustive,0.5,0.2,0.5,200,1.0,1.0,1.0,0.0030228085249999
stageb_only,regression,100,16,bonferroni_unadjusted,adaptive,0.02,0.0,0.5,500,0.134,0.1041405080284342,0.1638594919715657,0.008194546552
stageb_only,regression,100,16,bonferroni_unadjusted,adaptive,0.02,0.2,0.5,200,0.24,0.1808092980274773,0.2991907019725227,0.0014488004349999
stageb_only,regression,100,16,bonferroni_unadjusted,adaptive,0.02,0.4,0.5,200,0.49,0.4207173961228361,0.5592826038771639,0.0014648563949998
stageb_only,regression,100,16,bonferroni_unadjusted,adaptive,0.02,0.8,0.5,200,0.935,0.9008332588618698,0.9691667411381304,0.0011417698400001
stageb_only,regression,100,16,bonferroni_unadjusted,adaptive,0.05,0.0,0.5,500,0.21,0.1742978588877361,0.2457021411122638,0.001666900216
stageb_only,regression,100,16,bonferroni_unadjusted,adaptive,0.05,0.2,0.5,200,0.315,0.2506213839850529,0.3793786160149471,0.0016738551150001
stageb_only,regression,100,16,bonferroni_unadjusted,adaptive,0.05,0.4,0.5,200,0.575,0.506487555874863,0.6435124441251369,0.001658499625
stageb_only,regression,100,16,bonferroni_unadjusted,adaptive,0.05,0.8,0.5,200,0.945,0.9134035476674992,0.9765964523325008,0.0011488247899998
stageb_only,regression,100,16,bonferroni_unadjusted,adaptive,0.1,0.0,0.5,500,0.308,0.2675331430031933,0.3484668569968067,0.0010823159779999
stageb_only,regression,100,16,bonferroni_unadjusted,adaptive,0.1,0.2,0.5,200,0.385,0.3175613300842906,0.4524386699157093,0.0011411240649999
stageb_only,regression,100,16,bonferroni_unadjusted,adaptive,0.1,0.4,0.5,200,0.66,0.5943473138401787,0.7256526861598214,0.0011053866899999
stageb_only,regression,100,16,bonferroni_unadjusted,adaptive,0.1,0.8,0.5,200,0.955,0.9262691141800328,0.9837308858199671,0.0009400244300002
stageb_only,regression,100,16,bonferroni_unadjusted,adaptive,0.2,0.0,0.5,500,0.446,0.4024294160149304,0.4895705839850696,0.000795998808
stageb_only,regression,100,16,bonferroni_unadjusted,adaptive,0.2,0.2,0.5,200,0.55,0.4810508883305956,0.6189491116694045,0.000811043415
stageb_only,regression,100,16,bonferroni_unadjusted,adaptive,0.2,0.4,0.5,200,0.775,0.7171260421260132,0.8328739578739869,0.0008467573949999
stageb_only,regression,100,16,bonferroni_unadjusted,adaptive,0.2,0.8,0.5,200,0.96,0.93284144333732,0.98715855666268,0.0008807670749999
stageb_only,regression,100,16,bonferroni_unadjusted,adaptive,0.35,0.0,0.5,500,0.47,0.4262520272469683,0.5137479727530316,0.000761124106
stageb_only,regression,100,16,bonferroni_unadjusted,adaptive,0.35,0.2,0.5,200,0.575,0.506487555874863,0.6435124441251369,0.0007806406349999
stageb_only,regression,100,16,bonferroni_unadjusted,adaptive,0.35,0.4,0.5,200,0.785,0.7280629277184013,0.8419370722815988,0.00082714293
stageb_only,regression,100,16,bonferroni_unadjusted,adaptive,0.35,0.8,0.5,200,0.96,0.93284144333732,0.98715855666268,0.0008664607549999
stageb_only,regression,100,16,bonferroni_unadjusted,adaptive,0.5,0.0,0.5,500,0.476,0.4322235853820804,0.5197764146179196,0.0007400978379999
stageb_only,regression,100,16,bonferroni_unadjusted,adaptive,0.5,0.2,0.5,200,0.58,0.5115962808028686,0.6484037191971314,0.0007677091600001
stageb_only,regression,100,16,bonferroni_unadjusted,adaptive,0.5,0.4,0.5,200,0.785,0.7280629277184013,0.8419370722815988,0.000816808735
stageb_only,regression,100,16,bonferroni_unadjusted,adaptive,0.5,0.8,0.5,200,0.96,0.93284144333732,0.98715855666268,0.0008610339499998
stageb_only,regression,100,16,bonferroni_unadjusted,exhaustive,0.02,0.0,0.5,500,0.134,0.1041405080284342,0.1638594919715657,0.005489515158
stageb_only,regression,100,16,bonferroni_unadjusted,exhaustive,0.02,0.2,0.5,200,0.24,0.1808092980274773,0.2991907019725227,0.00138100893
stageb_only,regression,100,16,bonferroni_unadjusted,exhaustive,0.02,0.4,0.5,200,0.495,0.425707000353571,0.564292999646429,0.0013850366849999
stageb_only,regression,100,16,bonferroni_unadjusted,exhaustive,0.02,0.8,0.5,200,0.935,0.9008332588618698,0.9691667411381304,0.00109096133
stageb_only,regression,100,16,bonferroni_unadjusted,exhaustive,0.05,0.0,0.5,500,0.21,0.1742978588877361,0.2457021411122638,0.002058121356
stageb_only,regression,100,16,bonferroni_unadjusted,exhaustive,0.05,0.2,0.5,200,0.315,0.2506213839850529,0.3793786160149471,0.0020577123399999
stageb_only,regression,100,16,bonferroni_unadjusted,exhaustive,0.05,0.4,0.5,200,0.575,0.506487555874863,0.6435124441251369,0.0019533471799999
stageb_only,regression,100,16,bonferroni_unadjusted,exhaustive,0.05,0.8,0.5,200,0.945,0.9134035476674992,0.9765964523325008,0.0011805779650001
stageb_only,regression,100,16,bonferroni_unadjusted,exhaustive,0.1,0.0,0.5,500,0.308,0.2675331430031933,0.3484668569968067,0.0010966976239999
stageb_only,regression,100,16,bonferroni_unadjusted,exhaustive,0.1,0.2,0.5,200,0.385,0.3175613300842906,0.4524386699157093,0.0011635836249999
stageb_only,regression,100,16,bonferroni_unadjusted,exhaustive,0.1,0.4,0.5,200,0.66,0.5943473138401787,0.7256526861598214,0.0011263564949999
stageb_only,regression,100,16,bonferroni_unadjusted,exhaustive,0.1,0.8,0.5,200,0.955,0.9262691141800328,0.9837308858199671,0.0009525990450001
stageb_only,regression,100,16,bonferroni_unadjusted,exhaustive,0.2,0.0,0.5,500,0.446,0.4024294160149304,0.4895705839850696,0.0007955323639999
stageb_only,regression,100,16,bonferroni_unadjusted,exhaustive,0.2,0.2,0.5,200,0.55,0.4810508883305956,0.6189491116694045,0.00081272173
stageb_only,regression,100,16,bonferroni_unadjusted,exhaustive,0.2,0.4,0.5,200,0.775,0.7171260421260132,0.8328739578739869,0.0008495903850001
stageb_only,regression,100,16,bonferroni_unadjusted,exhaustive,0.2,0.8,0.5,200,0.96,0.93284144333732,0.98715855666268,0.0008831419999998
stageb_only,regression,100,16,bonferroni_unadjusted,exhaustive,0.35,0.0,0.5,500,0.47,0.4262520272469683,0.5137479727530316,0.000764195822
stageb_only,regression,100,16,bonferroni_unadjusted,exhaustive,0.35,0.2,0.5,200,0.575,0.506487555874863,0.6435124441251369,0.0007850214750001
stageb_only,regression,100,16,bonferroni_unadjusted,exhaustive,0.35,0.4,0.5,200,0.785,0.7280629277184013,0.8419370722815988,0.00082754445
stageb_only,regression,100,16,bonferroni_unadjusted,exhaustive,0.35,0.8,0.5,200,0.96,0.93284144333732,0.98715855666268,0.00087369373
stageb_only,regression,100,16,bonferroni_unadjusted,exhaustive,0.5,0.0,0.5,500,0.476,0.4322235853820804,0.5197764146179196,0.0007518688079999
stageb_only,regression,100,16,bonferroni_unadjusted,exhaustive,0.5,0.2,0.5,200,0.58,0.5115962808028686,0.6484037191971314,0.00077147529
stageb_only,regression,100,16,bonferroni_unadjusted,exhaustive,0.5,0.4,0.5,200,0.785,0.7280629277184013,0.8419370722815988,0.0008130262349999
stageb_only,regression,100,16,bonferroni_unadjusted,exhaustive,0.5,0.8,0.5,200,0.96,0.93284144333732,0.98715855666268,0.0008621880550001
stageb_only,regression,100,64,bonferroni_unadjusted,adaptive,0.02,0.0,0.5,500,0.192,0.157475502679981,0.226524497320019,0.002768922562
stageb_only,regression,100,64,bonferroni_unadjusted,adaptive,0.02,0.2,0.5,200,0.32,0.2553497037903151,0.3846502962096849,0.0026649611550001
stageb_only,regression,100,64,bonferroni_unadjusted,adaptive,0.02,0.4,0.5,200,0.575,0.506487555874863,0.6435124441251369,0.002557810975
stageb_only,regression,100,64,bonferroni_unadjusted,adaptive,0.02,0.8,0.5,200,0.945,0.9134035476674992,0.9765964523325008,0.0015762141349998
stageb_only,regression,100,64,bonferroni_unadjusted,adaptive,0.05,0.0,0.5,500,0.282,0.2425580983825576,0.3214419016174423,0.0033522576619999
stageb_only,regression,100,64,bonferroni_unadjusted,adaptive,0.05,0.2,0.5,200,0.36,0.2934753940259696,0.4265246059740303,0.0036230409099999
stageb_only,regression,100,64,bonferroni_unadjusted,adaptive,0.05,0.4,0.5,200,0.665,0.5995854588031071,0.730414541196893,0.0026732638449999
stageb_only,regression,100,64,bonferroni_unadjusted,adaptive,0.05,0.8,0.5,200,0.96,0.93284144333732,0.98715855666268,0.0013619460199998
stageb_only,regression,100,64,bonferroni_unadjusted,adaptive,0.1,0.0,0.5,500,0.37,0.3276803364852696,0.4123196635147304,0.0017000835159999
stageb_only,regression,100,64,bonferroni_unadjusted,adaptive,0.1,0.2,0.5,200,0.46,0.3909256400681121,0.5290743599318879,0.0017985686699998
stageb_only,regression,100,64,bonferroni_unadjusted,adaptive,0.1,0.4,0.5,200,0.73,0.6684703583628183,0.7915296416371816,0.0014801325599998
stageb_only,regression,100,64,bonferroni_unadjusted,adaptive,0.1,0.8,0.5,200,0.96,0.93284144333732,0.98715855666268,0.0011925842999997
stageb_only,regression,100,64,bonferroni_unadjusted,adaptive,0.2,0.0,0.5,500,0.472,0.4282418422325619,0.515758157767438,0.0009527163979998
stageb_only,regression,100,64,bonferroni_unadjusted,adaptive,0.2,0.2,0.5,200,0.575,0.506487555874863,0.6435124441251369,0.0009688754550001
stageb_only,regression,100,64,bonferroni_unadjusted,adaptive,0.2,0.4,0.5,200,0.785,0.7280629277184013,0.8419370722815988,0.0010582171850001
stageb_only,regression,100,64,bonferroni_unadjusted,adaptive,0.2,0.8,0.5,200,0.96,0.93284144333732,0.98715855666268,0.00114446891
stageb_only,regression,100,64,bonferroni_unadjusted,adaptive,0.35,0.0,0.5,500,0.484,0.4401955127777986,0.5278044872222013,0.0008883378279999
stageb_only,regression,100,64,bonferroni_unadjusted,adaptive,0.35,0.2,0.5,200,0.58,0.5115962808028686,0.6484037191971314,0.0009396116199999
stageb_only,regression,100,64,bonferroni_unadjusted,adaptive,0.35,0.4,0.5,200,0.785,0.7280629277184013,0.8419370722815988,0.0010417524550001
stageb_only,regression,100,64,bonferroni_unadjusted,adaptive,0.35,0.8,0.5,200,0.96,0.93284144333732,0.98715855666268,0.0011283415950001
stageb_only,regression,100,64,bonferroni_unadjusted,adaptive,0.5,0.0,0.5,500,0.484,0.4401955127777986,0.5278044872222013,0.000878182514
stageb_only,regression,100,64,bonferroni_unadjusted,adaptive,0.5,0.2,0.5,200,0.58,0.5115962808028686,0.6484037191971314,0.0009275675799997
stageb_only,regression,100,64,bonferroni_unadjusted,adaptive,0.5,0.4,0.5,200,0.785,0.7280629277184013,0.8419370722815988,0.00103125925
stageb_only,regression,100,64,bonferroni_unadjusted,adaptive,0.5,0.8,0.5,200,0.96,0.93284144333732,0.98715855666268,0.001121837965
stageb_only,regression,100,64,bonferroni_unadjusted,exhaustive,0.02,0.0,0.5,500,0.19,0.1556133095515139,0.224386690448486,0.0026472591079999
stageb_only,regression,100,64,bonferroni_unadjusted,exhaustive,0.02,0.2,0.5,200,0.32,0.2553497037903151,0.3846502962096849,0.0025425904100001
stageb_only,regression,100,64,bonferroni_unadjusted,exhaustive,0.02,0.4,0.5,200,0.575,0.506487555874863,0.6435124441251369,0.0024368688800001
stageb_only,regression,100,64,bonferroni_unadjusted,exhaustive,0.02,0.8,0.5,200,0.945,0.9134035476674992,0.9765964523325008,0.0015279770999998
stageb_only,regression,100,64,bonferroni_unadjusted,exhaustive,0.05,0.0,0.5,500,0.282,0.2425580983825576,0.3214419016174423,0.004498761972
stageb_only,regression,100,64,bonferroni_unadjusted,exhaustive,0.05,0.2,0.5,200,0.36,0.2934753940259696,0.4265246059740303,0.004858704975
stageb_only,regression,100,64,bonferroni_unadjusted,exhaustive,0.05,0.4,0.5,200,0.665,0.5995854588031071,0.730414541196893,0.0033263830550001
stageb_only,regression,100,64,bonferroni_unadjusted,exhaustive,0.05,0.8,0.5,200,0.96,0.93284144333732,0.98715855666268,0.001376399485
stageb_only,regression,100,64,bonferroni_unadjusted,exhaustive,0.1,0.0,0.5,500,0.37,0.3276803364852696,0.4123196635147304,0.001741298012
stageb_only,regression,100,64,bonferroni_unadjusted,exhaustive,0.1,0.2,0.5,200,0.46,0.3909256400681121,0.5290743599318879,0.0018475662400001
stageb_only,regression,100,64,bonferroni_unadjusted,exhaustive,0.1,0.4,0.5,200,0.73,0.6684703583628183,0.7915296416371816,0.0015126057999998
stageb_only,regression,100,64,bonferroni_unadjusted,exhaustive,0.1,0.8,0.5,200,0.96,0.93284144333732,0.98715855666268,0.001207329165
stageb_only,regression,100,64,bonferroni_unadjusted,exhaustive,0.2,0.0,0.5,500,0.472,0.4282418422325619,0.515758157767438,0.000965848916
stageb_only,regression,100,64,bonferroni_unadjusted,exhaustive,0.2,0.2,0.5,200,0.575,0.506487555874863,0.6435124441251369,0.0009774015099998
stageb_only,regression,100,64,bonferroni_unadjusted,exhaustive,0.2,0.4,0.5,200,0.785,0.7280629277184013,0.8419370722815988,0.001060210285
stageb_only,regression,100,64,bonferroni_unadjusted,exhaustive,0.2,0.8,0.5,200,0.96,0.93284144333732,0.98715855666268,0.0011475378049999
stageb_only,regression,100,64,bonferroni_unadjusted,exhaustive,0.35,0.0,0.5,500,0.484,0.4401955127777986,0.5278044872222013,0.000896635242
stageb_only,regression,100,64,bonferroni_unadjusted,exhaustive,0.35,0.2,0.5,200,0.58,0.5115962808028686,0.6484037191971314,0.0009481503199998
stageb_only,regression,100,64,bonferroni_unadjusted,exhaustive,0.35,0.4,0.5,200,0.785,0.7280629277184013,0.8419370722815988,0.00104980124
stageb_only,regression,100,64,bonferroni_unadjusted,exhaustive,0.35,0.8,0.5,200,0.96,0.93284144333732,0.98715855666268,0.00114122887
stageb_only,regression,100,64,bonferroni_unadjusted,exhaustive,0.5,0.0,0.5,500,0.484,0.4401955127777986,0.5278044872222013,0.0008891001079999
stageb_only,regression,100,64,bonferroni_unadjusted,exhaustive,0.5,0.2,0.5,200,0.58,0.5115962808028686,0.6484037191971314,0.0009390529999998
stageb_only,regression,100,64,bonferroni_unadjusted,exhaustive,0.5,0.4,0.5,200,0.785,0.7280629277184013,0.8419370722815988,0.0010394079949998
stageb_only,regression,100,64,bonferroni_unadjusted,exhaustive,0.5,0.8,0.5,200,0.96,0.93284144333732,0.98715855666268,0.00113342039
stageb_only,regression,100,256,bonferroni_unadjusted,adaptive,0.02,0.0,0.5,500,0.2,0.1649384541128033,0.2350615458871967,0.00372081673
stageb_only,regression,100,256,bonferroni_unadjusted,adaptive,0.02,0.2,0.5,200,0.33,0.2648318421312985,0.3951681578687015,0.0035320195949998
stageb_only,regression,100,256,bonferroni_unadjusted,adaptive,0.02,0.4,0.5,200,0.585,0.5167122104618987,0.6532877895381012,0.0033417619699997
stageb_only,regression,100,256,bonferroni_unadjusted,adaptive,0.02,0.8,0.5,200,0.945,0.9134035476674992,0.9765964523325008,0.0019071355549999
stageb_only,regression,100,256,bonferroni_unadjusted,adaptive,0.05,0.0,0.5,500,0.286,0.246390150558226,0.3256098494417739,0.0046800408139999
stageb_only,regression,100,256,bonferroni_unadjusted,adaptive,0.05,0.2,0.5,200,0.38,0.3127288709772164,0.4472711290227836,0.0048410832499999
stageb_only,regression,100,256,bonferroni_unadjusted,adaptive,0.05,0.4,0.5,200,0.68,0.6153497037903152,0.7446502962096849,0.00330694617
stageb_only,regression,100,256,bonferroni_unadjusted,adaptive,0.05,0.8,0.5,200,0.96,0.93284144333732,0.98715855666268,0.0015589325350001
stageb_only,regression,100,256,bonferroni_unadjusted,adaptive,0.1,0.0,0.5,500,0.372,0.3296335220817212,0.4143664779182787,0.0021936122579999
stageb_only,regression,100,256,bonferroni_unadjusted,adaptive,0.1,0.2,0.5,200,0.48,0.4107589948079896,0.5492410051920102,0.00214015375
stageb_only,regression,100,256,bonferroni_unadjusted,adaptive,0.1,0.4,0.5,200,0.74,0.6792083953164584,0.8007916046835416,0.0017181976750001
stageb_only,regression,100,256,bonferroni_unadjusted,adaptive,0.1,0.8,0.5,200,0.96,0.93284144333732,0.98715855666268,0.0013709661799998
stageb_only,regression,100,256,bonferroni_unadjusted,adaptive,0.2,0.0,0.5,500,0.472,0.4282418422325619,0.515758157767438,0.001072295164
stageb_only,regression,100,256,bonferroni_unadjusted,adaptive,0.2,0.2,0.5,200,0.575,0.506487555874863,0.6435124441251369,0.0011090779949998
stageb_only,regression,100,256,bonferroni_unadjusted,adaptive,0.2,0.4,0.5,200,0.785,0.7280629277184013,0.8419370722815988,0.0012004893350001
stageb_only,regression,100,256,bonferroni_unadjusted,adaptive,0.2,0.8,0.5,200,0.96,0.93284144333732,0.98715855666268,0.001322452935
stageb_only,regression,100,256,bonferroni_unadjusted,adaptive,0.35,0.0,0.5,500,0.484,0.4401955127777986,0.5278044872222013,0.0009827636479999
stageb_only,regression,100,256,bonferroni_unadjusted,adaptive,0.35,0.2,0.5,200,0.58,0.5115962808028686,0.6484037191971314,0.0010514307899998
stageb_only,regression,100,256,bonferroni_unadjusted,adaptive,0.35,0.4,0.5,200,0.785,0.7280629277184013,0.8419370722815988,0.0011861331199997
stageb_only,regression,100,256,bonferroni_unadjusted,adaptive,0.35,0.8,0.5,200,0.96,0.93284144333732,0.98715855666268,0.0013084056799999
stageb_only,regression,100,256,bonferroni_unadjusted,adaptive,0.5,0.0,0.5,500,0.484,0.4401955127777986,0.5278044872222013,0.00097515437
stageb_only,regression,100,256,bonferroni_unadjusted,adaptive,0.5,0.2,0.5,200,0.58,0.5115962808028686,0.6484037191971314,0.00104183371
stageb_only,regression,100,256,bonferroni_unadjusted,adaptive,0.5,0.4,0.5,200,0.785,0.7280629277184013,0.8419370722815988,0.0011822805549999
stageb_only,regression,100,256,bonferroni_unadjusted,adaptive,0.5,0.8,0.5,200,0.96,0.93284144333732,0.98715855666268,0.0013063332800001
stageb_only,regression,100,256,bonferroni_unadjusted,exhaustive,0.02,0.0,0.5,500,0.202,0.166807655559767,0.237192344440233,0.0035108478839999
stageb_only,regression,100,256,bonferroni_unadjusted,exhaustive,0.02,0.2,0.5,200,0.325,0.2600865576324903,0.3899134423675097,0.0034028826799999
stageb_only,regression,100,256,bonferroni_unadjusted,exhaustive,0.02,0.4,0.5,200,0.585,0.5167122104618987,0.6532877895381012,0.0031747734699996
stageb_only,regression,100,256,bonferroni_unadjusted,exhaustive,0.02,0.8,0.5,200,0.945,0.9134035476674992,0.9765964523325008,0.0018532278100002
stageb_only,regression,100,256,bonferroni_unadjusted,exhaustive,0.05,0.0,0.5,500,0.286,0.246390150558226,0.3256098494417739,0.0063985845899999
stageb_only,regression,100,256,bonferroni_unadjusted,exhaustive,0.05,0.2,0.5,200,0.38,0.3127288709772164,0.4472711290227836,0.0065307720949999
stageb_only,regression,100,256,bonferroni_unadjusted,exhaustive,0.05,0.4,0.5,200,0.68,0.6153497037903152,0.7446502962096849,0.0042022489750002
stageb_only,regression,100,256,bonferroni_unadjusted,exhaustive,0.05,0.8,0.5,200,0.96,0.93284144333732,0.98715855666268,0.0015589905900003
stageb_only,regression,100,256,bonferroni_unadjusted,exhaustive,0.1,0.0,0.5,500,0.372,0.3296335220817212,0.4143664779182787,0.00224997602
stageb_only,regression,100,256,bonferroni_unadjusted,exhaustive,0.1,0.2,0.5,200,0.48,0.4107589948079896,0.5492410051920102,0.0021902794000004
stageb_only,regression,100,256,bonferroni_unadjusted,exhaustive,0.1,0.4,0.5,200,0.74,0.6792083953164584,0.8007916046835416,0.0017585426299996
stageb_only,regression,100,256,bonferroni_unadjusted,exhaustive,0.1,0.8,0.5,200,0.96,0.93284144333732,0.98715855666268,0.0013836488499998
stageb_only,regression,100,256,bonferroni_unadjusted,exhaustive,0.2,0.0,0.5,500,0.472,0.4282418422325619,0.515758157767438,0.0010935758159998
stageb_only,regression,100,256,bonferroni_unadjusted,exhaustive,0.2,0.2,0.5,200,0.575,0.506487555874863,0.6435124441251369,0.0011247825100002
stageb_only,regression,100,256,bonferroni_unadjusted,exhaustive,0.2,0.4,0.5,200,0.785,0.7280629277184013,0.8419370722815988,0.0012145041299999
stageb_only,regression,100,256,bonferroni_unadjusted,exhaustive,0.2,0.8,0.5,200,0.96,0.93284144333732,0.98715855666268,0.0013374310650004
stageb_only,regression,100,256,bonferroni_unadjusted,exhaustive,0.35,0.0,0.5,500,0.484,0.4401955127777986,0.5278044872222013,0.0009968254740001
stageb_only,regression,100,256,bonferroni_unadjusted,exhaustive,0.35,0.2,0.5,200,0.58,0.5115962808028686,0.6484037191971314,0.0010595765249996
stageb_only,regression,100,256,bonferroni_unadjusted,exhaustive,0.35,0.4,0.5,200,0.785,0.7280629277184013,0.8419370722815988,0.0012006499900002
stageb_only,regression,100,256,bonferroni_unadjusted,exhaustive,0.35,0.8,0.5,200,0.96,0.93284144333732,0.98715855666268,0.0013235216149996
stageb_only,regression,100,256,bonferroni_unadjusted,exhaustive,0.5,0.0,0.5,500,0.484,0.4401955127777986,0.5278044872222013,0.0009840218040001
stageb_only,regression,100,256,bonferroni_unadjusted,exhaustive,0.5,0.2,0.5,200,0.58,0.5115962808028686,0.6484037191971314,0.0010525984749995
stageb_only,regression,100,256,bonferroni_unadjusted,exhaustive,0.5,0.4,0.5,200,0.785,0.7280629277184013,0.8419370722815988,0.00119255076
stageb_only,regression,100,256,bonferroni_unadjusted,exhaustive,0.5,0.8,0.5,200,0.96,0.93284144333732,0.98715855666268,0.0013183282649998
stageb_only,regression,200,16,bonferroni_unadjusted,adaptive,0.02,0.0,0.5,500,0.144,0.1132256281168892,0.1747743718831108,0.0015371677539999
stageb_only,regression,200,16,bonferroni_unadjusted,adaptive,0.02,0.2,0.5,200,0.33,0.2648318421312985,0.3951681578687015,0.0015966856799997
stageb_only,regression,200,16,bonferroni_unadjusted,adaptive,0.02,0.4,0.5,200,0.765,0.7062367614915583,0.8237632385084417,0.001403374665
stageb_only,regression,200,16,bonferroni_unadjusted,adaptive,0.02,0.8,0.5,200,1.0,1.0,1.0,0.0011779460799999
stageb_only,regression,200,16,bonferroni_unadjusted,adaptive,0.05,0.0,0.5,500,0.23,0.1931124042529199,0.2668875957470801,0.00184954734
stageb_only,regression,200,16,bonferroni_unadjusted,adaptive,0.05,0.2,0.5,200,0.455,0.3859847567562064,0.5240152432437937,0.0017791044200004
stageb_only,regression,200,16,bonferroni_unadjusted,adaptive,0.05,0.4,0.5,200,0.825,0.7723392461124985,0.8776607538875014,0.0015097766299999
stageb_only,regression,200,16,bonferroni_unadjusted,adaptive,0.05,0.8,0.5,200,1.0,1.0,1.0,0.00122568645
stageb_only,regression,200,16,bonferroni_unadjusted,adaptive,0.1,0.0,0.5,500,0.278,0.2387298946881982,0.3172701053118018,0.0012432076139998
stageb_only,regression,200,16,bonferroni_unadjusted,adaptive,0.1,0.2,0.5,200,0.525,0.4557902102300549,0.5942097897699451,0.0011761387249998
stageb_only,regression,200,16,bonferroni_unadjusted,adaptive,0.1,0.4,0.5,200,0.845,0.7948425698425448,0.8951574301574552,0.0011023557049998
stageb_only,regression,200,16,bonferroni_unadjusted,adaptive,0.1,0.8,0.5,200,1.0,1.0,1.0,0.0009882387700002
stageb_only,regression,200,16,bonferroni_unadjusted,adaptive,0.2,0.0,0.5,500,0.454,0.410358937354826,0.497641062645174,0.0008285035880001
stageb_only,regression,200,16,bonferroni_unadjusted,adaptive,0.2,0.2,0.5,200,0.62,0.5527288709772163,0.6872711290227836,0.0008996903249999
stageb_only,regression,200,16,bonferroni_unadjusted,adaptive,0.2,0.4,0.5,200,0.91,0.8703372315640978,0.9496627684359022,0.00090713289
stageb_only,regression,200,16,bonferroni_unadjusted,adaptive,0.2,0.8,0.5,200,1.0,1.0,1.0,0.00092345776
stageb_only,regression,200,16,bonferroni_unadjusted,adaptive,0.35,0.0,0.5,500,0.492,0.4481786778474222,0.5358213221525777,0.0007714753280001
stageb_only,regression,200,16,bonferroni_unadjusted,adaptive,0.35,0.2,0.5,200,0.675,0.6100865576324904,0.7399134423675097,0.0008179478749997
stageb_only,regression,200,16,bonferroni_unadjusted,adaptive,0.35,0.4,0.5,200,0.915,0.8763489689658867,0.9536510310341134,0.0008745817549998
stageb_only,regression,200,16,bonferroni_unadjusted,adaptive,0.35,0.8,0.5,200,1.0,1.0,1.0,0.0009090795399998
stageb_only,regression,200,16,bonferroni_unadjusted,adaptive,0.5,0.0,0.5,500,0.494,0.4501762232937416,0.5378237767062585,0.0007631518099999
stageb_only,regression,200,16,bonferroni_unadjusted,adaptive,0.5,0.2,0.5,200,0.675,0.6100865576324904,0.7399134423675097,0.0008119157999999
stageb_only,regression,200,16,bonferroni_unadjusted,adaptive,0.5,0.4,0.5,200,0.915,0.8763489689658867,0.9536510310341134,0.0008807925349998
stageb_only,regression,200,16,bonferroni_unadjusted,adaptive,0.5,0.8,0.5,200,1.0,1.0,1.0,0.0009086498300001
stageb_only,regression,200,16,bonferroni_unadjusted,exhaustive,0.02,0.0,0.5,500,0.144,0.1132256281168892,0.1747743718831108,0.0015250352019997
stageb_only,regression,200,16,bonferroni_unadjusted,exhaustive,0.02,0.2,0.5,200,0.33,0.2648318421312985,0.3951681578687015,0.0015650736100002
stageb_only,regression,200,16,bonferroni_unadjusted,exhaustive,0.02,0.4,0.5,200,0.765,0.7062367614915583,0.8237632385084417,0.0013480513750005
stageb_only,regression,200,16,bonferroni_unadjusted,exhaustive,0.02,0.8,0.5,200,1.0,1.0,1.0,0.0011328831849999
stageb_only,regression,200,16,bonferroni_unadjusted,exhaustive,0.05,0.0,0.5,500,0.23,0.1931124042529199,0.2668875957470801,0.0023670477380001
stageb_only,regression,200,16,bonferroni_unadjusted,exhaustive,0.05,0.2,0.5,200,0.455,0.3859847567562064,0.5240152432437937,0.0022023659949996
stageb_only,regression,200,16,bonferroni_unadjusted,exhaustive,0.05,0.4,0.5,200,0.825,0.7723392461124985,0.8776607538875014,0.0016725842049999
stageb_only,regression,200,16,bonferroni_unadjusted,exhaustive,0.05,0.8,0.5,200,1.0,1.0,1.0,0.0012429065449998
stageb_only,regression,200,16,bonferroni_unadjusted,exhaustive,0.1,0.0,0.5,500,0.278,0.2387298946881982,0.3172701053118018,0.0012692641659998
stageb_only,regression,200,16,bonferroni_unadjusted,exhaustive,0.1,0.2,0.5,200,0.525,0.4557902102300549,0.5942097897699451,0.0012074279649999
stageb_only,regression,200,16,bonferroni_unadjusted,exhaustive,0.1,0.4,0.5,200,0.845,0.7948425698425448,0.8951574301574552,0.00112195047
stageb_only,regression,200,16,bonferroni_unadjusted,exhaustive,0.1,0.8,0.5,200,1.0,1.0,1.0,0.0009962665049999
stageb_only,regression,200,16,bonferroni_unadjusted,exhaustive,0.2,0.0,0.5,500,0.454,0.410358937354826,0.497641062645174,0.0008416346460001
stageb_only,regression,200,16,bonferroni_unadjusted,exhaustive,0.2,0.2,0.5,200,0.62,0.5527288709772163,0.6872711290227836,0.0009021527449999
stageb_only,regression,200,16,bonferroni_unadjusted,exhaustive,0.2,0.4,0.5,200,0.91,0.8703372315640978,0.9496627684359022,0.0009119880299999
stageb_only,regression,200,16,bonferroni_unadjusted,exhaustive,0.2,0.8,0.5,200,1.0,1.0,1.0,0.0009264546949998
stageb_only,regression,200,16,bonferroni_unadjusted,exhaustive,0.35,0.0,0.5,500,0.492,0.4481786778474222,0.5358213221525777,0.0007756278639999
stageb_only,regression,200,16,bonferroni_unadjusted,exhaustive,0.35,0.2,0.5,200,0.675,0.6100865576324904,0.7399134423675097,0.0008293711549998
stageb_only,regression,200,16,bonferroni_unadjusted,exhaustive,0.35,0.4,0.5,200,0.915,0.8763489689658867,0.9536510310341134,0.0008975383150004
stageb_only,regression,200,16,bonferroni_unadjusted,exhaustive,0.35,0.8,0.5,200,1.0,1.0,1.0,0.0009224025299999
stageb_only,regression,200,16,bonferroni_unadjusted,exhaustive,0.5,0.0,0.5,500,0.494,0.4501762232937416,0.5378237767062585,0.0007762171659999
stageb_only,regression,200,16,bonferroni_unadjusted,exhaustive,0.5,0.2,0.5,200,0.675,0.6100865576324904,0.7399134423675097,0.0008295184550001
stageb_only,regression,200,16,bonferroni_unadjusted,exhaustive,0.5,0.4,0.5,200,0.915,0.8763489689658867,0.9536510310341134,0.0008960764699997
stageb_only,regression,200,16,bonferroni_unadjusted,exhaustive,0.5,0.8,0.5,200,1.0,1.0,1.0,0.0009197085049999
stageb_only,regression,200,64,bonferroni_unadjusted,adaptive,0.02,0.0,0.5,500,0.204,0.1686782114156148,0.2393217885843851,0.0030871820699999
stageb_only,regression,200,64,bonferroni_unadjusted,adaptive,0.02,0.2,0.5,200,0.41,0.3418353816118655,0.4781646183881344,0.0030544701949997
stageb_only,regression,200,64,bonferroni_unadjusted,adaptive,0.02,0.4,0.5,200,0.855,0.8062013135422683,0.9037986864577316,0.00195786376
stageb_only,regression,200,64,bonferroni_unadjusted,adaptive,0.02,0.8,0.5,200,1.0,1.0,1.0,0.0016272456000001
stageb_only,regression,200,64,bonferroni_unadjusted,adaptive,0.05,0.0,0.5,500,0.298,0.2579089198549104,0.3380910801450896,0.0038629520599999
stageb_only,regression,200,64,bonferroni_unadjusted,adaptive,0.05,0.2,0.5,200,0.52,0.4507589948079897,0.5892410051920103,0.0033737927749996
stageb_only,regression,200,64,bonferroni_unadjusted,adaptive,0.05,0.4,0.5,200,0.885,0.8407858144935362,0.9292141855064638,0.0019042515200004
stageb_only,regression,200,64,bonferroni_unadjusted,adaptive,0.05,0.8,0.5,200,1.0,1.0,1.0,0.0015289027750003
stageb_only,regression,200,64,bonferroni_unadjusted,adaptive,0.1,0.0,0.5,500,0.374,0.3315874839605099,0.41641251603949,0.0019728597199998
stageb_only,regression,200,64,bonferroni_unadjusted,adaptive,0.1,0.2,0.5,200,0.58,0.5115962808028686,0.6484037191971314,0.0018403327800001
stageb_only,regression,200,64,bonferroni_unadjusted,adaptive,0.1,0.4,0.5,200,0.895,0.8525138634375871,0.937486136562413,0.0013991865949998
stageb_only,regression,200,64,bonferroni_unadjusted,adaptive,0.1,0.8,0.5,200,1.0,1.0,1.0,0.0012924835249998
stageb_only,regression,200,64,bonferroni_unadjusted,adaptive,0.2,0.0,0.5,500,0.486,0.4421902511671203,0.5298097488328797,0.001014783606
stageb_only,regression,200,64,bonferroni_unadjusted,adaptive,0.2,0.2,0.5,200,0.66,0.5943473138401787,0.7256526861598214,0.00111586149
stageb_only,regression,200,64,bonferroni_unadjusted,adaptive,0.2,0.4,0.5,200,0.915,0.8763489689658867,0.9536510310341134,0.0011813701299996
stageb_only,regression,200,64,bonferroni_unadjusted,adaptive,0.2,0.8,0.5,200,1.0,1.0,1.0,0.0012305683899995
stageb_only,regression,200,64,bonferroni_unadjusted,adaptive,0.35,0.0,0.5,500,0.5,0.4561730676410041,0.5438269323589959,0.0009232598739999
stageb_only,regression,200,64,bonferroni_unadjusted,adaptive,0.35,0.2,0.5,200,0.675,0.6100865576324904,0.7399134423675097,0.0010302109799999
stageb_only,regression,200,64,bonferroni_unadjusted,adaptive,0.35,0.4,0.5,200,0.915,0.8763489689658867,0.9536510310341134,0.0011678240349999
stageb_only,regression,200,64,bonferroni_unadjusted,adaptive,0.35,0.8,0.5,200,1.0,1.0,1.0,0.0012174048150001
stageb_only,regression,200,64,bonferroni_unadjusted,adaptive,0.5,0.0,0.5,500,0.5,0.4561730676410041,0.5438269323589959,0.0009116734200001
stageb_only,regression,200,64,bonferroni_unadjusted,adaptive,0.5,0.2,0.5,200,0.675,0.6100865576324904,0.7399134423675097,0.0010136565549998
stageb_only,regression,200,64,bonferroni_unadjusted,adaptive,0.5,0.4,0.5,200,0.915,0.8763489689658867,0.9536510310341134,0.0011614937549995
stageb_only,regression,200,64,bonferroni_unadjusted,adaptive,0.5,0.8,0.5,200,1.0,1.0,1.0,0.0012120567600004
stageb_only,regression,200,64,bonferroni_unadjusted,exhaustive,0.02,0.0,0.5,500,0.204,0.1686782114156148,0.2393217885843851,0.0030472859419999
stageb_only,regression,200,64,bonferroni_unadjusted,exhaustive,0.02,0.2,0.5,200,0.415,0.3467122104618988,0.4832877895381011,0.0029744769449996
stageb_only,regression,200,64,bonferroni_unadjusted,exhaustive,0.02,0.4,0.5,200,0.855,0.8062013135422683,0.9037986864577316,0.0019079112700001
stageb_only,regression,200,64,bonferroni_unadjusted,exhaustive,0.02,0.8,0.5,200,1.0,1.0,1.0,0.0015801633450001
stageb_only,regression,200,64,bonferroni_unadjusted,exhaustive,0.05,0.0,0.5,500,0.298,0.2579089198549104,0.3380910801450896,0.005263353214
stageb_only,regression,200,64,bonferroni_unadjusted,exhaustive,0.05,0.2,0.5,200,0.52,0.4507589948079897,0.5892410051920103,0.0044267831199999
stageb_only,regression,200,64,bonferroni_unadjusted,exhaustive,0.05,0.4,0.5,200,0.885,0.8407858144935362,0.9292141855064638,0.0020897134949996
stageb_only,regression,200,64,bonferroni_unadjusted,exhaustive,0.05,0.8,0.5,200,1.0,1.0,1.0,0.00153066357
stageb_only,regression,200,64,bonferroni_unadjusted,exhaustive,0.1,0.0,0.5,500,0.374,0.3315874839605099,0.41641251603949,0.0020122924520001
stageb_only,regression,200,64,bonferroni_unadjusted,exhaustive,0.1,0.2,0.5,200,0.58,0.5115962808028686,0.6484037191971314,0.0018699775850001
stageb_only,regression,200,64,bonferroni_unadjusted,exhaustive,0.1,0.4,0.5,200,0.895,0.8525138634375871,0.937486136562413,0.0014095534900002
stageb_only,regression,200,64,bonferroni_unadjusted,exhaustive,0.1,0.8,0.5,200,1.0,1.0,1.0,0.0013025436599997
stageb_only,regression,200,64,bonferroni_unadjusted,exhaustive,0.2,0.0,0.5,500,0.486,0.4421902511671203,0.5298097488328797,0.0010220952839999
stageb_only,regression,200,64,bonferroni_unadjusted,exhaustive,0.2,0.2,0.5,200,0.66,0.5943473138401787,0.7256526861598214,0.0011285398649999
stageb_only,regression,200,64,bonferroni_unadjusted,exhaustive,0.2,0.4,0.5,200,0.915,0.8763489689658867,0.9536510310341134,0.0011822817749998
stageb_only,regression,200,64,bonferroni_unadjusted,exhaustive,0.2,0.8,0.5,200,1.0,1.0,1.0,0.0012248814899999
stageb_only,regression,200,64,bonferroni_unadjusted,exhaustive,0.35,0.0,0.5,500,0.5,0.4561730676410041,0.5438269323589959,0.000919072526
stageb_only,regression,200,64,bonferroni_unadjusted,exhaustive,0.35,0.2,0.5,200,0.675,0.6100865576324904,0.7399134423675097,0.0010253250499999
stageb_only,regression,200,64,bonferroni_unadjusted,exhaustive,0.35,0.4,0.5,200,0.915,0.8763489689658867,0.9536510310341134,0.0011613636699996
stageb_only,regression,200,64,bonferroni_unadjusted,exhaustive,0.35,0.8,0.5,200,1.0,1.0,1.0,0.00121151005
stageb_only,regression,200,64,bonferroni_unadjusted,exhaustive,0.5,0.0,0.5,500,0.5,0.4561730676410041,0.5438269323589959,0.00090887857
stageb_only,regression,200,64,bonferroni_unadjusted,exhaustive,0.5,0.2,0.5,200,0.675,0.6100865576324904,0.7399134423675097,0.0010192187299998
stageb_only,regression,200,64,bonferroni_unadjusted,exhaustive,0.5,0.4,0.5,200,0.915,0.8763489689658867,0.9536510310341134,0.0011561008099999
stageb_only,regression,200,64,bonferroni_unadjusted,exhaustive,0.5,0.8,0.5,200,1.0,1.0,1.0,0.0012056052399998
stageb_only,regression,200,256,bonferroni_unadjusted,adaptive,0.02,0.0,0.5,500,0.23,0.1931124042529199,0.2668875957470801,0.00714513934
stageb_only,regression,200,256,bonferroni_unadjusted,adaptive,0.02,0.2,0.5,200,0.455,0.3859847567562064,0.5240152432437937,0.0065718283849997
stageb_only,regression,200,256,bonferroni_unadjusted,adaptive,0.02,0.4,0.5,200,0.885,0.8407858144935362,0.9292141855064638,0.003330048615
stageb_only,regression,200,256,bonferroni_unadjusted,adaptive,0.02,0.8,0.5,200,1.0,1.0,1.0,0.0028507301199999
stageb_only,regression,200,256,bonferroni_unadjusted,adaptive,0.05,0.0,0.5,500,0.324,0.2829779913119798,0.3650220086880201,0.008847509102
stageb_only,regression,200,256,bonferroni_unadjusted,adaptive,0.05,0.2,0.5,200,0.535,0.4658735202690026,0.6041264797309974,0.0076009761399996
stageb_only,regression,200,256,bonferroni_unadjusted,adaptive,0.05,0.4,0.5,200,0.905,0.864362482851434,0.945637517148566,0.0026616711849999
stageb_only,regression,200,256,bonferroni_unadjusted,adaptive,0.05,0.8,0.5,200,1.0,1.0,1.0,0.002323237795
stageb_only,regression,200,256,bonferroni_unadjusted,adaptive,0.1,0.0,0.5,500,0.392,0.3492076741085507,0.4347923258914493,0.003967162528
stageb_only,regression,200,256,bonferroni_unadjusted,adaptive,0.1,0.2,0.5,200,0.6,0.5321036083433,0.6678963916567,0.003410139595
stageb_only,regression,200,256,bonferroni_unadjusted,adaptive,0.1,0.4,0.5,200,0.905,0.864362482851434,0.945637517148566,0.002197312865
stageb_only,regression,200,256,bonferroni_unadjusted,adaptive,0.1,0.8,0.5,200,1.0,1.0,1.0,0.0020860179099997
stageb_only,regression,200,256,bonferroni_unadjusted,adaptive,0.2,0.0,0.5,500,0.494,0.4501762232937416,0.5378237767062585,0.0014544493800001
stageb_only,regression,200,256,bonferroni_unadjusted,adaptive,0.2,0.2,0.5,200,0.665,0.5995854588031071,0.730414541196893,0.0017246141649997
stageb_only,regression,200,256,bonferroni_unadjusted,adaptive,0.2,0.4,0.5,200,0.915,0.8763489689658867,0.9536510310341134,0.0019072385150002
stageb_only,regression,200,256,bonferroni_unadjusted,adaptive,0.2,0.8,0.5,200,1.0,1.0,1.0,0.0020241219350003
stageb_only,regression,200,256,bonferroni_unadjusted,adaptive,0.35,0.0,0.5,500,0.5,0.4561730676410041,0.5438269323589959,0.0013231741679999
stageb_only,regression,200,256,bonferroni_unadjusted,adaptive,0.35,0.2,0.5,200,0.675,0.6100865576324904,0.7399134423675097,0.0015657312400003
stageb_only,regression,200,256,bonferroni_unadjusted,adaptive,0.35,0.4,0.5,200,0.915,0.8763489689658867,0.9536510310341134,0.0018903214250002
stageb_only,regression,200,256,bonferroni_unadjusted,adaptive,0.35,0.8,0.5,200,1.0,1.0,1.0,0.0020094206100003
stageb_only,regression,200,256,bonferroni_unadjusted,adaptive,0.5,0.0,0.5,500,0.5,0.4561730676410041,0.5438269323589959,0.0013117657740001
stageb_only,regression,200,256,bonferroni_unadjusted,adaptive,0.5,0.2,0.5,200,0.675,0.6100865576324904,0.7399134423675097,0.0015610360650003
stageb_only,regression,200,256,bonferroni_unadjusted,adaptive,0.5,0.4,0.5,200,0.915,0.8763489689658867,0.9536510310341134,0.001884328355
stageb_only,regression,200,256,bonferroni_unadjusted,adaptive,0.5,0.8,0.5,200,1.0,1.0,1.0,0.0020019138449998
stageb_only,regression,200,256,bonferroni_unadjusted,exhaustive,0.02,0.0,0.5,500,0.23,0.1931124042529199,0.2668875957470801,0.0070656224599999
stageb_only,regression,200,256,bonferroni_unadjusted,exhaustive,0.02,0.2,0.5,200,0.46,0.3909256400681121,0.5290743599318879,0.0063646819400003
stageb_only,regression,200,256,bonferroni_unadjusted,exhaustive,0.02,0.4,0.5,200,0.885,0.8407858144935362,0.9292141855064638,0.003264824725
stageb_only,regression,200,256,bonferroni_unadjusted,exhaustive,0.02,0.8,0.5,200,1.0,1.0,1.0,0.0028115400299998
stageb_only,regression,200,256,bonferroni_unadjusted,exhaustive,0.05,0.0,0.5,500,0.324,0.2829779913119798,0.3650220086880201,0.012540191748
stageb_only,regression,200,256,bonferroni_unadjusted,exhaustive,0.05,0.2,0.5,200,0.535,0.4658735202690026,0.6041264797309974,0.0105030602549999
stageb_only,regression,200,256,bonferroni_unadjusted,exhaustive,0.05,0.4,0.5,200,0.905,0.864362482851434,0.945637517148566,0.0028695422399999
stageb_only,regression,200,256,bonferroni_unadjusted,exhaustive,0.05,0.8,0.5,200,1.0,1.0,1.0,0.0023338343249997
stageb_only,regression,200,256,bonferroni_unadjusted,exhaustive,0.1,0.0,0.5,500,0.392,0.3492076741085507,0.4347923258914493,0.0040564154179999
stageb_only,regression,200,256,bonferroni_unadjusted,exhaustive,0.1,0.2,0.5,200,0.6,0.5321036083433,0.6678963916567,0.0034867122850005
stageb_only,regression,200,256,bonferroni_unadjusted,exhaustive,0.1,0.4,0.5,200,0.905,0.864362482851434,0.945637517148566,0.0022208543300001
stageb_only,regression,200,256,bonferroni_unadjusted,exhaustive,0.1,0.8,0.5,200,1.0,1.0,1.0,0.0021014675899999
stageb_only,regression,200,256,bonferroni_unadjusted,exhaustive,0.2,0.0,0.5,500,0.494,0.4501762232937416,0.5378237767062585,0.0014732887560001
stageb_only,regression,200,256,bonferroni_unadjusted,exhaustive,0.2,0.2,0.5,200,0.665,0.5995854588031071,0.730414541196893,0.001746385335
stageb_only,regression,200,256,bonferroni_unadjusted,exhaustive,0.2,0.4,0.5,200,0.915,0.8763489689658867,0.9536510310341134,0.0019240925900004
stageb_only,regression,200,256,bonferroni_unadjusted,exhaustive,0.2,0.8,0.5,200,1.0,1.0,1.0,0.0020392107050003
stageb_only,regression,200,256,bonferroni_unadjusted,exhaustive,0.35,0.0,0.5,500,0.5,0.4561730676410041,0.5438269323589959,0.001337807138
stageb_only,regression,200,256,bonferroni_unadjusted,exhaustive,0.35,0.2,0.5,200,0.675,0.6100865576324904,0.7399134423675097,0.0015824934249997
stageb_only,regression,200,256,bonferroni_unadjusted,exhaustive,0.35,0.4,0.5,200,0.915,0.8763489689658867,0.9536510310341134,0.00190643953
stageb_only,regression,200,256,bonferroni_unadjusted,exhaustive,0.35,0.8,0.5,200,1.0,1.0,1.0,0.0020279036800002
stageb_only,regression,200,256,bonferroni_unadjusted,exhaustive,0.5,0.0,0.5,500,0.5,0.4561730676410041,0.5438269323589959,0.0013214145860001
stageb_only,regression,200,256,bonferroni_unadjusted,exhaustive,0.5,0.2,0.5,200,0.675,0.6100865576324904,0.7399134423675097,0.0015745263550002
stageb_only,regression,200,256,bonferroni_unadjusted,exhaustive,0.5,0.4,0.5,200,0.915,0.8763489689658867,0.9536510310341134,0.0018993372299996
stageb_only,regression,200,256,bonferroni_unadjusted,exhaustive,0.5,0.8,0.5,200,1.0,1.0,1.0,0.0020199767449997
stageb_only,regression,500,16,bonferroni_unadjusted,adaptive,0.02,0.0,0.5,500,0.154,0.1223614471127391,0.1856385528872608,0.0017895166519999
stageb_only,regression,500,16,bonferroni_unadjusted,adaptive,0.02,0.2,0.5,200,0.59,0.5218353816118655,0.6581646183881344,0.0018378581550001
stageb_only,regression,500,16,bonferroni_unadjusted,adaptive,0.02,0.4,0.5,200,0.99,0.9762101776661192,1.0,0.0013470093749998
stageb_only,regression,500,16,bonferroni_unadjusted,adaptive,0.02,0.8,0.5,200,1.0,1.0,1.0,0.0013512749950001
stageb_only,regression,500,16,bonferroni_unadjusted,adaptive,0.05,0.0,0.5,500,0.236,0.1987802244391506,0.2732197755608493,0.0024851401760001
stageb_only,regression,500,16,bonferroni_unadjusted,adaptive,0.05,0.2,0.5,200,0.715,0.652437150000979,0.7775628499990209,0.0021689444849999
stageb_only,regression,500,16,bonferroni_unadjusted,adaptive,0.05,0.4,0.5,200,0.995,0.9852245307018026,1.0,0.0015030767199999
stageb_only,regression,500,16,bonferroni_unadjusted,adaptive,0.05,0.8,0.5,200,1.0,1.0,1.0,0.0015084554150001
stageb_only,regression,500,16,bonferroni_unadjusted,adaptive,0.1,0.0,0.5,500,0.34,0.2984775954453502,0.3815224045546498,0.0013146602860001
stageb_only,regression,500,16,bonferroni_unadjusted,adaptive,0.1,0.2,0.5,200,0.735,0.6738343380645644,0.7961656619354356,0.0013845652550003
stageb_only,regression,500,16,bonferroni_unadjusted,adaptive,0.1,0.4,0.5,200,0.99,0.9762101776661192,1.0,0.001124813225
stageb_only,regression,500,16,bonferroni_unadjusted,adaptive,0.1,0.8,0.5,200,1.0,1.0,1.0,0.00111420473
stageb_only,regression,500,16,bonferroni_unadjusted,adaptive,0.2,0.0,0.5,500,0.47,0.4262520272469683,0.5137479727530316,0.000874762938
stageb_only,regression,500,16,bonferroni_unadjusted,adaptive,0.2,0.2,0.5,200,0.855,0.8062013135422683,0.9037986864577316,0.0009672719449997
stageb_only,regression,500,16,bonferroni_unadjusted,adaptive,0.2,0.4,0.5,200,0.995,0.9852245307018026,1.0,0.00100469212
stageb_only,regression,500,16,bonferroni_unadjusted,adaptive,0.2,0.8,0.5,200,1.0,1.0,1.0,0.001007662055
stageb_only,regression,500,16,bonferroni_unadjusted,adaptive,0.35,0.0,0.5,500,0.5,0.4561730676410041,0.5438269323589959,0.0008226716199999
stageb_only,regression,500,16,bonferroni_unadjusted,adaptive,0.35,0.2,0.5,200,0.86,0.8119100509461696,0.9080899490538304,0.0009381784049998
stageb_only,regression,500,16,bonferroni_unadjusted,adaptive,0.35,0.4,0.5,200,0.995,0.9852245307018026,1.0,0.0009810090899998
stageb_only,regression,500,16,bonferroni_unadjusted,adaptive,0.35,0.8,0.5,200,1.0,1.0,1.0,0.000984083225
stageb_only,regression,500,16,bonferroni_unadjusted,adaptive,0.5,0.0,0.5,500,0.506,0.4621762232937416,0.5498237767062585,0.000800165114
stageb_only,regression,500,16,bonferroni_unadjusted,adaptive,0.5,0.2,0.5,200,0.86,0.8119100509461696,0.9080899490538304,0.00092285312
stageb_only,regression,500,16,bonferroni_unadjusted,adaptive,0.5,0.4,0.5,200,0.995,0.9852245307018026,1.0,0.0009689555400001
stageb_only,regression,500,16,bonferroni_unadjusted,adaptive,0.5,0.8,0.5,200,1.0,1.0,1.0,0.0009706927400003
stageb_only,regression,500,16,bonferroni_unadjusted,exhaustive,0.02,0.0,0.5,500,0.154,0.1223614471127391,0.1856385528872608,0.0018895112519999
stageb_only,regression,500,16,bonferroni_unadjusted,exhaustive,0.02,0.2,0.5,200,0.59,0.5218353816118655,0.6581646183881344,0.0018845310900002
stageb_only,regression,500,16,bonferroni_unadjusted,exhaustive,0.02,0.4,0.5,200,0.99,0.9762101776661192,1.0,0.001300092175
stageb_only,regression,500,16,bonferroni_unadjusted,exhaustive,0.02,0.8,0.5,200,1.0,1.0,1.0,0.0012946085649997
stageb_only,regression,500,16,bonferroni_unadjusted,exhaustive,0.05,0.0,0.5,500,0.236,0.1987802244391506,0.2732197755608493,0.0033185706279998
stageb_only,regression,500,16,bonferroni_unadjusted,exhaustive,0.05,0.2,0.5,200,0.715,0.652437150000979,0.7775628499990209,0.0026179387600001
stageb_only,regression,500,16,bonferroni_unadjusted,exhaustive,0.05,0.4,0.5,200,0.995,0.9852245307018026,1.0,0.0015133052599998
stageb_only,regression,500,16,bonferroni_unadjusted,exhaustive,0.05,0.8,0.5,200,1.0,1.0,1.0,0.001518878475
stageb_only,regression,500,16,bonferroni_unadjusted,exhaustive,0.1,0.0,0.5,500,0.34,0.2984775954453502,0.3815224045546498,0.0013384153859999
stageb_only,regression,500,16,bonferroni_unadjusted,exhaustive,0.1,0.2,0.5,200,0.735,0.6738343380645644,0.7961656619354356,0.001403162885
stageb_only,regression,500,16,bonferroni_unadjusted,exhaustive,0.1,0.4,0.5,200,0.99,0.9762101776661192,1.0,0.0011318622850001
stageb_only,regression,500,16,bonferroni_unadjusted,exhaustive,0.1,0.8,0.5,200,1.0,1.0,1.0,0.0011208906600001
stageb_only,regression,500,16,bonferroni_unadjusted,exhaustive,0.2,0.0,0.5,500,0.47,0.4262520272469683,0.5137479727530316,0.0008853823859999
stageb_only,regression,500,16,bonferroni_unadjusted,exhaustive,0.2,0.2,0.5,200,0.855,0.8062013135422683,0.9037986864577316,0.0009783136150002
stageb_only,regression,500,16,bonferroni_unadjusted,exhaustive,0.2,0.4,0.5,200,0.995,0.9852245307018026,1.0,0.0010108895199999
stageb_only,regression,500,16,bonferroni_unadjusted,exhaustive,0.2,0.8,0.5,200,1.0,1.0,1.0,0.00101478503
stageb_only,regression,500,16,bonferroni_unadjusted,exhaustive,0.35,0.0,0.5,500,0.5,0.4561730676410041,0.5438269323589959,0.000830678906
stageb_only,regression,500,16,bonferroni_unadjusted,exhaustive,0.35,0.2,0.5,200,0.86,0.8119100509461696,0.9080899490538304,0.0009466182149998
stageb_only,regression,500,16,bonferroni_unadjusted,exhaustive,0.35,0.4,0.5,200,0.995,0.9852245307018026,1.0,0.0009907047300004
stageb_only,regression,500,16,bonferroni_unadjusted,exhaustive,0.35,0.8,0.5,200,1.0,1.0,1.0,0.0009942954449996
stageb_only,regression,500,16,bonferroni_unadjusted,exhaustive,0.5,0.0,0.5,500,0.506,0.4621762232937416,0.5498237767062585,0.000808958758
stageb_only,regression,500,16,bonferroni_unadjusted,exhaustive,0.5,0.2,0.5,200,0.86,0.8119100509461696,0.9080899490538304,0.000932793165
stageb_only,regression,500,16,bonferroni_unadjusted,exhaustive,0.5,0.4,0.5,200,0.995,0.9852245307018026,1.0,0.0009800957299995
stageb_only,regression,500,16,bonferroni_unadjusted,exhaustive,0.5,0.8,0.5,200,1.0,1.0,1.0,0.0009821664450004
stageb_only,regression,500,64,bonferroni_unadjusted,adaptive,0.02,0.0,0.5,500,0.248,0.2101465184269663,0.2858534815730337,0.0035019307099998
stageb_only,regression,500,64,bonferroni_unadjusted,adaptive,0.02,0.2,0.5,200,0.725,0.663116278392456,0.7868837216075439,0.0028802108100001
stageb_only,regression,500,64,bonferroni_unadjusted,adaptive,0.02,0.4,0.5,200,0.995,0.9852245307018026,1.0,0.0018611829550002
stageb_only,regression,500,64,bonferroni_unadjusted,adaptive,0.02,0.8,0.5,200,1.0,1.0,1.0,0.0018735343600002
stageb_only,regression,500,64,bonferroni_unadjusted,adaptive,0.05,0.0,0.5,500,0.334,0.2926589581553633,0.3753410418446367,0.0049014061179998
stageb_only,regression,500,64,bonferroni_unadjusted,adaptive,0.05,0.2,0.5,200,0.78,0.722588391417763,0.8374116085822371,0.0035123115149997
stageb_only,regression,500,64,bonferroni_unadjusted,adaptive,0.05,0.4,0.5,200,0.995,0.9852245307018026,1.0,0.0018633913249999
stageb_only,regression,500,64,bonferroni_unadjusted,adaptive,0.05,0.8,0.5,200,1.0,1.0,1.0,0.0018603639849999
stageb_only,regression,500,64,bonferroni_unadjusted,adaptive,0.1,0.0,0.5,500,0.434,0.3905565657342792,0.4774434342657208,0.0018708890080001
stageb_only,regression,500,64,bonferroni_unadjusted,adaptive,0.1,0.2,0.5,200,0.8,0.7445628283549747,0.8554371716450254,0.0020191578100002
stageb_only,regression,500,64,bonferroni_unadjusted,adaptive,0.1,0.4,0.5,200,0.995,0.9852245307018026,1.0,0.0014764542749998
stageb_only,regression,500,64,bonferroni_unadjusted,adaptive,0.1,0.8,0.5,200,1.0,1.0,1.0,0.0014739277500001
stageb_only,regression,500,64,bonferroni_unadjusted,adaptive,0.2,0.0,0.5,500,0.504,0.4601744701252797,0.5478255298747203,0.001051393206
stageb_only,regression,500,64,bonferroni_unadjusted,adaptive,0.2,0.2,0.5,200,0.855,0.8062013135422683,0.9037986864577316,0.0013148225750001
stageb_only,regression,500,64,bonferroni_unadjusted,adaptive,0.2,0.4,0.5,200,0.995,0.9852245307018026,1.0,0.0013605266350003
stageb_only,regression,500,64,bonferroni_unadjusted,adaptive,0.2,0.8,0.5,200,1.0,1.0,1.0,0.0013654620800002
stageb_only,regression,500,64,bonferroni_unadjusted,adaptive,0.35,0.0,0.5,500,0.51,0.4661818339041899,0.5538181660958101,0.0009993980879999
stageb_only,regression,500,64,bonferroni_unadjusted,adaptive,0.35,0.2,0.5,200,0.865,0.8176395291408541,0.9123604708591458,0.00124368812
stageb_only,regression,500,64,bonferroni_unadjusted,adaptive,0.35,0.4,0.5,200,0.995,0.9852245307018026,1.0,0.0013369571650002
stageb_only,regression,500,64,bonferroni_unadjusted,adaptive,0.35,0.8,0.5,200,1.0,1.0,1.0,0.0013410461300003
stageb_only,regression,500,64,bonferroni_unadjusted,adaptive,0.5,0.0,0.5,500,0.512,0.4681856916156377,0.5558143083843623,0.0009803543980001
stageb_only,regression,500,64,bonferroni_unadjusted,adaptive,0.5,0.2,0.5,200,0.865,0.8176395291408541,0.9123604708591458,0.001230951805
stageb_only,regression,500,64,bonferroni_unadjusted,adaptive,0.5,0.4,0.5,200,0.995,0.9852245307018026,1.0,0.0013279340550002
stageb_only,regression,500,64,bonferroni_unadjusted,adaptive,0.5,0.8,0.5,200,1.0,1.0,1.0,0.0013314920999999
stageb_only,regression,500,64,bonferroni_unadjusted,exhaustive,0.02,0.0,0.5,500,0.248,0.2101465184269663,0.2858534815730337,0.0038282853579999
stageb_only,regression,500,64,bonferroni_unadjusted,exhaustive,0.02,0.2,0.5,200,0.725,0.663116278392456,0.7868837216075439,0.0030225091400001
stageb_only,regression,500,64,bonferroni_unadjusted,exhaustive,0.02,0.4,0.5,200,0.995,0.9852245307018026,1.0,0.0018103693849997
stageb_only,regression,500,64,bonferroni_unadjusted,exhaustive,0.02,0.8,0.5,200,1.0,1.0,1.0,0.0018228821499997
stageb_only,regression,500,64,bonferroni_unadjusted,exhaustive,0.05,0.0,0.5,500,0.334,0.2926589581553633,0.3753410418446367,0.0070424910899998
stageb_only,regression,500,64,bonferroni_unadjusted,exhaustive,0.05,0.2,0.5,200,0.78,0.722588391417763,0.8374116085822371,0.0045459844650002
stageb_only,regression,500,64,bonferroni_unadjusted,exhaustive,0.05,0.4,0.5,200,0.995,0.9852245307018026,1.0,0.0018707020750002
stageb_only,regression,500,64,bonferroni_unadjusted,exhaustive,0.05,0.8,0.5,200,1.0,1.0,1.0,0.0018675651749998
stageb_only,regression,500,64,bonferroni_unadjusted,exhaustive,0.1,0.0,0.5,500,0.434,0.3905565657342792,0.4774434342657208,0.001901305674
stageb_only,regression,500,64,bonferroni_unadjusted,exhaustive,0.1,0.2,0.5,200,0.8,0.7445628283549747,0.8554371716450254,0.0020450607999998
stageb_only,regression,500,64,bonferroni_unadjusted,exhaustive,0.1,0.4,0.5,200,0.995,0.9852245307018026,1.0,0.0014861189449999
stageb_only,regression,500,64,bonferroni_unadjusted,exhaustive,0.1,0.8,0.5,200,1.0,1.0,1.0,0.0014805680349996
stageb_only,regression,500,64,bonferroni_unadjusted,exhaustive,0.2,0.0,0.5,500,0.504,0.4601744701252797,0.5478255298747203,0.0010618736799999
stageb_only,regression,500,64,bonferroni_unadjusted,exhaustive,0.2,0.2,0.5,200,0.855,0.8062013135422683,0.9037986864577316,0.0013289392199999
stageb_only,regression,500,64,bonferroni_unadjusted,exhaustive,0.2,0.4,0.5,200,0.995,0.9852245307018026,1.0,0.0013719559650002
stageb_only,regression,500,64,bonferroni_unadjusted,exhaustive,0.2,0.8,0.5,200,1.0,1.0,1.0,0.0013749530450002
stageb_only,regression,500,64,bonferroni_unadjusted,exhaustive,0.35,0.0,0.5,500,0.51,0.4661818339041899,0.5538181660958101,0.0010110508159998
stageb_only,regression,500,64,bonferroni_unadjusted,exhaustive,0.35,0.2,0.5,200,0.865,0.8176395291408541,0.9123604708591458,0.0012548664899998
stageb_only,regression,500,64,bonferroni_unadjusted,exhaustive,0.35,0.4,0.5,200,0.995,0.9852245307018026,1.0,0.0013490931500001
stageb_only,regression,500,64,bonferroni_unadjusted,exhaustive,0.35,0.8,0.5,200,1.0,1.0,1.0,0.0013518218299998
stageb_only,regression,500,64,bonferroni_unadjusted,exhaustive,0.5,0.0,0.5,500,0.512,0.4681856916156377,0.5558143083843623,0.0009922724759999
stageb_only,regression,500,64,bonferroni_unadjusted,exhaustive,0.5,0.2,0.5,200,0.865,0.8176395291408541,0.9123604708591458,0.0012482751449999
stageb_only,regression,500,64,bonferroni_unadjusted,exhaustive,0.5,0.4,0.5,200,0.995,0.9852245307018026,1.0,0.0013391145650001
stageb_only,regression,500,64,bonferroni_unadjusted,exhaustive,0.5,0.8,0.5,200,1.0,1.0,1.0,0.0013420099450002
stageb_only,regression,500,256,bonferroni_unadjusted,adaptive,0.02,0.0,0.5,500,0.292,0.252145338601363,0.3318546613986369,0.0095463952720001
stageb_only,regression,500,256,bonferroni_unadjusted,adaptive,0.02,0.2,0.5,200,0.76,0.7008092980274774,0.8191907019725226,0.00726290661
stageb_only,regression,500,256,bonferroni_unadjusted,adaptive,0.02,0.4,0.5,200,0.995,0.9852245307018026,1.0,0.0038528323799999
stageb_only,regression,500,256,bonferroni_unadjusted,adaptive,0.02,0.8,0.5,200,1.0,1.0,1.0,0.0038693065999996
stageb_only,regression,500,256,bonferroni_unadjusted,adaptive,0.05,0.0,0.5,500,0.384,0.3413688510499658,0.4266311489500342,0.0125569172340001
stageb_only,regression,500,256,bonferroni_unadjusted,adaptive,0.05,0.2,0.5,200,0.81,0.7556298684938136,0.8643701315061865,0.00755501987
stageb_only,regression,500,256,bonferroni_unadjusted,adaptive,0.05,0.4,0.5,200,0.995,0.9852245307018026,1.0,0.0032237893249998
stageb_only,regression,500,256,bonferroni_unadjusted,adaptive,0.05,0.8,0.5,200,1.0,1.0,1.0,0.0032103212800001
stageb_only,regression,500,256,bonferroni_unadjusted,adaptive,0.1,0.0,0.5,500,0.462,0.4182998231216394,0.5057001768783606,0.0038804598440001
stageb_only,regression,500,256,bonferroni_unadjusted,adaptive,0.1,0.2,0.5,200,0.82,0.766754335387752,0.873245664612248,0.0044053579049995
stageb_only,regression,500,256,bonferroni_unadjusted,adaptive,0.1,0.4,0.5,200,0.995,0.9852245307018026,1.0,0.0028529476649998
stageb_only,regression,500,256,bonferroni_unadjusted,adaptive,0.1,0.8,0.5,200,1.0,1.0,1.0,0.002821399915
stageb_only,regression,500,256,bonferroni_unadjusted,adaptive,0.2,0.0,0.5,500,0.506,0.4621762232937416,0.5498237767062585,0.001839579316
stageb_only,regression,500,256,bonferroni_unadjusted,adaptive,0.2,0.2,0.5,200,0.86,0.8119100509461696,0.9080899490538304,0.0025741699499997
stageb_only,regression,500,256,bonferroni_unadjusted,adaptive,0.2,0.4,0.5,200,0.995,0.9852245307018026,1.0,0.002716005725
stageb_only,regression,500,256,bonferroni_unadjusted,adaptive,0.2,0.8,0.5,200,1.0,1.0,1.0,0.0027232118350002
stageb_only,regression,500,256,bonferroni_unadjusted,adaptive,0.35,0.0,0.5,500,0.512,0.4681856916156377,0.5558143083843623,0.0017126753060001
stageb_only,regression,500,256,bonferroni_unadjusted,adaptive,0.35,0.2,0.5,200,0.865,0.8176395291408541,0.9123604708591458,0.0024211353549998
stageb_only,regression,500,256,bonferroni_unadjusted,adaptive,0.35,0.4,0.5,200,0.995,0.9852245307018026,1.0,0.0026844578200001
stageb_only,regression,500,256,bonferroni_unadjusted,adaptive,0.35,0.8,0.5,200,1.0,1.0,1.0,0.0026936748349999
stageb_only,regression,500,256,bonferroni_unadjusted,adaptive,0.5,0.0,0.5,500,0.512,0.4681856916156377,0.5558143083843623,0.0016901686979999
stageb_only,regression,500,256,bonferroni_unadjusted,adaptive,0.5,0.2,0.5,200,0.865,0.8176395291408541,0.9123604708591458,0.0024074551000001
stageb_only,regression,500,256,bonferroni_unadjusted,adaptive,0.5,0.4,0.5,200,0.995,0.9852245307018026,1.0,0.00266963175
stageb_only,regression,500,256,bonferroni_unadjusted,adaptive,0.5,0.8,0.5,200,1.0,1.0,1.0,0.0026837623950001
stageb_only,regression,500,256,bonferroni_unadjusted,exhaustive,0.02,0.0,0.5,500,0.292,0.252145338601363,0.3318546613986369,0.0106122034099998
stageb_only,regression,500,256,bonferroni_unadjusted,exhaustive,0.02,0.2,0.5,200,0.76,0.7008092980274774,0.8191907019725226,0.0073516154200001
stageb_only,regression,500,256,bonferroni_unadjusted,exhaustive,0.02,0.4,0.5,200,0.995,0.9852245307018026,1.0,0.0037960756500001
stageb_only,regression,500,256,bonferroni_unadjusted,exhaustive,0.02,0.8,0.5,200,1.0,1.0,1.0,0.003819971245
stageb_only,regression,500,256,bonferroni_unadjusted,exhaustive,0.05,0.0,0.5,500,0.384,0.3413688510499658,0.4266311489500342,0.0188058454319998
stageb_only,regression,500,256,bonferroni_unadjusted,exhaustive,0.05,0.2,0.5,200,0.81,0.7556298684938136,0.8643701315061865,0.0102850609500001
stageb_only,regression,500,256,bonferroni_unadjusted,exhaustive,0.05,0.4,0.5,200,0.995,0.9852245307018026,1.0,0.0032377965450001
stageb_only,regression,500,256,bonferroni_unadjusted,exhaustive,0.05,0.8,0.5,200,1.0,1.0,1.0,0.0032190147549999
stageb_only,regression,500,256,bonferroni_unadjusted,exhaustive,0.1,0.0,0.5,500,0.462,0.4182998231216394,0.5057001768783606,0.0039369759439998
stageb_only,regression,500,256,bonferroni_unadjusted,exhaustive,0.1,0.2,0.5,200,0.82,0.766754335387752,0.873245664612248,0.0044547644049998
stageb_only,regression,500,256,bonferroni_unadjusted,exhaustive,0.1,0.4,0.5,200,0.995,0.9852245307018026,1.0,0.0028658695850003
stageb_only,regression,500,256,bonferroni_unadjusted,exhaustive,0.1,0.8,0.5,200,1.0,1.0,1.0,0.00283586038
stageb_only,regression,500,256,bonferroni_unadjusted,exhaustive,0.2,0.0,0.5,500,0.506,0.4621762232937416,0.5498237767062585,0.0018579268819999
stageb_only,regression,500,256,bonferroni_unadjusted,exhaustive,0.2,0.2,0.5,200,0.86,0.8119100509461696,0.9080899490538304,0.0025938823199999
stageb_only,regression,500,256,bonferroni_unadjusted,exhaustive,0.2,0.4,0.5,200,0.995,0.9852245307018026,1.0,0.0027169879050001
stageb_only,regression,500,256,bonferroni_unadjusted,exhaustive,0.2,0.8,0.5,200,1.0,1.0,1.0,0.00272925321
stageb_only,regression,500,256,bonferroni_unadjusted,exhaustive,0.35,0.0,0.5,500,0.512,0.4681856916156377,0.5558143083843623,0.001720812038
stageb_only,regression,500,256,bonferroni_unadjusted,exhaustive,0.35,0.2,0.5,200,0.865,0.8176395291408541,0.9123604708591458,0.0024327039749999
stageb_only,regression,500,256,bonferroni_unadjusted,exhaustive,0.35,0.4,0.5,200,0.995,0.9852245307018026,1.0,0.0026971354399995
stageb_only,regression,500,256,bonferroni_unadjusted,exhaustive,0.35,0.8,0.5,200,1.0,1.0,1.0,0.0027094227349999
stageb_only,regression,500,256,bonferroni_unadjusted,exhaustive,0.5,0.0,0.5,500,0.512,0.4681856916156377,0.5558143083843623,0.0017009942880001
stageb_only,regression,500,256,bonferroni_unadjusted,exhaustive,0.5,0.2,0.5,200,0.865,0.8176395291408541,0.9123604708591458,0.0024267139099998
stageb_only,regression,500,256,bonferroni_unadjusted,exhaustive,0.5,0.4,0.5,200,0.995,0.9852245307018026,1.0,0.0027003034699998
stageb_only,regression,500,256,bonferroni_unadjusted,exhaustive,0.5,0.8,0.5,200,1.0,1.0,1.0,0.0027075966400002
