task,comparison_point,n_dataset_downstream_cells,mean_std,median_std,mean_range,median_range
classification,k100,42,0.057451255389558635,0.05585986009470241,0.18299237723934225,0.17853030303030304
classification,endpoint,42,0.010146675642798744,0.004250848732634673,0.03929514138583232,0.016477777777777813
regression,k100,18,0.5166716728783771,0.10029497516362308,1.883419025700996,0.3994239050974355
regression,endpoint,18,0.38622369164706716,0.11784968464206119,1.5448947665883068,0.4713987385682448
