factor,pct_variance
dataset,50.6230795677003
k,7.314953437020849
method_base,4.4971408197610385
seed,0.002440711049294432
downstream_model,0.0
